repository_id,full_name,html_url,flag_reasons,topics,description
2855791,sivaprasadreddy/sivalabs-blog-samples-code,https://github.com/sivaprasadreddy/sivalabs-blog-samples-code,flag:name:sample; flag:name:samples,docker; java; javascript; spring; spring-boot,Code samples for my blog posts on https://sivalabs.in
9396682,spring-guides/gs-rest-service,https://github.com/spring-guides/gs-rest-service,flag:description:how to,spring-boot,Building a RESTful Web Service :: Learn how to create a RESTful web service with Spring.
12872240,ralscha/spring4ws-demos,https://github.com/ralscha/spring4ws-demos,flag:name:demo,java; spring; spring-boot; spring-framework; spring-mvc; websocket,WebSocket examples with Spring 4
27070013,conorheffron/cron-job-sample,https://github.com/conorheffron/cron-job-sample,flag:name:sample,cron; cronjob-scheduler; job-scheduler; spring-boot; spring-boot-4,Sample Cron job using Spring annotations
25172969,cesardl/addressbook-sample-webapp,https://github.com/cesardl/addressbook-sample-webapp,flag:name:sample,java; maven; mysql; spring-boot; thymeleaf,Demo project with JSF Framework
46230914,g00glen00b/spring-samples,https://github.com/g00glen00b/spring-samples,flag:name:sample; flag:name:samples,spring; spring-boot; spring-cloud; spring-cloud-netflix; spring-security,A series of examples used to demonstrate certain features of Spring.
41420623,jkazama/sample-boot-jpa,https://github.com/jkazama/sample-boot-jpa,flag:name:sample,ddd; devcontainer; gradle; java; jpa; spring-boot; spring-security,Spring Boot + JPA [ Evans DDD Sample ]
46798744,raonigabriel/spring-qrcode-example,https://github.com/raonigabriel/spring-qrcode-example,flag:name:example,java; microservice; qrcode; spring-boot; zxing,"Demonstrates some of the capabilities of the Spring Boot framework through a small, simple example."
31264621,azizunsal/SpringBoot-BoneCP-PooledDataSource,https://github.com/azizunsal/SpringBoot-BoneCP-PooledDataSource,flag:description:how to,bonecp; connection-pool; hikaricp; java; spring-boot; spring-boot-application,Demonstrates how to set up a connection pool with BoneCP in a SpringBoot application.
47102376,jonashackt/restexamples,https://github.com/jonashackt/restexamples,flag:name:example; flag:name:examples,gitlab-ci; rest; spring-boot,Playing around with Spring Boot and REST
36982605,platan/handlebars-spring-boot-starter-example,https://github.com/platan/handlebars-spring-boot-starter-example,flag:name:example,handlebars; handlebars-spring-boot-starter; spring-boot; spring-boot-starter,Example showing Spring Boot auto-configuration for Handlebars
44186202,vpavic/spring-boot-hazelcast-sample,https://github.com/vpavic/spring-boot-hazelcast-sample,flag:name:sample,hazelcast; sample; spring-boot,Spring Boot Hazelcast Sample
44167164,RobertJGabriel/Java-Examples,https://github.com/RobertJGabriel/Java-Examples,flag:name:example; flag:name:examples; flag:description:course,college-project; java; maven; spring; spring-boot; spring-jdbc,"Spring Boot and Spring JDBC examples from coursework and side experiments, including an artist and art-movement data model."
72907253,ityouknow/spring-boot-examples,https://github.com/ityouknow/spring-boot-examples,flag:name:example; flag:name:examples,docker; docker-composer; fastdfs; java; mongodb; mybatis; rabbitmq; scheduler; spring; spring-boot; spring-boot-examples; spring-boot-mail; spring-boot-mongodb; spring-boot-upload-file; spring-cloud; spring-data-jpa; springboot; springboot-shiro; springcloud; thymeleaf,about learning Spring Boot via examples. Spring Boot 教程、技术栈示例代码，快速简单上手教程。 
66179765,dyc87112/SpringBoot-Learning,https://github.com/dyc87112/SpringBoot-Learning,flag:name:learning,dubbo; jdbctemplate; log4j; mybatis; redis; spring-boot; spring-cloud; spring-data-jpa,《Spring Boot基础教程》，2.x版本持续连载中！点击下方链接直达教程目录！
72082404,binarywang/weixin-java-mp-demo,https://github.com/binarywang/weixin-java-mp-demo,flag:name:demo,demo-spring-boot; java; spring-boot; wechat; weixin,基于Spring Boot 和 WxJava 实现的微信公众号Java后端Demo，支持多公众号
65829809,spring-projects/spring-tools,https://github.com/spring-projects/spring-tools,flag:description:course,eclipse; spring; spring-boot; sts4; theia; visual-studio-code; vscode-extension,"The next generation of tooling for Spring Boot, including support for Cloud Foundry manifest files, Concourse CI pipeline definitions, BOSH deployment manifests, and more... - Available for Visual Studio Code, Cursor, Eclipse, and Theia"
72743098,heowc/SpringBootSample,https://github.com/heowc/SpringBootSample,flag:name:sample,spring; spring-batch; spring-boot; spring-data; spring-security; spring-statemachine,spring boot sample source 
73756474,jcalvopinam/example-envers,https://github.com/jcalvopinam/example-envers,flag:name:example,audit-table; auditory-tables; envers; hibernate-envers; java; spring-boot; spring-data-jpa,Auditing with Hibernate Envers and Spring Data JPA
60749836,davidkey/DynamicJasperExample,https://github.com/davidkey/DynamicJasperExample,flag:name:example,dynamicjasper; jasper; jasperreports; spring-boot; springboot; springboot2,Short example of a dynamic JasperReport rendered as pdf / xlsx by Spring Boot application.
72189499,TFdream/spring-boot-tutorials,https://github.com/TFdream/spring-boot-tutorials,flag:name:tutorial; flag:description:tutorial,mybatis; rabbitmq; redis; spring-boot; swagger,Spring Boot Tutorials.
61468080,Nasruddin/spring-boot-samples,https://github.com/Nasruddin/spring-boot-samples,flag:name:sample; flag:name:samples,blog; docker; elasticsearch; jersey; jpa; jwt; mysql; redis; redis-session; rxjava; spring; spring-boot; spring-boot2; spring-data; spring-reactive; spring-reactor; swagger; vaadin,WIP - Updating to Spring boot 2.0
68984519,vacax/spring-boot-demo,https://github.com/vacax/spring-boot-demo,flag:name:demo,gradle; java; spring-boot,Proyecto Demostración Spring Boot
62384709,spearheadOne/SpringDemo,https://github.com/spearheadOne/SpringDemo,flag:name:demo,spring; spring-boot; spring-cloud; spring-data-jpa; spring-mvc,Big Spring demo.
59165262,helmedeiros/spring-logback-example,https://github.com/helmedeiros/spring-logback-example,flag:name:example,example; gradle; java; logback; logging; spring-boot,A minimal Spring Boot application configured with Logback logging.
70336962,clemstoquart/spring-boot-sample,https://github.com/clemstoquart/spring-boot-sample,flag:name:sample,java; spring-boot,Simple Spring Boot app designed for training purpose
77821491,in28minutes/SpringBootForBeginners,https://github.com/in28minutes/SpringBootForBeginners,flag:description:tutorial,spring-boot; spring-configuration; spring-data-jpa; spring-initializr; spring-security,Spring Boot Tutorial For Beginners
83952391,binarywang/weixin-java-cp-demo,https://github.com/binarywang/weixin-java-cp-demo,flag:name:demo,spring-boot; wechat; wechat-sdk; weixin,基于Spring Boot 和 WxJava 实现的微信企业号/企业微信 后端Demo
81792983,kousen/spring-and-spring-boot,https://github.com/kousen/spring-and-spring-boot,flag:description:course,java; spring; spring-boot,Lab solutions for Spring and Spring Boot course
81929768,keveon/spring-data-jpa-demo,https://github.com/keveon/spring-data-jpa-demo,flag:name:demo,jpa; lombok; spring-boot; spring-data-jpa,"这是一个 Spring Data JPA 的 demo, 旨在演示大部分常用的使用方法。"
81299765,yidongnan/spring-boot-grpc-example,https://github.com/yidongnan/spring-boot-grpc-example,flag:name:example,grpc; spring-boot; spring-boot-grpc,spring-boot-grpc-example
81876394,piomin/sample-spring-reactive,https://github.com/piomin/sample-spring-reactive,flag:name:sample,mongodb; reactive; reactive-programming; reactor; spring; spring-boot; spring-boot-2; spring-data-mongodb; spring-framework-5; spring-webflux,"Sample reactive microservices using spring 5, spring boot, spring webflux, project reactor and Mongo database"
83529184,piomin/sample-camel-spring-boot,https://github.com/piomin/sample-camel-spring-boot,flag:name:sample,apache-camel; api-gateway; circuit-breaker; consul; eip; fallback; hystrix; inter-service-communication; load-balancer; spring-boot,"three samples in different branches that illustrates usage of apache camel as microservice framework providing integration with consul, hystrix, ribbon and other tools"
81716065,piomin/sample-spring-cloud-stream,https://github.com/piomin/sample-spring-cloud-stream,flag:name:sample,message-broker; messaging; messaging-services; microservices; rabbitmq; spring-boot; spring-cloud; spring-cloud-sleuth; spring-cloud-stream,"sample microservices communicating asynchronously using spring cloud stream, rabbitmq"
81089456,piomin/sample-docker-microservice,https://github.com/piomin/sample-docker-microservice,flag:name:sample,quarkus; spring-boot,Two similar Spring Boot and Quarkus web-based apps for performance comparison
82417863,rkaneko/spring-boot-rest-api-example,https://github.com/rkaneko/spring-boot-rest-api-example,flag:name:example,examples; java; mysql; rest-api; spring-boot; spring-session,Implement REST APIs using Spring Boot and Spring Session.
80737608,piomin/sample-amqp-logging,https://github.com/piomin/sample-amqp-logging,flag:name:sample,amqp; amqp-client; appender; elastic-stack; elasticsearch; elk; kibana; logstash; microservices; rabbitmq; spring-boot,sample spring boot application that ships logs to logstash via rabbitmq amqp message broker
86232187,hendisantika/spring-boot-file-upload-example,https://github.com/hendisantika/spring-boot-file-upload-example,flag:name:example,java; spring-boot; thymeleaf; thymeleaf-template-engine; tomcat; upload,Spring Boot file upload example
83683008,snowdrop/health-check-example,https://github.com/snowdrop/health-check-example,flag:name:example,booster; example; health-check; kubernetes; openshift; rhoar; spring-boot,Quickstart to demonstrate OpenShift health probes working with Spring Boot Actuator
85594246,snowdrop/crud-example,https://github.com/snowdrop/crud-example,flag:name:example,booster; crud; example; kubernetes; openshift; rhoar; spring-boot,Spring Boot HTTP CRUD Booster
79563990,snowdrop/configmap-example,https://github.com/snowdrop/configmap-example,flag:name:example,booster; example; kubernetes; openshift; rhoar; spring-boot,Quickstart to expose a REST Greeting endpoint using Spring Boot where the message is defined as a Kubernetes Config Map property
81830677,qct/spring-boot-examples,https://github.com/qct/spring-boot-examples,flag:name:example; flag:name:examples; flag:description:how to,data-jpa; flyway; jacoco; jaxrs; kafka; mybatis; oauth2; profile; rabbitmq; restful; rocketmq; spring-boot; spring-boot-examples; state-machine; swagger,"demonstrate spring boot features, showing how to."
82515446,rdlopes/custom-jpa-demo,https://github.com/rdlopes/custom-jpa-demo,flag:name:demo,spring-boot; spring-data-jpa,Demo for custom JPA repository with a common repository implementation and a starter pom
85964165,ONSdigital/rm-sample-service,https://github.com/ONSdigital/rm-sample-service,flag:name:sample,gov; java; microservices; response-management; spring-boot,This microservice manages the survey sample.
83474244,kodtodya/spring-boot-examples,https://github.com/kodtodya/spring-boot-examples,flag:name:example; flag:name:examples,artemis; java-8; rest-client; spring-boot,Spring Boot Examples to illustrate the concepts
79807895,lihuagang03/spring-guides,https://github.com/lihuagang03/spring-guides,flag:description:tutorial,spring-boot; spring-cloud; spring-guides; spring-tutorial,Practice Spring Guides and Tutorials! 实践Spring入门指南和教程！
89000808,forezp/SpringBootLearning,https://github.com/forezp/SpringBootLearning,flag:name:learning,apidocs; cache; docker; mongodb; mybatis; rabbitmq; redis; spring-boot; springboot-redis; springcloud; swagger,《Spring Boot教程》源码
91324844,hantsy/spring-microservice-sample,https://github.com/hantsy/spring-microservice-sample,flag:name:sample,docker; docker-machine; docker-swarm; docker-toolbox; microservice; ngnix; rest; spring; spring-boot; spring-data-jpa; spring-data-redis; spring-security; spring-session,Spring Boot based Mircoservice sample
87855411,piomin/sample-spring-microservices-advanced,https://github.com/piomin/sample-spring-microservices-advanced,flag:name:sample,api-gateway; hoverfly; microservices; mongodb; spring-boot; spring-cloud; spring-cloud-config; spring-cloud-contract; swagger2; testing; zuul,"More advanced samples of spring boot and spring cloud microservices showing usage of such tools like api Swagger2 on Zuul, integraction with MongoDB, configuration server, testing with Spring Cloud Contract or Hoverfly"
89575316,piomin/sample-hazelcast-spring-datagrid,https://github.com/piomin/sample-hazelcast-spring-datagrid,flag:name:sample,caching; data-grid; hazelcast; hibernate; jpa-caching; kubernetes; minikube; mysql; spring-boot; spring-data-hazelcast; spring-data-jpa; striim-cluster,"sample spring-boot applications integrated with hazelcast imdg, and providing hot cache with hazelcast and striim "
88772379,mzimecki/MySpringBootCamelExample,https://github.com/mzimecki/MySpringBootCamelExample,flag:name:example,camel; camel-route; spring-boot; webservice,Example of Spring Boot web service with Apache Camel
93703374,ITHit/WebDAVServerSamplesJava,https://github.com/ITHit/WebDAVServerSamplesJava,flag:name:sample; flag:name:samples,amazon-s3; java; kotlin; ms-ofba; oracle; samples; server; spring; spring-boot; springboot; sql; webdav,WebDAV server examples in Java based on IT Hit WebDAV Server Library for Java
93274182,piomin/sample-microservices-protobuf,https://github.com/piomin/sample-microservices-protobuf,flag:name:sample,exposing-microservices; http; performance; protocol-buffers; rest-api; rest-protocol-buffers; spring-boot,creating microservices with rest http api exposed over google protocol buffer on spirng-boot 
93896351,piomin/sample-jasperreport-boot,https://github.com/piomin/sample-jasperreport-boot,flag:name:sample; flag:description:how to,jasperreports; java; pdf; pdf-files; pdf-generation; performance; spring-boot,sample application that show how to generate large pdf files using spring-boot with jasperreports
95023873,hantsy/spring-cloud-sample,https://github.com/hantsy/spring-cloud-sample,flag:name:sample,microservice; rest; spring-boot; spring-cloud; spring-cloud-netflix,Wires up Microservice with Spring Cloud
93952809,gabo-gil-dev/SampleUnitTests,https://github.com/gabo-gil-dev/SampleUnitTests,flag:name:sample,easymock; h2-database; java; mockito; samples; spring-boot; tdd; unit-testing; unittestcase,Some ideas and samples about unit testing using the different tools given by Spring Boot Test dependency. For me and my team they are so useful when we write and run the Unit Test for medium or high complexity classes.
93277909,hemantsonu20/api-gateway-sample,https://github.com/hemantsonu20/api-gateway-sample,flag:name:sample,java; spring-boot; swagger; swagger-ui; zuul,A simple micro services architecture with api gateway implementation
93638170,gabo-gil-dev/SpringBootWithJerseyApp,https://github.com/gabo-gil-dev/SpringBootWithJerseyApp,flag:description:how to,easymock; java; jersey; maven; mockito; restful; service; spring-boot; web; webservice,Little example about how to configure and test (with Mockito and EasyMock) a Jersey Restful end-point in a Spring Boot Application
94906884,gabo-gil-dev/SampleDBSecureStatements,https://github.com/gabo-gil-dev/SampleDBSecureStatements,flag:name:sample; flag:description:how to,java; prepared-statements; secure; security; spring-boot; sql,JAVA Spring Boot sample about how to use parameters in SQL Prepared Statements is a good practice for performance reasons but also is good way to improve the security of your application
98204210,hantsy/spring-reactive-sample,https://github.com/hantsy/spring-reactive-sample,flag:name:sample,kotlin; reactive-streams; reactor; rxjava; rxjava2; rxjava3; spring; spring-boot; spring-data; spring-data-cassandra; spring-data-couchbase; spring-data-elasticsearch; spring-data-mongodb-reactive; spring-data-neo4j; spring-data-r2dbc; spring-data-redis; spring-security; spring-session; spring-webflux,Spring Reactive playground
98206782,miyabayt/spring-boot-doma2-sample,https://github.com/miyabayt/spring-boot-doma2-sample,flag:name:sample,adminlte; doma2; spring-boot; thymeleaf,
96963912,ramsrib/multi-tenant-app-demo,https://github.com/ramsrib/multi-tenant-app-demo,flag:name:demo,demo; discriminator; hibernate; multi-tenant; spring-boot,Demonstrates the discriminator field (shared schema) based multi-tenant application using Spring Boot & Hibernate 5.
98192938,marcopaga/spring-cloud-netflix-demo,https://github.com/marcopaga/spring-cloud-netflix-demo,flag:name:demo,demo; docker; docker-compose; docker-compse; eureka; helm-chart; kubernetes; kubernetes-cluster; kubernetes-deployment; netflix; ribbon; sleuth; spring-boot; spring-cloud; zipkin; zuul,"Spring cloud Demo Project with Zuul, Eureka, Config Server, Ribbon, Sleuth & Zipkin"
98709934,hengyunabc/spring-boot-fat-jar-jsp-sample,https://github.com/hengyunabc/spring-boot-fat-jar-jsp-sample,flag:name:sample,spring; spring-boot; tomcat,
96580012,piomin/sample-spring-graphite,https://github.com/piomin/sample-spring-graphite,flag:name:sample,grafana; influxdb; metrics; slack; spring-boot; spring-boot-actuator,"generating and exporting metrics from spring-boot application to influxdb, visualizing them in grafana and sending notifications to slack"
100295796,ralscha/wamp2spring-demo,https://github.com/ralscha/wamp2spring-demo,flag:name:demo,demos; examples; spring; spring-boot; wamp; wamp-protocol; wamp-router; websocket,Example projects with the wamp2spring library
96413042,CleverCloud/springboot-mongo-example,https://github.com/CleverCloud/springboot-mongo-example,flag:name:example,clevercloud-example; mongodb; spring-boot,Run Spring Boot with MongoDB on Clever Cloud
100174955,sunkuet02/spring-sample-projects,https://github.com/sunkuet02/spring-sample-projects,flag:name:sample,spring-boot; spring-boot-samples; spring-data,
103118188,jonashackt/spring-boot-vuejs,https://github.com/jonashackt/spring-boot-vuejs,flag:description:how to,axios; backend; docker; frontend; heroku; jest; nightwatch; rest-api; rest-backend; spring-boot; vue; vue-cli; vue-cli-3; vue-cli-plugin; vue-frontend; vuejs; vuejs2; webpack,Example project showing how to build a Spring Boot App providing a GUI with Vue.js
101670294,gothinkster/spring-boot-realworld-example-app,https://github.com/gothinkster/spring-boot-realworld-example-app,flag:name:example,mybatis; realworld; spring-boot,"Example Spring codebase containing real world examples (CRUD, auth, advanced patterns, etc) that adheres to the RealWorld API spec."
103168870,wiremock/wiremock-cloud-demo-app,https://github.com/wiremock/wiremock-cloud-demo-app,flag:name:demo,login; mocklab; oauth; oauth2; openid-connect; spring-boot,MockLab demo Java app based on Spring Boot
103932776,eis/spring-boot-security-example,https://github.com/eis/spring-boot-security-example,flag:name:example,java11; java8; spring-boot,
101189504,jybjobs/springboot-demo,https://github.com/jybjobs/springboot-demo,flag:name:demo,cache; jmeter; jvm-sandbox; redis; spring-boot; springboot,springboot demo
110211147,xkcoding/spring-boot-demo,https://github.com/xkcoding/spring-boot-demo,flag:name:demo,demo; in-action; java; spring; spring-boot; spring-boot-2; spring-boot-demo; web; xkcoding,🚀一个用来深入学习并实战 Spring Boot 的项目。
110079416,jonashackt/spring-boot-rest-clientcertificate,https://github.com/jonashackt/spring-boot-rest-clientcertificate,flag:description:how to,client-certificate; crt; java-keystore; jks; key; resttemplate-configuration; spring-boot; spring-resttemplate; truststore,"Example project showing how to provide a Spring Boot App that serves a secured REST endpoint, that is called with Spring´s RestTemplate configured to use client authentification with a client certificate"
110536162,easy-4-java/spring-boot-starter-samples,https://github.com/easy-4-java/spring-boot-starter-samples,flag:name:sample; flag:name:samples,easy4j; java; maven; spring-boot; spring-boot-starter,Spring Boot Starter Samples
111017293,tomdesair/tus-java-server-spring-demo,https://github.com/tomdesair/tus-java-server-spring-demo,flag:name:demo,file-upload; java; resumable; resumable-upload; spring; spring-boot; tus; tus-protocol; uppy,Tus Java server demo with asynchronous and resumable file uploads in Spring Boot
107463986,piomin/sample-envoy-proxy,https://github.com/piomin/sample-envoy-proxy,flag:name:sample,envoy; inter-service-communication; microservices; proxy; routing; service-discovery; spring-boot; zipkin,custom implementation of service discovery with envoy and inter-service communication for spring-boot applications
109949647,piomin/sample-ignite-jpa,https://github.com/piomin/sample-ignite-jpa,flag:name:sample; flag:description:how to,apache-ignite; clustering; data-grid; ignite; in-memory-database; kubernetes; spring-boot; spring-data-ignite; spring-data-jpa,"set of sample applications in different branches that show how to use spring-boot toghether with spring-data-ignite in order to integrate an application with single standalone Apache Ignite instance, and cluster of instances"
105704160,piomin/sample-spring-boot-web,https://github.com/piomin/sample-spring-boot-web,flag:name:sample,mongodb; rest-api; rest-api-documentation; spring-boot; spring-data-jpa; spring-data-mongo; spring-web; springfox-swagger2; swagger2,"sample spring boot microservices with spring web, database backend (mongo), api auto documentation (swagger2)"
107961419,Pooky/java-enterprise-examples,https://github.com/Pooky/java-enterprise-examples,flag:name:example; flag:name:examples,java; java-enterprise; javaee; mockito; persistance; servlet; spring; spring-boot; wiki,Java EE programing patterns
110245149,juhahinkula/CarRestService,https://github.com/juhahinkula/CarRestService,flag:description:course,rest; spring; spring-boot,Restful API for front end course
106432629,suru33/java-spring-security-examples,https://github.com/suru33/java-spring-security-examples,flag:name:example; flag:name:examples,code-samples; java; spring-boot; spring-security,Spring Security Samples
109601899,suru33/java-spring-batch-examples,https://github.com/suru33/java-spring-batch-examples,flag:name:example; flag:name:examples,code-samples; java; spring-batch; spring-boot,Spring Batch Samples
112953040,Romeh/spring-boot-sample-app,https://github.com/Romeh/spring-boot-sample-app,flag:name:sample,cucumber; java8; jenkins-pipeline; jpa; logback; lombok; maven; rest-api; spring-aop; spring-boot; spring-cloud-config; spring-retry; springboot-sample; springboot2; springbootdemo; swagger; swagger2,Sample app generated from my spring boot archtype on :https://github.com/Romeh/spring-boot-quickstart-archtype
112096298,alexmanrique/spring-boot-application-example,https://github.com/alexmanrique/spring-boot-application-example,flag:name:example,java8; jpa; maven; spring-boot; spring-jpa,Spring boot example application written in Java 
112958110,ashutoshsahoo/spring-boot-kubernetes-mysql,https://github.com/ashutoshsahoo/spring-boot-kubernetes-mysql,flag:description:how to,dockerfile; gradle; java; kubernetes; mysql; mysql-database; mysql-replication; palantir-docker; pvc; sonar; sonarqube; sonarqube-gradle-plugin; sonarqube-plugin; spring; spring-boot; spring-boot-3; spring-boot-kubernetes,"A production-style reference implementation demonstrating how to deploy a Spring Boot application with MySQL on Kubernetes, including containerization, Kubernetes deployments, persistent storage, secrets management, and service-to-database connectivity."
113969913,jonashackt/spring-boot-rest-clientcertificates-docker-compose,https://github.com/jonashackt/spring-boot-rest-clientcertificates-docker-compose,flag:description:how to,certificate-signing-request; client-certificate; docker; docker-compose; integration-test; java-keystore; jks; rest-template; spring-boot; ssl-certificates; testcontainers; truststore,"Example project showing how to access REST endpoints from multiple servers that are secured by different client certificates, using Spring´s RestTemplate & Docker Compose"
113974389,hantsy/spring-reactive-microservice-sample,https://github.com/hantsy/spring-reactive-microservice-sample,flag:name:sample,cassandra; gateway; microservice; mongodb; reactive; reactor; reids; spring-boot; spring-webflux,Spring Microservice Demo built with Spring 5 newly introduced Reactive stack
113030324,LorenzoBettini/demo-spring-testing,https://github.com/LorenzoBettini/demo-spring-testing,flag:name:demo,spring-boot; spring-test,
114034336,mbacallado/spring-framework-example,https://github.com/mbacallado/spring-framework-example,flag:name:example,backend-development; gradle; java; learning-project; mariadb; rest-api; spring-boot; spring-security; thymeleaf,"Complete example of a Spring Boot web app with REST API, JPA, Thymeleaf, and Spring Security. Built for backend learning and prototyping."
116064241,piomin/sample-spring-cloud-consul,https://github.com/piomin/sample-spring-cloud-consul,flag:name:sample,consul; consul-kv-store; microservices; spring-boot; spring-cloud; spring-cloud-consul; spring-cloud-gateway,Spring Boot applications/microservices demo using Consul discovery & config 
119544686,piomin/sample-spring-cloud-security,https://github.com/piomin/sample-spring-cloud-security,flag:name:sample; flag:description:how to,microservices; oauth2; spring-boot; spring-cloud; spring-security; spring-webflux; ssl; x509certificates,Demo project illustrating how to configure security for Spring Boot microservices 
117534568,piomin/sample-spring-cloud-testing,https://github.com/piomin/sample-spring-cloud-testing,flag:name:sample,contract-testing; gatling; hoverfly; microservices; microservices-testing; pact; pact-jvm; spring-boot; spring-boot-test; spring-cloud; spring-cloud-contract,"sample spring boot application illustratig usage of such test frameworks like spring boot test, gatling, spring cloud contract, pact, mockito, hoverfly"
118123264,piomin/sample-spring-cloud-messaging,https://github.com/piomin/sample-spring-cloud-messaging,flag:name:sample,messaging; rabbitmq; spring-boot; spring-cloud; spring-cloud-stream; spring-cloud-stream-rabbitmq,Demo for presenting Spring Cloud Stream and RabbitMQ 
116245755,piomin/sample-spring-cloud-zookeeper,https://github.com/piomin/sample-spring-cloud-zookeeper,flag:name:sample,microservices; spring-boot; spring-cloud; spring-cloud-zookeeper; zookeeper,Spring Boot applications/microservices demo using Zookeeper discovery & config
115940506,springhow/spring-boot-war-example,https://github.com/springhow/spring-boot-war-example,flag:name:example,spring-boot; war,Example project to build a WAR file out of a standard spring-boot project
119531237,entur/ukur-demo,https://github.com/entur/ukur-demo,flag:name:demo,java-11; push-notifications; ror; spring-boot; ukur,Demo web application for Ukur
116227093,pplmx/LearningSpringCloud,https://github.com/pplmx/LearningSpringCloud,flag:name:learning,spring; spring-boot; spring-cloud,learn spring cloud
121131254,netbuffer/spring-cloud-demo,https://github.com/netbuffer/spring-cloud-demo,flag:name:demo,feign; feign-client; hystrix; java; java8; javascript; lambda; microservice; ribbon; service; spring; spring-boot; spring-cloud; spring-cloud-eureka; spring-data; spring-framework; spring-mvc; zuul,spring-cloud-demo SpringCloud  Microservice technology test  discovery&service provider&rpc&restful api...（zuul api gateway / ribbon / eureka / feign / hystrix / config server / zipkin）
121116100,hiejulia/tutor-finding,https://github.com/hiejulia/tutor-finding,flag:description:course,hibernate; mysql; restful-api; spring-boot; spring-security,Studen searching for tutors for helping with courses at university
125895633,eventuate-tram/eventuate-tram-examples-customers-and-orders,https://github.com/eventuate-tram/eventuate-tram-examples-customers-and-orders,flag:name:example; flag:name:examples,eventual-consistency; java; microservice-architecture; microservices; sagas; spring-boot,An example of Choreography-based sagas in Spring Boot/JPA microservices
124252070,monodot/camel-demos,https://github.com/monodot/camel-demos,flag:name:demo,apache-camel; camel; demo; learning; spring-boot,"🐪🐪 Demonstrations of various features of Apache Camel, mostly accompanied by unit tests, for your delight."
127148724,vijjayy81/spring-boot-jpa-rest-demo-filter-paging-sorting,https://github.com/vijjayy81/spring-boot-jpa-rest-demo-filter-paging-sorting,flag:name:demo,filter; filter-pagination-sorting; filtering; pagination; sort; sorting; spring; spring-boot; spring-data; spring-data-jpa; spring-mvc,"Spring Boot Data JPA with Filter, Pagination and Sorting "
125065067,jonashackt/traefik-cache-nginx-spring-boot,https://github.com/jonashackt/traefik-cache-nginx-spring-boot,flag:description:how to,caching; docker-compose-rule; docker-network; nginx; rest-template; spring-boot; traefik,Example project showing how to use Nginx as a simple cache for Traefik - incl. a Spring Boot client and server
121763743,piomin/sample-api-versioning,https://github.com/piomin/sample-api-versioning,flag:name:sample,api; api-documentation; api-versioning; rest-api; spring-boot; spring-mvc; springfox-swagger; swagger; swagger-ui; swagger2,sample spring-boot application that uses different aproaches to api versioning and integrates with swagger2 via springfox library
124215462,tomconn/camunda-batch-example,https://github.com/tomconn/camunda-batch-example,flag:name:example,batch; batch-processing; bpmn; camunda; docker-compose; spring-boot,Example of using Camunda batch extension. See https://github.com/camunda/camunda-bpm-custom-batch
126332103,snowdrop/istio-distributed-tracing-example,https://github.com/snowdrop/istio-distributed-tracing-example,flag:name:example,booster; distributed-tracing; example; istio; jaegertracing; kubernetes; openshift; opentracing; rhoar; spring-boot,A booster demonstrating Istio Distributed Tracing functionality
124222334,humank/spring-petclinic,https://github.com/humank/spring-petclinic,flag:description:how to,api-gateway; aws; java-container-wrapper; lambda; spark; spring-boot,Demonstrate how to migrate Java EE legacy architecture to AWS Serverless architecture by java-container-wrapper
127212690,joelbarmettlerUZH/Spring_Boot_Demo,https://github.com/joelbarmettlerUZH/Spring_Boot_Demo,flag:name:demo; flag:description:how to,boot; introduction; lambda-expressions; spring; spring-boot; test,How to build a simple RESTapi with Java Spring Boot from scratch
124974552,josdem/spring-boot-validation,https://github.com/josdem/spring-boot-validation,flag:description:how to,gradle; java; spring-boot; thymeleaf,Shows how to use custom validations in a Spring Boot application
126769782,katalon-studio/sample-web-service-aut,https://github.com/katalon-studio/sample-web-service-aut,flag:name:sample,java; sample; spring-boot,Sample application for trying API testing tools
126146745,piomin/sample-eclipselink-jpa,https://github.com/piomin/sample-eclipselink-jpa,flag:name:sample; flag:description:how to,cache; continuous-queries; database-changes; eclipselink; jpa; oracle; spring-boot,sample illustrating how to use hot cache jpa with eclipse link framework and oracle continuous query notification
123514442,ppaternostro/spring-boot-example,https://github.com/ppaternostro/spring-boot-example,flag:name:example,example-spring; h2-database; java; jpa-persistence-applications; maven; rest; spring-boot; spring-data-jpa,A Spring Boot example application.
123502568,codekooking/microservices-springboot-angularjs,https://github.com/codekooking/microservices-springboot-angularjs,flag:description:how to,amqp; angularjs; hal-browser; microservice; netflix-eureka; netflix-hystrix; netflix-ribbon; netflix-zuul; rabbitmq; sleuth; spring-boot; spring-cloud; spring-cloud-config,Learn how to create awesome Micro-services and RESTful web-services Spring Boot and AngularJS
121799453,gdem/tour-of-heroes,https://github.com/gdem/tour-of-heroes,flag:description:tutorial,openshift; spring-boot; spring-data-jpa; spring-hateoas,The Tour of Heroes tutorial covers the fundamentals of Spring Boot.
130051471,piomin/sample-spring-microservices-new,https://github.com/piomin/sample-spring-microservices-new,flag:name:sample,eureka; feign; microservices; netty; ribbon; service-discovery; spring-boot; spring-boot-2; spring-boot-3; spring-cloud; spring-cloud-config; spring-cloud-gateway; spring-cloud-netflix; spring-cloud-sleuth; swagger2; zuul,"Demo for Spring Boot and Spring Cloud microservices with distributed configuration (Spring Cloud Config), service discovery (Eureka), API gateway (Spring Cloud Gateway, Zuul), Swagger/OpenAPI documentation (Springdoc), logs correlation using Spring Cloud Sleuth/Micrometer OTEL and many more"
130998506,hantsy/spring-webmvc-jwt-sample,https://github.com/hantsy/spring-webmvc-jwt-sample,flag:name:sample,jwt; spring; spring-boot; spring-data-jpa; spring-data-rest; spring-security,Secures REST APIs with Spring Security and JWT Token based Authentication
128960270,javadevjournal/javadevjournal,https://github.com/javadevjournal/javadevjournal,flag:description:tutorial,java; maven; rest; rest-api; spring-boot; spring-cloud; spring-core; spring-data-jpa; spring-mvc; spring-security,Source code for the tutorials published on the Javadevjournal site.
131582244,callicoder/spring-boot-postgresql-jpa-hibernate-rest-api-demo,https://github.com/callicoder/spring-boot-postgresql-jpa-hibernate-rest-api-demo,flag:name:demo,hibernate; jpa; postgres; postgresql; rest; rest-api; spring; spring-boot,"Building RESTful APIs with Spring Boot, PostgreSQL, JPA and Hibernate"
128991068,syqu22/spring-boot-shop-sample,https://github.com/syqu22/spring-boot-shop-sample,flag:name:sample,boostrap; ecommerce; h2; hibernate; java; shop-sample; shopping; spring; spring-boot; spring-data-jpa; spring-mvc; spring-security; thymeleaf,My first web application using Spring Boot framework.
129111899,piomin/sample-istio-services,https://github.com/piomin/sample-istio-services,flag:name:sample,istio; java; kubernetes; microservices; minikube; service-mesh; spring-boot,Providing inter-service communication on kubernetes via Minikube using Istio framework and Spring Boot
131972977,fengwenyi/APIExample,https://github.com/fengwenyi/APIExample,flag:name:example,api; restful-api; spring; spring-boot; springmvc,以API接口开发为例，探索开发的最佳实践
129756718,cwm-coding-with-mike/Spring_Jms_Course,https://github.com/cwm-coding-with-mike/Spring_Jms_Course,flag:name:course; flag:description:course,activemq; spring-boot; spring-jms,Exercise files used for Spring Jms Course
129714225,piomin/sample-nomad-java-services,https://github.com/piomin/sample-nomad-java-services,flag:name:sample,consul; java; microservices; nomad; service-discovery; spring-boot; spring-cloud; spring-cloud-consul,sample spring applications that are deployed on Hashicorp's Nomad and and communication with each other using Consul disocvery and Spring Cloud Consul client 
131217678,mhkarimi/spring-boot-security-oauth2-jwt-example,https://github.com/mhkarimi/spring-boot-security-oauth2-jwt-example,flag:name:example,java; jwt; oauth2; spring; spring-boot,Spring-boot Oauth2 example with jwt and Redis
130034253,vpavic/samples-spring-session,https://github.com/vpavic/samples-spring-session,flag:name:sample; flag:name:samples,hazelcast; java; jdbc; mongodb; redis; samples; spring-boot; spring-framework; spring-session,Samples: Spring Session
129092748,netbuffer/spring-boot-admin-demo,https://github.com/netbuffer/spring-boot-admin-demo,flag:name:demo,admin; admin-dashboard; cloud; discovery; jvm; microservice; monitoring; monitoring-tool; provider; spring; spring-boot; spring-boot-admin; spring-boot2; spring-framework; spring-mvc; springcloud; system,spring-boot-admin-demo ，spring-boot monitor tools
135796936,rieckpil/blog-tutorials,https://github.com/rieckpil/blog-tutorials,flag:name:tutorial; flag:description:tutorial,aws; java; java-ee; jdk; junit; kotlin; maven; microprofile; postgresql; react; spring-boot; spring-framework; spring-security; spring-test; spring-web; spring-webclient; spring-webflux; testcontainers,":star: Codebase for various tutorials  about Java, Spring Boot, AWS, Kotlin, and Testing"
137475287,piomin/sample-spring-blockchain,https://github.com/piomin/sample-spring-blockchain,flag:name:sample; flag:description:how to,blockchain; cryptocurrency; docker; ethreum; spring-boot; web3j,"sample project that illustrates how to send transaction and observe processed transaction in ethereum using web3j, blockchain and spring boot "
137199409,piomin/sample-message-driven-microservices,https://github.com/piomin/sample-message-driven-microservices,flag:name:sample; flag:description:how to,kafka; message-driven; microservices; rabbitmq; spring-boot; spring-cloud; spring-cloud-sleuth; spring-cloud-stream; testing,"Sample spring cloud application that integrates with rabbitmq through spring cloud stream framework as shows how to setup message-driven microservices basing on publish-subscribe model, consumer groups"
134075667,piomin/sample-spring-chaosmonkey,https://github.com/piomin/sample-spring-chaosmonkey,flag:name:sample,chaos-engineering; chaos-monkey; microservices; spring-boot; spring-cloud; testing,sample applications illustrating usage of codecentric's chaos monkey library for microservices created using spring boot and spring cloud
137614808,Ikhiloya/spring-jpa-oracle-demo,https://github.com/Ikhiloya/spring-jpa-oracle-demo,flag:name:demo; flag:description:how to,mysql; oracle-database; sample-demo; spring-boot; spring-data-jpa,"A sample demo app that shows how to create a RESTful webservice using Spring Boot, Spring Data JPA and Oracle database"
138216240,pacphi/reactive-jdbc-demo,https://github.com/pacphi/reactive-jdbc-demo,flag:name:demo,docker; java; pcf; postgres; reactive; spring-5; spring-boot; spring-webflux,This is a simple experiment to test Spring 5's Webflux Module's Functional Programming Model interaction with the Reactiverse reactive-pg-client.
134040690,linux-china/rocker-template-demo,https://github.com/linux-china/rocker-template-demo,flag:name:demo,rocker-templates; spring-boot,Rocker template demo with Spring Boot
134189223,piomin/sample-secure-eureka-discovery,https://github.com/piomin/sample-secure-eureka-discovery,flag:name:sample,https; keytool; netflix-eureka; security; spring-boot; spring-cloud; spring-cloud-netflix; ssl,Secure discovery between client and server with spring cloud netflix eureka and spring boot
134424980,netbuffer/spring-boot-demo,https://github.com/netbuffer/spring-boot-demo,flag:name:demo,demo; git; java; java8; lambda; log; logback; maven; plugin; pom; spring; spring-boot; spring-boot2; spring-mvc; springframework; thymeleaf; thymeleaf-template-engine,"spring-boot-demo spring-boot technology test,DI,IOC，tomcat，mvc，servlet，filter，log，logback，interface，restful，exception，http，build，git，system，json..."
138506742,rogervinas/spring-boot-autoconfiguration-demo,https://github.com/rogervinas/spring-boot-autoconfiguration-demo,flag:name:demo,spring-boot,🍀 Spring AutoConfiguration Demo
134043058,davidjimenezanca/Example_SpringBoot-Swagger-REST,https://github.com/davidjimenezanca/Example_SpringBoot-Swagger-REST,flag:name:example,api-rest; java-8; redis-server; restful-webservices; spring-boot; swagger; swagger-docs; swagger-ui,Example project of Spring Boot app with Swagger 2 API. RESTful web services from Redis database.
135808959,li-fujian/spring-boot-demo,https://github.com/li-fujian/spring-boot-demo,flag:name:demo,docker; spring-boot,spring boot Demo
143009107,piomin/sample-spring-microservices-kubernetes,https://github.com/piomin/sample-spring-microservices-kubernetes,flag:name:sample,configmap; docker; kubernetes; microservices; minikube; openshift; ribbon; spring-boot; spring-cloud; spring-cloud-kubernetes; swagger2; zuul,"Sample Spring Boot application that uses some features provided by Spring Cloud Kubernetes, Spring Cloud OpenFeign and Spring Cloud Gateway deployed on Kubernetes"
141705493,piomin/sample-spring-blockchain-contract,https://github.com/piomin/sample-spring-blockchain-contract,flag:name:sample; flag:description:how to,blockchain; ethereum; ethereum-contract; smart-contracts; solidity; solidity-contracts; spring-boot; web3j,"sample project that illustrates how to create and deploy smart contracts, smart wallets, send transactions and observe processed transactions in ethereum using web3j, blockchain, solidity and spring boot "
144778322,piomin/sample-graphql-microservices,https://github.com/piomin/sample-graphql-microservices,flag:name:sample,apollo-android; apollo-client; apollographql; eureka; eureka-discovery-service; graphql; microservices; service-discovery; spring-boot; spring-cloud,An example of microservices communicating over GraphQL protocol using Spring Cloud Netflix Eureka and Apollo Client
144979991,piomin/sample-testing-microservices,https://github.com/piomin/sample-testing-microservices,flag:name:sample,component-testing; contract-testing; feign-client; gatling; hoverfly; microservices; pact; spring-boot; spring-boot-test; spring-cloud,"sample applications with implementation of unit, component, contract and integrarion tests using pact, gatling, spring boot test and hoverfly "
140650359,happyjared/spring-boot-learning,https://github.com/happyjared/spring-boot-learning,flag:name:learning,java; spring-boot,Those years of learning Spring Boot - 这些年学习的Spring Boot
140883204,abhinavtrip87/sample-web-scraper,https://github.com/abhinavtrip87/sample-web-scraper,flag:name:sample,jbrowserdriver; jsoup; spring; spring-boot; thymeleaf; webscraping,
143472684,cheerans/Microservices-Architecture,https://github.com/cheerans/Microservices-Architecture,flag:description:tutorial,autoscaling; eureka-server; eureka-service-discovery; failover; high-availability; hystrix; load-balancer; microservices-architecture; spring-boot; spring-cloud; spring-cloud-netflix; spring-rest; zipkin-instrumentation; zuul-proxy,Microservices Cloud Architecture Tutorial
143146104,rubytomato/demo-java11-spring2,https://github.com/rubytomato/demo-java11-spring2,flag:name:demo,java; maven; spring-boot,"java 11.0, Spring Boot 2.1 Rest API application"
151035781,callicoder/spring-boot-react-oauth2-social-login-demo,https://github.com/callicoder/spring-boot-react-oauth2-social-login-demo,flag:name:demo,authentication; facebook-login; github-login; google-login; oauth2; oauth2-login; react; react-oauth2; social-authentication; social-login; spring; spring-boot; spring-boot-oauth2; spring-security; spring-security-oauth2,"Spring Boot React OAuth2 Social Login with Google, Facebook, and Github"
149739805,liuyueyi/spring-boot-demo,https://github.com/liuyueyi/spring-boot-demo,flag:name:demo,aop; bean; influxdb; jdbctemplate; jpa; mongodb; mysql; react; redis; solr; spel; spring; spring-boot; spring-cloud; spring-mvc; springboot-redis; springsecurity; sse; webflux; websocket,Spring Boot & Spring Cloud & Spring Security Demo Case（Spring学习示例实战项目）
147803019,Flying9001/springBootDemo,https://github.com/Flying9001/springBootDemo,flag:name:demo,redis; spring; spring-boot; spring-cloud,springBoot demo
149887051,TavenYin/taven-springboot-learning,https://github.com/TavenYin/taven-springboot-learning,flag:name:learning,java; spring-boot; springboot,"spring boot/cloud demo, 持续更新"
148070508,isaacgarza/saml-example,https://github.com/isaacgarza/saml-example,flag:name:example,angular; saml; security; single-sign-on; spring-boot; spring-security; sso,SAML 2.0 example built using Sprint Boot and Angular
145540570,zhwxp/spring-boot-tcp-server-sample,https://github.com/zhwxp/spring-boot-tcp-server-sample,flag:name:sample,spring-boot; tcp-server,
145538782,zhwxp/spring-boot-tcp-client-sample,https://github.com/zhwxp/spring-boot-tcp-client-sample,flag:name:sample,spring-boot; tcp-client,
148048897,david-romero/demo-twitter-kafka,https://github.com/david-romero/demo-twitter-kafka,flag:name:demo,docker; docker-compose; java; kafka; kafka-connect; kafka-streams; kotlin; postgresql; spring; spring-boot,
148769924,piomin/sample-spring-boot-autoscaler,https://github.com/piomin/sample-spring-boot-autoscaler,flag:name:sample,autoscaling; eureka; eureka-server; jenkins; jenkins-pipeline; metrics; spring-boot; spring-boot-actuator,sample spring boot application prepared for auto-scaling on single/many target machines
150961527,tonydeng/springboot-rpc-samples,https://github.com/tonydeng/springboot-rpc-samples,flag:name:sample; flag:name:samples,grpc; rpc; rpcs; spring-boot; thrift,Spring Boot RPC Samples
145411151,coachpo/closure-table-spring-boot-demo,https://github.com/coachpo/closure-table-spring-boot-demo,flag:name:demo,closure-table; java; mybatis; spring-boot; tree-structure,Spring Boot + MyBatis demo of a folder tree using the closure table pattern with MySQL. Supports add/move/delete/copy/list for hierarchical data.
150229228,Ismailalkouz94/Spring-Boot-CRUD-Example,https://github.com/Ismailalkouz94/Spring-Boot-CRUD-Example,flag:name:example,jwt; mysql; restful-api; spring-boot; spring-data-jpa; swagger,"Spring boot CRUD example using JPA, MySQL Database and secured Restful API"
149594206,bilalvdemir/SpringBootCRUDExample,https://github.com/bilalvdemir/SpringBootCRUDExample,flag:name:example,controller; crud; docker; exception-handler; exceptions; formatter; jpa; logger; mongodb; regex-pattern; restful-webservices; spring-boot; spring-mvc; validator,Spring Boot CRUD Example with MVC Pattern
147966307,OkanUzun/hazelcast-cache,https://github.com/OkanUzun/hazelcast-cache,flag:description:how to,caching; hazelcast; java; spring-boot,"This repository contains a Spring Boot application that integrates Hazelcast as a distributed caching solution. The project demonstrates how to efficiently manage cache layers, improving performance and scalability in modern applications."
145391196,jianshaow/observability-example,https://github.com/jianshaow/observability-example,flag:name:example,cxf; jaegertracing; opentelemetry; opentracing; spring; spring-boot; zipkin,
157111668,Hakky54/mutual-tls-ssl,https://github.com/Hakky54/mutual-tls-ssl,flag:description:tutorial,certificate; certificate-authority; certificate-signing-request; encryption; https; java; keystore; keytool; kotlin; mutual-authentication; mutual-tls; openssl; scala; security; server; spring-boot; ssl; tls; truststore; two-way-ssl-authentication,"🔐 Tutorial of setting up Security for your API with one way authentication with TLS/SSL and mutual authentication for a java based web server and a client with both Spring Boot. Different clients are provided such as Apache HttpClient, OkHttp, Spring RestTemplate, Spring WebFlux WebClient Jetty and Netty, the old and the new JDK HttpClient, the old and the new Jersey Client, Google HttpClient, Unirest, Retrofit, Feign, Methanol, vertx, Scala client Finagle, Featherbed, Dispatch Reboot, AsyncHttpClient, Sttp, Akka, Requests Scala, Http4s Blaze, Kotlin client Fuel, http4k, Kohttp and ktor. Also other server examples are available such as jersey with grizzly. Also gRPC, WebSocket and ElasticSearch examples are included"
155932017,maventalker/web-api-demo,https://github.com/maventalker/web-api-demo,flag:name:demo,docker; dubbo; dubbo-spring-boot-starter; spring-boot; swagger2,整合SpringBoot2、Swagger2，面向移动端提供RESTFul形式接口，致力于前后端分离、独立部署，服务响应端基础开发框架，开箱即用。
157725178,y0ngb1n/spring-boot-samples,https://github.com/y0ngb1n/spring-boot-samples,flag:name:sample; flag:name:samples,durid; elk; graphql; kotlin; lombok; lucene; multi-datasource; mybatis-plus; spring; spring-boot; swagger2; thymeleaf; url-shortener,🍄 Samples for Spring Boot.
156553451,wangzihaogithub/spring-netty-example,https://github.com/wangzihaogithub/spring-netty-example,flag:name:example,netty; netty-example; netty-rpc; netty-servlet; netty-websocket; qps; spring-boot; spring-boot-netty; spring-boot-protocol,所有netty项目的例子
152527104,janlle/spring-boot-examples,https://github.com/janlle/spring-boot-examples,flag:name:example; flag:name:examples,java; spring; spring-boot; starters,Spring Boot 学习demo整合各种第三方组件和各种案例
155227481,ingogriebsch/sample-spring-data-solr-testcontainers-utilization,https://github.com/ingogriebsch/sample-spring-data-solr-testcontainers-utilization,flag:name:sample; flag:description:how to,example; java; sample; spring; spring-boot; spring-data; spring-data-solr; testcontainers,This sample shows you how to utilize the Testcontainers usage with Spring Data Solr (and Spring Boot)
155238574,davinci2014/demo,https://github.com/davinci2014/demo,flag:name:demo,spring-boot,
153799716,ingogriebsch/sample-spring-boot-graphql,https://github.com/ingogriebsch/sample-spring-boot-graphql,flag:name:sample; flag:description:how to,example; graphql; graphql-server; java; sample; spring; spring-boot,This sample shows you how to integrate GraphQL into Spring Boot
152541219,janlle/spring-security-examples,https://github.com/janlle/spring-security-examples,flag:name:example; flag:name:examples,oauth2; spring; spring-boot; spring-security,Spring Security 安全框架学习demo
152196320,ricardozanini/amq7-protobuf-sample,https://github.com/ricardozanini/amq7-protobuf-sample,flag:name:sample; flag:description:how to,amq; amqp; artemis; jms; profobuf; protobuf3; spring-boot,A simple example of how to use Google Proto Buffer to transmit messages via AMQP to Artemis broker.
158065699,thepracticaldeveloper/kafka-spring-boot-example,https://github.com/thepracticaldeveloper/kafka-spring-boot-example,flag:name:example,kafka; practical; spring-boot; thepracticaldeveloper,Spring Boot application showing basic configuration to work with Kafka
160033617,kodtodya/camel-spring-boot-examples,https://github.com/kodtodya/camel-spring-boot-examples,flag:name:example; flag:name:examples,activemq; camel; fuse-7; java-8; rh-fuse; spring; spring-boot,this repo contains fuse-7 examples that can be run as spring boot
160048209,cockroachlabs-field/cdc-example,https://github.com/cockroachlabs-field/cdc-example,flag:name:example,change-data-capture; cockroachdb; docker-compose; kafka; spring-boot; zookeeper,Simple example of CockroachDB CDC using Spring Boot and Kafka
161292840,unnivm/SpringBootDemoApplication,https://github.com/unnivm/SpringBootDemoApplication,flag:name:demo,h2; h2-database; rest-api; spring; spring-boot; spring-data-jpa; spring-security,"This is a demo back end application developed using REST, Spring SECURITY, Hibernate and Java 8"
161911830,uicodefr/demo-postit,https://github.com/uicodefr/demo-postit,flag:name:demo,angular; demo; java; spring-boot; spring-security,Demo App With Spring Boot and Angular that allows you to create and organize notes.
161441329,hariprasath-r/springboot-course-data-api,https://github.com/hariprasath-r/springboot-course-data-api,flag:name:course; flag:description:course,aws; aws-elastic-beanstalk; gradle; h2-database; java; pcf; spring-boot; spring-data-jpa; swagger; swagger-ui,"Base project for all Java, Spring Boot, AWS, PCF, and Testing framework experiments. It's a simple service that maintains Topics and Courses."
159204102,ingogriebsch/sample-spring-cloud-contract-simple-rest-cdc,https://github.com/ingogriebsch/sample-spring-cloud-contract-simple-rest-cdc,flag:name:sample; flag:description:how to,cdc; example; java; sample; spring; spring-boot; spring-cloud; spring-cloud-contract,This sample shows you how to use Spring Cloud Contract to produce and consume a CDC for a simple REST API
158822993,MikeSabillon/spring-sfg-pet-clinic,https://github.com/MikeSabillon/spring-sfg-pet-clinic,flag:description:course,lombok; maven; pet-clinic-web; sfg-pet-clinic; spring-boot; thymeleaf,A project I made for the beginner to guru udemy course.
160999966,Paz1506/cloud-example,https://github.com/Paz1506/cloud-example,flag:name:example,eureka; oauth2; sandbox; spring-boot; spring-cloud,An example of an application for working with the microservice architecture based on the Spring Boot / Cloud & Netflix stack
167950149,attacomsian/code-examples,https://github.com/attacomsian/code-examples,flag:name:example; flag:name:examples,java; javascript; mongodb; mongoose; nodejs; nodejs-tutorials; rest-api; spring-boot; spring-boot-tutorial; spring-data-jpa; thymeleaf,Example projects for my personal blog. 
166618051,gregwhitaker/springboot-apikey-example,https://github.com/gregwhitaker/springboot-apikey-example,flag:name:example,api-key; caffeine-cache; spring-boot; spring-security,Example of authenticating with a Spring Boot application using an API key.
166108727,bzdgn/docker-spring-boot-java-web-service-example,https://github.com/bzdgn/docker-spring-boot-java-web-service-example,flag:name:example; flag:description:tutorial,alpine; docker; docker-container; docker-image; dockerfile; java; open-jdk; rest-api; rest-controller; spring-boot; web-service,Tutorial for a docker container running a simple primitive web service built with Spring Boot
168331636,wander-chu/java-microservice-demo,https://github.com/wander-chu/java-microservice-demo,flag:name:demo,docker; dubbo; mybatis; spring-boot,基于Java的微服务实践，单体微服务创建、Docker部署、Dubbo微服务实践等
169578180,ksbrwsk/logback-amqp-sample,https://github.com/ksbrwsk/logback-amqp-sample,flag:name:sample,amqp; java; logback-appender; rabbitmq; spring-boot,Sample Spring Boot Application using Logback AMQP Appender.
169373137,ChamithKodikara/monitoring-demo,https://github.com/ChamithKodikara/monitoring-demo,flag:name:demo,actuator; api-documentation; grafana; grafana-dashboard; monitoring; prometheus; spring; spring-boot; swagger; swagger-ui,Demo project for Spring Boot application performance monitoring and REST API documentation
166992211,pradeepkrathnayaka/spring-boot-hands_on_examples,https://github.com/pradeepkrathnayaka/spring-boot-hands_on_examples,flag:name:example; flag:name:examples,java; spring; spring-boot; spring-boot-example; springboot,Mastering Spring Boot with hands-on examples
165336163,poad/examples,https://github.com/poad/examples,flag:name:example; flag:name:examples,android; java; quarkus; scala; spring-boot; springboot2; webauthn,
170916679,toniferr/SISFACTU,https://github.com/toniferr/SISFACTU,flag:description:course,maven; mysql; spring; spring-boot; thymeleaf,"Spring Boot application with Thymeleaf using Maven and MysqlDatabase for udemy course ""Spring Framework 5: Creando webapp de cero a experto (2020)"""
168778181,harryalto/spring-5-weflux-example,https://github.com/harryalto/spring-5-weflux-example,flag:name:example,spring; spring-5; spring-boot; spring-data; webclient; webflux,
169803762,ingogriebsch/sample-spring-restdocs-simple-restcontroller,https://github.com/ingogriebsch/sample-spring-restdocs-simple-restcontroller,flag:name:sample; flag:description:how to,example; java; sample; spring; spring-boot; spring-rest-docs; spring-web,This sample shows you how to implement document a simple REST controller with Spring REST Docs
165023414,ingogriebsch/sample-spring-cloud-netflix-feign-multipartfile-support,https://github.com/ingogriebsch/sample-spring-cloud-netflix-feign-multipartfile-support,flag:name:sample; flag:description:how to,example; feign; feign-cl; java; sample; spring; spring-boot; spring-cloud; spring-cloud-netflix,This sample shows you how to enable multipartfile support on Feign clients
164307379,corock/jx,https://github.com/corock/jx,flag:description:course,html-css-javascript; java; jsp-servlet; linux; mongodb; mysql; nodejs; react; spring-boot; spring-mvc,:books: Java-based full-stack web development courses
174314296,apache/incubator-kie-examples,https://github.com/apache/incubator-kie-examples,flag:name:example; flag:name:examples; flag:description:how to,apache; bpmn; cloud-native; cloudevents; dmn; drools; example; getting-started; hacktoberfest; java; knative; kogito; kubernetes; optaplanner; pmml; quarkus; spring-boot; workflow; workflow-engine,"Apache KIE Examples repository with showcases on how to use Kogito, Drools, and jBPM"
171674060,lets-mica/mica-example,https://github.com/lets-mica/mica-example,flag:name:example,mica; spring; spring-boot; springcloud,mica 演示项目
173637703,piomin/sample-spring-redis,https://github.com/piomin/sample-spring-redis,flag:name:sample,lettuce; redis; spring-boot; spring-data-redis,Demo Spring Boot application showing usage of Spring Data Redis repositories
177610209,piomin/sample-spring-elasticsearch,https://github.com/piomin/sample-spring-elasticsearch,flag:name:sample,elastichq; elasticsearch; spring-boot; spring-data,Demo ilustrating integration between Spring Boot/Spring Data and Elasticsearch 
173104432,semaphoreci-demos/semaphore-demo-java-spring,https://github.com/semaphoreci-demos/semaphore-demo-java-spring,flag:name:demo,cicd; continuous-delivery; continuous-integration; docker; java; jmeter; junit; maven; semaphoreci; spring-boot,A Semaphore demo CI/CD pipeline using Java Spring.
175280343,linux-china/reactive-grpc-demo,https://github.com/linux-china/reactive-grpc-demo,flag:name:demo,grpc; reactive; spring-boot,gRPC with reactive Reactor
174047425,GabLeg/springboot-example,https://github.com/GabLeg/springboot-example,flag:name:example,actuator; grpc; kafka; liquibase; lombok; maven; mongodb; redis; resttemplate; spring-boot; spring-data-jpa; springboot; springframework; swagger-ui; undertow,"Base REST API with spring boot, lombok, swagger, actuator, data-rest, undertow, liquibase"
186284368,gtiwari333/spring-boot-real-world-web-application-example,https://github.com/gtiwari333/spring-boot-real-world-web-application-example,flag:name:example,archunit; gatling; java; java-web; jms; keycloak; mapstruct; seed-project; selenide; selenium; skeleton-application; spock; spring; spring-boot; spring-mvc; spring-security; thymeleaf; webjars,Real World Spring Boot Web Application Example with tons of ready to use features
183939336,kasramp/Spring-Data-ElasticSearch-Example,https://github.com/kasramp/Spring-Data-ElasticSearch-Example,flag:name:example,docker-compose; junit5; spring; spring-boot; spring-data; spring-data-elasticsearch; springboot3; springboot3-x; springframework; testcontainers,An example of Spring Data Elasticsearch with Spring Boot 3 and Elasticsearch version 8
181004147,hantsy/spring-webmvc-functional-sample,https://github.com/hantsy/spring-webmvc-functional-sample,flag:name:sample,functional-programming; kotlin; spring-boot; spring-mvc,Spring MVC functional sample
179557722,TechPrimers/spring-boot-lazy-init-example,https://github.com/TechPrimers/spring-boot-lazy-init-example,flag:name:example,lazy-initialization; spring-boot,Spring Boot 2.2+ Lazy Initialization Example
185972999,imyzt/learning-technology-code,https://github.com/imyzt/learning-technology-code,flag:name:learning,exception-handler; java; lua; maven; mybatis-plus; rabbitmq; spring-boot; spring-cloud; spring-data-jpa; spring-mvc; springbooot; validator,:seedling: :evergreen_tree: :deciduous_tree:   此项目是本人在平时日常技术学习、笔记、博客中代码的汇总，欢迎访问我的博客：http://blog.imyzt.top
186174722,sergiovlvitorino/springboot-jwt-demo,https://github.com/sergiovlvitorino/springboot-jwt-demo,flag:name:demo,ddd; domain-driven-design; example; hexagonal-architecture; java; jwt; spring-boot; spring-security; springframework,"This example shows a RESTFUL API using spring boot, spring security and Json Web Token(JWT)."
184039079,alirezakhtm/spring-cloud-demo,https://github.com/alirezakhtm/spring-cloud-demo,flag:name:demo; flag:description:how to,docker; microservice; spring; spring-boot; spring-cloud; spring-gateway; zuul,"This application is demo of spring cloud, and describe how to use eureka discovery sevices, global configuration and using circuite break pattern."
183965678,pedrobealves/software-architecture-troubleshooting-standards,https://github.com/pedrobealves/software-architecture-troubleshooting-standards,flag:description:course,jpa; spring-boot,Spring Boot Application for development of the architectural structures for norms for Anticipation of face-to-face classes of UTFPR Technical and Professional Education Courses.
184030658,1ujin/SpringBootDemo,https://github.com/1ujin/SpringBootDemo,flag:name:demo,java; spring-boot,
190170797,smltq/spring-boot-demo,https://github.com/smltq/spring-boot-demo,flag:name:demo,aop; bio; cloud-alibaba; cloud-gateway; data-redis; gateway; mybatis; mybatis-plus; netty; oauth2; quartz; redis; shiro; sign; spring; spring-boot; spring-boot-demo; spring-cloud; spring-mvc; spring-security,spring boot demo 是一个Spring Boot、Spring Cloud的项目示例，根据市场主流的后端技术，共集成了50+个demo，未来将持续更新。该项目包含helloworld(快速入门)、web(ssh项目快速搭建）、aop(切面编程)、data-redis(redis缓存)、quartz(集群任务实现)、shiro（权限管理）、oauth2（四种认证模式）、shign(接口参数防篡改重放）、encoder（用户密码设计）、actuator（服务监控）、cloud-config（配置中心）、cloud-gateway（服务网关）等模块
188917917,Nasruddin/spring-boot-based-microservices,https://github.com/Nasruddin/spring-boot-based-microservices,flag:description:course,authentication; authorization; docker; docker-compose; jwt-auth; jwt-token; keycloak; kubernetes; loki; microservices; microservices-application; microservices-architecture; observability; openid-connect; prometheus; spring-boot; spring-cloud; spring-security; tempo,"A modular, scalable Spring Boot microservices framework for managing courses and reviews. It features OAuth 2.0 authentication via Keycloak, API management with Spring Cloud Gateway, and observability using OTel, Grafana, Loki, Tempo, and Prometheus. MongoDB and PostgreSQL handle storage, with deployments via Docker Compose and Kubernetes."
193510708,jittagornp/spring-boot-reactive-example,https://github.com/jittagornp/spring-boot-reactive-example,flag:name:example,example; java; spring-boot; spring-boot-reactive; spring-boot-webflux; webflux,ตัวอย่างการเขียน Java Spring-boot Reactive (WebFlux)
193429820,mraible/jhipster6-demo,https://github.com/mraible/jhipster6-demo,flag:name:demo,angular; bootstrap4; heroku; jhipster; spring-boot,JHipster 6 Demo! 🎉
193740288,ntub46010/SpringBootTutorial,https://github.com/ntub46010/SpringBootTutorial,flag:name:tutorial,java; spring; spring-boot,Spring Boot 教學文章的範例程式
188012532,allurx/spring-security-demo,https://github.com/allurx/spring-security-demo,flag:name:demo,jwt; redis; spring-boot; spring-security; swagger-ui,spring security with json web token
188548356,praveen1664/Java-Learning,https://github.com/praveen1664/Java-Learning,flag:name:learning,beliefs; eclipse; java; jpa; spring-boot; spring-security,"want to learn java than go through this repo with Installing Eclipse, Maven & spring boot."
191053290,asidko/spring-tcp-messaging-example,https://github.com/asidko/spring-tcp-messaging-example,flag:name:example,java; messaging; spring-boot; spring-integration; tcp,Spring Boot messaging via TCP implementation
193891255,canyuva/spring-boot-example,https://github.com/canyuva/spring-boot-example,flag:name:example,dependency-injection; h2-database; java; spring; spring-boot; spring-core,A simple spring boot project about H2 in-memory db.
194600777,achunCoding/SpringBoot-Learning,https://github.com/achunCoding/SpringBoot-Learning,flag:name:learning,java-8; spring-boot; spring-boot-2,SpringBoot 2.X 学习
194396374,jmnpedrosa/spring-boot-restful-sample,https://github.com/jmnpedrosa/spring-boot-restful-sample,flag:name:sample,rest; restful; restful-api; spring; spring-boot; swagger-ui; swagger2,Example of a Spring Boot application that serves RESTful operations.
193884452,MDecker-MobileComputing/Java_RestApi_SpringBoot,https://github.com/MDecker-MobileComputing/Java_RestApi_SpringBoot,flag:description:how to,docker; rest-api; spring-boot,"Java application with ""Spring Boot"" that shows how to implement an REST-API."
189463038,kgromov/spring-examples,https://github.com/kgromov/spring-examples,flag:name:example; flag:name:examples,liquibase; multiple-datasource; profiles; spring-boot; spring-data-jpa; spring-web; thymeleaf,Spring boot sample project to get hands dirty in main features. Recipe is domain model
201371014,hantsy/rsocket-sample,https://github.com/hantsy/rsocket-sample,flag:name:sample,rsocket-java; spring; spring-boot,RSocket sandbox
197272602,ivangfr/springboot-vault-examples,https://github.com/ivangfr/springboot-vault-examples,flag:name:example; flag:name:examples,cassandra; consul; docker; java; mysql; spring-boot; spring-cloud-vault; spring-data-jpa; spring-vault; spring-web-mvc; springdoc-openapi; vault,"The goal of this project is to explore the capabilities of Vault. To achieve this, we will develop applications that utilize Vault to store and retrieve secrets. Vault dynamically generates credentials for accessing databases and relies on Consul as the backend. The authentication method employed in Vault is AppRole."
200516104,ivangfr/spring-integration-examples,https://github.com/ivangfr/spring-integration-examples,flag:name:example; flag:name:examples,docker; enterprise-integration-patterns; java; mongodb; spring-boot; spring-data-mongodb; spring-integration; spring-integration-file; spring-shell; spring-web-mvc,"The goal of this project is to learn Spring Integration Framework For it, we will implement some Spring Boot applications and try to use the well known Enterprise Integration Patterns."
196836588,sotobotero/CodeHub,https://github.com/sotobotero/CodeHub,flag:description:tutorial; flag:description:course,angular; docker; javascript; jsf; quarkus; spring-boot,Multiples projects used on tutorials and training courses. This repository Contains teh base documentation about how contribute and licence referenced by other sotobotero`s repositories
198595794,ingogriebsch/sample-spring-jdbc-postgresql-lob-handling,https://github.com/ingogriebsch/sample-spring-jdbc-postgresql-lob-handling,flag:name:sample; flag:description:how to,example; java; postgres; postgresql; sample; spring; spring-boot; spring-jdbc,This sample shows you how to handle PostgreSQL lobs with Spring JDBC
201504883,shaunthomas999/junit5-samples,https://github.com/shaunthomas999/junit5-samples,flag:name:sample; flag:name:samples; flag:description:how to,junit-jupiter; junit5; mockito-junit-jupiter; parameterised-tests; spring-boot; swagger2,Sample project that shows how to use JUnit 5 in Java and Spring-boot applications
202096623,maxmin93/high-level-client-example,https://github.com/maxmin93/high-level-client-example,flag:name:example,elasticsearch; spring-boot,Java High Level REST Client example for ES 7.x
201504433,derilius/spring-boot-demo,https://github.com/derilius/spring-boot-demo,flag:name:demo,java; java-8; spring-boot; spring-security-oauth2; swagger,Demo app in Java with Spring Boot
201657281,Ruthwik/SpringBoot-Nginx,https://github.com/Ruthwik/SpringBoot-Nginx,flag:description:how to,docker-compose; ngnix; spring-boot; springboot,This repo shows how to use the docker-compose to scale up the spring boot app and also loadbalancing the instances with ngnix.
199508225,kazmura11/multi-module-project-sample,https://github.com/kazmura11/multi-module-project-sample,flag:name:sample,docker; maven; mongodb; postgres; spring-boot,Spring Boot Maven Multi Module Project with MongoDB and PostgreSQL
200430783,Paz1506/websocket-example,https://github.com/Paz1506/websocket-example,flag:name:example,examples; sandbox; spring; spring-boot; stomp; websocket,Simple messaging server with STOMP
198286600,ingogriebsch/sample-spring-data-jpa-postgresql-lob-handling,https://github.com/ingogriebsch/sample-spring-data-jpa-postgresql-lob-handling,flag:name:sample; flag:description:how to,example; java; postgres; postgresql; sample; spring; spring-boot; spring-data; spring-data-jpa,This sample shows you how to handle PostgreSQL lobs with Spring Data JPA
197867268,idontwannarock/demo-ampos-restaurant,https://github.com/idontwannarock/demo-ampos-restaurant,flag:name:demo,asciidoctor-to-html; docker-compose; dockerfile; java-8; maven; restful-api; spring-boot; spring-data-jpa; springfox-swagger-ui; springfox-swagger2; swagger2markup,AMPOS restaurant back-end demo project.
206383725,dailycodebuffer/Spring-MVC-Tutorials,https://github.com/dailycodebuffer/Spring-MVC-Tutorials,flag:name:tutorial; flag:description:tutorial,spring-boot; spring-mvc-tutorials,Spring-MVC-Tutorials
210148092,Azure-Samples/azure-spring-apps-samples,https://github.com/Azure-Samples/azure-spring-apps-samples,flag:name:sample; flag:name:samples,azure; java; microservices; spring; spring-boot; spring-cloud,Sample projects for Azure Spring Apps
206492994,ThingsWithPings/simple-crud-springboot-project,https://github.com/ThingsWithPings/simple-crud-springboot-project,flag:description:how to,crud-operation; database; java; mysql; spring-boot,This is a simple project that describe how to do CRUD operation in a springboot application
207260757,jiniya22/demo-old,https://github.com/jiniya22/demo-old,flag:name:demo; flag:description:tutorial,maven; mysql; spring-boot; spring-security; swagger; thymeleaf,Spring Boot Tutorial (with Java8 + Spring Boot 2 + Spring Data JPA)
206965523,only2dhir/spring-boot-rabbitmq,https://github.com/only2dhir/spring-boot-rabbitmq,flag:description:how to,rabbitmq; rabbitmq-client; rabbitmq-consumer; spring-boot,"RabbitMQ is a widely used AMQP broker. In this article, we will learn how to integrate RabbitMQ with Spring Boot and develop a message producer and consumer example app with RabbitMQ and spring boot. We will be building a simple notification system and we will be testing the app with CommandLineRunner. The producer will publish the message to the direct exchange with routing key and the consumer consumes this message asynchronously."
210334739,zeeshanalamkhan/spring-boot-mongodb,https://github.com/zeeshanalamkhan/spring-boot-mongodb,flag:description:how to,custom-exceptions; data-jpa; logback; mongodb; rest-api; slf4j; spring-boot; swagger-ui; swagger2,How to intigrate spring boot with mongodb
206947504,yanghun0070/demobook,https://github.com/yanghun0070/demobook,flag:name:demo,ddd; demo-book; jpa; spring-boot; spring-boot-security,demo book
207287675,sdwfqin/spring_boot_demo,https://github.com/sdwfqin/spring_boot_demo,flag:name:demo,mybatis; mysql; redis; restful-api; spring-boot,spring boot 学习例子
205668223,dorianbg/spring-boot-booknetwork,https://github.com/dorianbg/spring-boot-booknetwork,flag:description:course,java; spring-boot; spring-mvc,"MSc coursework - Social network for book enthusiasts, Basic CRUD webapp built with Spring Boot 2.0 and MVC pattern (thymeleaf templates)"
209677699,bq-xiao/springboot-dubbo-demo,https://github.com/bq-xiao/springboot-dubbo-demo,flag:name:demo,dubbo; framework; rpc; spring-boot,
208115072,daviian/kafka-spring-live-demo,https://github.com/daviian/kafka-spring-live-demo,flag:name:demo,kafka; spring-boot,Apache Kafka Demo using Spring Boot
208570031,AppLoidx/OpenAM-Client-Example,https://github.com/AppLoidx/OpenAM-Client-Example,flag:name:example,openam; spring-boot; spring-security,Testing the OpenAM implementation on Spring Boot
206940533,pjqdyd/Spring-rabbitmq-demo,https://github.com/pjqdyd/Spring-rabbitmq-demo,flag:name:demo,message-queue; rabbitmq; spring-boot,RabbitMQ及SpringBoot + RabbitMQ整合实现消息队列
218797737,piomin/sample-spring-webflux,https://github.com/piomin/sample-spring-webflux,flag:name:sample,backpressure; netty; reactive-streams; reactor; spring-boot; spring-webflux; webclient,testing webclient reactive communication with spring boot reactive application built on top of spring webflux
221782554,alperkurtul/spring-boot-starter-firebase-realtime-database-demo,https://github.com/alperkurtul/spring-boot-starter-firebase-realtime-database-demo,flag:name:demo,firebase; firebase-authentication; firebase-realtime-database; firebase-user; spring-boot; springboot,Demo for spring-boot-starter-firebase-realtime-database and spring-boot-starter-firebase-user-authentication
212328680,hellosatish/authentication-demos,https://github.com/hellosatish/authentication-demos,flag:name:demo,authentication-demos; demo-codes; jwt; jwt-authentication; rbac; spring-boot; spring-security,Repository contains demo codes for different methods of authentication and authorization mechanisms. 
212941400,thoainguyen/grpc-kafka-spring-demo,https://github.com/thoainguyen/grpc-kafka-spring-demo,flag:name:demo,grpc-java; kafka; spring-boot,"Simple spring boot application using Kafka, gRPC"
221979403,mvallim/spring-camel-kafka-schema-registry,https://github.com/mvallim/spring-camel-kafka-schema-registry,flag:description:how to,camel; kafka; schema-registry; spring-boot,How to integrate Spring-Boot + Camel + Kafka + Schema Registry
213421661,Al-assad/spring-phoenix-jdbc-sample,https://github.com/Al-assad/spring-phoenix-jdbc-sample,flag:name:sample,jdbc; jdbctemplate; phoenix; spring; spring-boot,Apache Phoenix5.0 通过 JdbcTemplate 的方式集成到 Spring-Boot 的示例代码
218934749,ToQuery/example-spring-cloud-kubernetes,https://github.com/ToQuery/example-spring-cloud-kubernetes,flag:name:example,kubernetes; spring; spring-boot; spring-cloud; spring-cloud-kubernetes,实践出真知，带你快速使用k8s与Spring Cloud
219377134,dskora/camunda-intake-application-example,https://github.com/dskora/camunda-intake-application-example,flag:name:example,axon; bpmn; camunda; cqrs; spring-boot,Using Camunda BPM Orchestrator for intake applications
212292061,h-dj/Spring-Learning,https://github.com/h-dj/Spring-Learning,flag:name:learning,spring; spring-boot,
213313050,marcusvieira88/spring-boot-api,https://github.com/marcusvieira88/spring-boot-api,flag:description:tutorial,api; cache; hateos; integration-tests; java; spring-boot; unit-tests; validation,"This is a Spring Boot project, it is used as example in my blog (https://marcusvieira.tech) tutorials."
215190665,creepyCaller/spring-boot-learning,https://github.com/creepyCaller/spring-boot-learning,flag:name:learning,spring-boot,学习Spring Boot，使用Undertow、BootStrap + Thymeleaf、Druid、JPA/hibernate、Lombok、RESTful API、JSON响应示例（使用ResponseEntity<T>实现）、Filter示例、Interceptor示例、Vue.js + Ajax异步加载页面示例
217087281,jiakunxu/demo-api,https://github.com/jiakunxu/demo-api,flag:name:demo,alipay-easysdk; aliyun; bytedance; dingtalk; druid; dubbo; fastjson2; getui; httpclient5; mybatis; poi; redis; rocketmq; spring-boot; websocket; wechatpay-apiv3; weixin,接口
220268696,EnduranceCode/spring5-begginer-guru,https://github.com/EnduranceCode/spring5-begginer-guru,flag:description:course,java; spring-boot; spring-data; spring-data-jpa; spring-mvc; springframework,"Code written following the course ""Spring Framework 5 - Beginner to Guru"" created by John Thompson"
215123376,jahid230/demoTestJPA-Rest,https://github.com/jahid230/demoTestJPA-Rest,flag:name:demo,restful-webservices; spring-boot,"spring-boot project for managing user signup and modification using restful service,JPA and H2 inmemory database"
217504095,chetankamadinni/swagger-demo,https://github.com/chetankamadinni/swagger-demo,flag:name:demo,spring-boot; swagger-ui; swagger2,Demo of swagger functionalities
213239728,irfanundevli/springfox-swagger-demo,https://github.com/irfanundevli/springfox-swagger-demo,flag:name:demo,maven; rest-api; spring-boot; spring-security; springfox-bean-validators; springfox-swagger-ui; springfox-swagger2,Spring Boot 2 RESTful API Documentation With SpringFox Swagger 2 Demo App
222052559,chalo2812/gis_example,https://github.com/chalo2812/gis_example,flag:name:example,nodejs; npm; spring-boot,
213796775,markvivv/examples,https://github.com/markvivv/examples,flag:name:example; flag:name:examples,apache-poi; log4j2; spring-activemq; spring-boot; spring-mail; spring-mybatis3-mysql; spring-validation,Spring框架使用示例及工具类案例
216110825,emmanuelneri-blog/spring-boot-crud-sample,https://github.com/emmanuelneri-blog/spring-boot-crud-sample,flag:name:sample,rest-api; spring-boot; spring-data-jpa,Exemplo de CRUD utilizando Spring Boot
227374023,laolunsi/spring-boot-examples,https://github.com/laolunsi/spring-boot-examples,flag:name:example; flag:name:examples,alibaba-cloud; blog; elasticsearch; gateway; java; mail; nacos; rabbitmq; redis; spring; spring-boot; spring-cloud; spring-cloud-alibaba; spring-cloud-gateway,:green_salad:​ Spring/SpringBoot/SpringCloud 实践学习案例，从入门到精通，持续更新中，欢迎交流学习:beer: ！ 
222902155,linux-china/spring-cloud-function-demo,https://github.com/linux-china/spring-cloud-function-demo,flag:name:demo,r2dbc; rsocket; spring-boot; spring-cloud-function,Spring cloud function with RSocket
222881885,ChristianAA/selenium-springboot-example,https://github.com/ChristianAA/selenium-springboot-example,flag:name:example,selenium; spring-boot,UI testing project example with Cucumber + Selenium (Page Factory) + Spring Boot
226231952,buerbl/learnSpringboot,https://github.com/buerbl/learnSpringboot,flag:description:how to,java; spring; spring-boot,how to learn springboot？来learnSpringboot，文章从细节出发手把手教学. 各种Springboot集成实战.
230630973,aerospike/spring-data-aerospike-demo,https://github.com/aerospike/spring-data-aerospike-demo,flag:name:demo,aerospike; spring-boot; spring-data-aerospike,Demonstration of spring-data-aerospike setup and usage in Spring Boot applications.
227662332,AndriyKalashnykov/spring-boot-rest-example,https://github.com/AndriyKalashnykov/spring-boot-rest-example,flag:name:example,kubernetes; microservice; minikube; rest-api; sdkman; spring-boot; swagger,Spring Boot REST microservice
227783524,ch4dwick/spring-cloud-gateway-demo,https://github.com/ch4dwick/spring-cloud-gateway-demo,flag:name:demo,java; spring-boot; spring-boot-3; spring-cloud,Demo of using Spring Cloud Gateway with Service Registry and Load Balancing
230623041,HillmerCh/java-on-k8s,https://github.com/HillmerCh/java-on-k8s,flag:description:how to,docker; eclipse-collections; java; kubernetes; primefaces; spring-boot,"This repository shows how to use Docker and Kubernetes with Java Applications.It has two modules: a simple RESTFul Service and a Web Client. It uses Maven and Java Technologies such as SpringBoot, JAX-RS, CDI, JPA, PrimeFaces and Bean Validation."
227089010,adreeana/spring-batch-samples,https://github.com/adreeana/spring-batch-samples,flag:name:sample; flag:name:samples,spring-batch; spring-boot,
229738218,cp-ugorji/springboot-mongodb-sample-crud,https://github.com/cp-ugorji/springboot-mongodb-sample-crud,flag:name:sample,java; json; lombok; maven; mongodb; spring-boot; swagger; swagger-ui; webapi,Sample Rest API with Mongo DB
226756922,ToQuery/example-spring-cloud-gateway,https://github.com/ToQuery/example-spring-cloud-gateway,flag:name:example,demo; example; gateway; simple; spring; spring-boot; spring-cloud; spring-cloud-gateway,
223987446,olezhik/spring-boot-security-redis-example,https://github.com/olezhik/spring-boot-security-redis-example,flag:name:example,java; redis; spring-boot; spring-security,"An example project with Spring Boot, Spring Security and Redis."
229658824,donnatto/spring-hibernate-java,https://github.com/donnatto/spring-hibernate-java,flag:description:course,hibernate; java; postgresql; spring; spring-boot; swagger-ui; swagger2,repository for the Spring and Hibernate Java course in Platzi
227567788,ToQuery/example-spring-security,https://github.com/ToQuery/example-spring-security,flag:name:example,example; simple; spring; spring-boot; spring-security; spring-security-jwt; spring-security-oauth2,实践出真知，带你快速使用 Spring Security
223716635,farzan6118/spring-redis-project-samples,https://github.com/farzan6118/spring-redis-project-samples,flag:name:sample; flag:name:samples,cache; crud; modular; redis; spring-boot,spring boot crud with redis
238404616,apache/camel-examples,https://github.com/apache/camel-examples,flag:name:example; flag:name:examples,camel; cloud-native; data-transformation; enterprise-integration-patterns; examples; integration; integration-framework; java; kafka; mcp; microservices; quarkus; rest-api; spring-boot; yaml,Apache Camel Examples
231407406,nikos912000/grpcdemo,https://github.com/nikos912000/grpcdemo,flag:name:demo,grpc; java; maven; spring-boot,Demo application for a Spring Boot service which exposes a gRPC endpoint. Built using Maven.
233064525,piomin/sample-java-kubemq,https://github.com/piomin/sample-java-kubemq,flag:name:sample,kubemq; kubernetes; spring-boot,Demo of Java app with Spring Boot integrating with KubeMQ on Kubernetes
233187849,y0ngb1n/spring-cloud-samples,https://github.com/y0ngb1n/spring-cloud-samples,flag:name:sample; flag:name:samples,cloud-native; kubernetes; microservice; spring-boot; spring-cloud,🛫 微服务和云原生架构示例项目，基于 Spring Boot 和 Kubernetes 技术栈
235699387,mukhtiarahmed/rest-example,https://github.com/mukhtiarahmed/rest-example,flag:name:example,docker; jpa; jwt; spring-boot,"Spring Boot, JPA, Postgresql, Docker,  REST API Example"
232864321,toniferr/pet-clinic,https://github.com/toniferr/pet-clinic,flag:description:course,h2-database; mysql; spring; spring-boot,"Monolith springBoot application with Thymeleaf using Maven and database (h2 & MySQL) for udemy course ""Spring Framework 5: Beginner to Guru"""
231372564,Estafet-LTD/blockchain-demo-console-ui,https://github.com/Estafet-LTD/blockchain-demo-console-ui,flag:name:demo,boostcd; couchbase; jaeger; kafka; microservices; openshift; opentracing; spring-boot,
235512925,sdrahnea/statistical-samples,https://github.com/sdrahnea/statistical-samples,flag:name:sample; flag:name:samples,hibernate; java; jpa; primefaces; spring; spring-boot; sql,application which contains chart samples 
231236268,RolandSall/Microservices-Movie-Example,https://github.com/RolandSall/Microservices-Movie-Example,flag:name:example,circuit-breaker; hystrix-dashboard; microservice; spring-boot; spring-cloud,"This project is a quick demo that applies the concept of microservices, in order to get familiar with the basics before starting to apply on much more complicated projects"
233477333,MikeSabillon/spring-swagger-example,https://github.com/MikeSabillon/spring-swagger-example,flag:name:example,java11-spring-boot; mvc; spring-boot; swagger; swagger-ui; swagger2,[WIP] Example documentation project to showcase spring and swagger.
232323296,alexromanov/boot-testing-examples,https://github.com/alexromanov/boot-testing-examples,flag:name:example; flag:name:examples,spring-boot; testing,Currency converter / formatter project for use case of Spring Boot testing 
234062148,toniferr/recipe,https://github.com/toniferr/recipe,flag:description:course,maven; msyql; spring; spring-boot; thymeleaf,"Monolith Spring Boot Application of Recipe Project for udemy course ""Spring Framework 5: Beginner to Guru"""
235776628,mohammadadil-dev/spring-mvc-demo,https://github.com/mohammadadil-dev/spring-mvc-demo,flag:name:demo,restapi; spring; spring-boot; spring-mvc,
234993216,duttydev/sample-spring-boot-rest-api,https://github.com/duttydev/sample-spring-boot-rest-api,flag:name:sample,mongodb; rest-api; spring-boot; spring-data-mongodb; spring-mvc,
248722958,jonashackt/spring-boot-graalvm,https://github.com/jonashackt/spring-boot-graalvm,flag:description:how to,docker; github-actions; graalvm; graalvm-native-image; heroku; heroku-container-registry; heroku-docker; java; native-image; native-image-maven-plugin; spring-boot; spring-graal; substratevm; travis; travis-ci,This example project shows how to compile a Webflux based Spring Boot application into a Native App using GraalVM Native Image locally & on GitHub Actions with & without Docker
247844335,Throyer/springboot-api-rest-example,https://github.com/Throyer/springboot-api-rest-example,flag:name:example,crud; docker-compose; java; java-refresh-token; java17; jwt; jwt-token; postgres; postgresql; refresh-token; spring-boot; spring-crud; spring-data-jpa; spring-docker; spring-security; springsecurity; swagger; swagger-ui; tests; thymeleaf,"Spring Boot API RESTful with tests, swagger e JWT 🚀"
243525381,javaslin/admindemo,https://github.com/javaslin/admindemo,flag:name:demo,mybatis; mysql; spring-boot; springboot; swagger,SSM+layui+Echarts 医药管理系统
249190301,idugalic/axon-statemachine-demo,https://github.com/idugalic/axon-statemachine-demo,flag:name:demo,axonframework; ddd; fsm; oop; spring-boot,Axon Finite State Machine Demo
242372381,gosocial2/goSpringMvcThymeleafSample,https://github.com/gosocial2/goSpringMvcThymeleafSample,flag:name:sample,adminlte; bootstrap4; database-er-diagram; java; javaweb; mysql-database; spring-boot; spring-data-jpa; spring-mvc; thymeleaf,"A Sample Spring MVC CRUD Application with Spring Data JPA and front-end UI-layer based on Thymeleaf, HTML5, CSS3 and Bootstrap4-based AdminLTE v3 template"
243454564,forketyfork/xa-camel-demo,https://github.com/forketyfork/xa-camel-demo,flag:name:demo,camel; java; maven; spring-boot; xa-transactions,Demo Spring Boot Camel application with XA transactions
240921675,meken/kafka-spring-app-service,https://github.com/meken/kafka-spring-app-service,flag:description:how to,azure; azure-app-service; azure-event-hub; java; kafka; spring-boot,Sample project to demo how to deploy an Event Hub with Kafka endpoints and accessing it through a Spring Boot app on Azure App Service
245422954,Habib-87/spring-boot-azure-cosmos,https://github.com/Habib-87/spring-boot-azure-cosmos,flag:description:how to,cosmos-db; mongodb; spring-boot,The repo is about how to connect Azure Cosmos DB in the Azure cloud using Mongo DB API.
250886596,soumik-dutta/grpcdemo,https://github.com/soumik-dutta/grpcdemo,flag:name:demo,docker; grpc-java; kubernetes; spring; spring-boot,This application demonstrates the gRPC communication
244752428,zhoozhoo/spring-cloud-examples,https://github.com/zhoozhoo/spring-cloud-examples,flag:name:example; flag:name:examples,docker; docker-compose; dockerfile; keycloak; oauth2; spring-boot; spring-cloud; spring-cloud-circuitbreaker; spring-cloud-config; spring-cloud-eureka; spring-cloud-gateway; spring-cloud-loadbalancer; spring-cloud-sleuth; spring-security; webflux; zip,An example of Spring Cloud microservices in Docker
251325459,mcalegaro/spring-boot-rest-example1,https://github.com/mcalegaro/spring-boot-rest-example1,flag:name:example,junit5; lombok; maven; rest-api; spring-boot; swagger-ui,Simple Rest Api
241987443,MatLock/championship,https://github.com/MatLock/championship,flag:description:how to,aop-aspects; docker; docker-compose; h2-database; java-8; mysql; mysql-database; spring-boot; swagger-ui; travis-ci,small project to show how to build a java spring boot project with docker and travis
250818329,j-perry/spring-boot-sample-mvc-app,https://github.com/j-perry/spring-boot-sample-mvc-app,flag:name:sample,java; java-11; spring-boot; spring-boot-2; spring-mvc-application,"A basic Spring Boot 2 MVC application that provides developers the basis to create standalone web applications written in JavaScript, HTML5, CSS, etc. This is not a RESTful Spring Boot based project, you can modify it to do so; there is however one available in my repository. This is a project I will be using in an upcoming pet project."
251564492,StutiBansal21/TechnicalBlog,https://github.com/StutiBansal21/TechnicalBlog,flag:description:how to,java; postgresql; spring-boot,basic project of java using spring boot and  postgress to show how to connect both
244735692,shayandaneshvar/learning-spring-cloud,https://github.com/shayandaneshvar/learning-spring-cloud,flag:name:learning,circuit-breaker; ddd-architecture; eureka-client; eureka-server; eureka-service-discovery; feign; hystrix; hystrix-dashboard; microservices-architecture; spring-boot; spring-cloud; spring-data-jpa; swagger-ui; swagger2,
244212248,akadir/spring-demo,https://github.com/akadir/spring-demo,flag:name:demo,mapstruct; mdc; spring-aop; spring-aop-in; spring-boot; swagger-documentation,An example Spring Boot project
252287954,Karaya-12/MyBatisSpringBootDemo,https://github.com/Karaya-12/MyBatisSpringBootDemo,flag:name:demo,demo; mybatis-springboot; spring-boot; swagger-ui; swagger2,MyBatis with Spring Boot Demo
242006397,rubytomato/demo-java13-spring2-h2,https://github.com/rubytomato/demo-java13-spring2-h2,flag:name:demo,h2-database; maven; spring-boot,
254814986,ttulka/ddd-example-ecommerce,https://github.com/ttulka/ddd-example-ecommerce,flag:name:example,architecture; ddd; design; domain-driven-design; event-driven; example; hexagonal-architecture; high-cohesion; java; low-coupling; modular-monolith; ood; oop; rich-domain-model; screaming-architecture; service-oriented-architecture; services; soa; spring; spring-boot,Domain-driven design example in Java with Spring framework
257534718,vaadin/vaadin-rest-example,https://github.com/vaadin/vaadin-rest-example,flag:name:example,example; rest; spring-boot; vaadin,Example of using REST services in a Vaadin application
252781388,redhat-developer/redhat-datagrid-tutorials,https://github.com/redhat-developer/redhat-datagrid-tutorials,flag:name:tutorial; flag:description:tutorial,caching; datagrid; distributed-systems; jcache; key-value-store; spring-boot,Red Hat Datagrid simple tutorials
254129130,curityio/spring-boot-openid-client-mtls,https://github.com/curityio/spring-boot-openid-client-mtls,flag:description:how to,code-example; financial-grade; mutual-tls; oauth2; openid-connect; spring-boot; website,An example on how to create an OpenID client with Spring Security that uses mutual TLS client authentication to retrieve the token.
256197002,uuhnaut69/spring-boot-cdc-alibaba-canal-example,https://github.com/uuhnaut69/spring-boot-cdc-alibaba-canal-example,flag:name:example,alibaba-canal; cdc; elasticsearch; mysql; spring-boot,An example for practice CDC from MySQL to Elasticsearch using Alibaba Canal
256270897,toniferr/spring-boot-jwt,https://github.com/toniferr/spring-boot-jwt,flag:description:course,jwt; spring-boot; web-token,"A springboot application using JSON Web Token for udemy course ""Spring Framework 5: Creando webapp de cero a experto (2020)"""
258624248,mayararysia/conference-demo,https://github.com/mayararysia/conference-demo,flag:name:demo,java; rest-api; restful-api; spring-boot; spring-framework; starter, REST API with Spring Boot 🍃
256439276,proteomicsunitcrg/qsample-server,https://github.com/proteomicsunitcrg/qsample-server,flag:name:sample,angularjs; computational-proteomics; full-stack-application; mass-spectrometry; quality-control; spring-boot," Full-stack system for the QSample project, including both backend (Spring Boot) and frontend (QSample Client, AngularJS). Manages API requests, database interactions, and deployment via Docker Compose. "
252416925,dekmm/speedment-spring-app-example,https://github.com/dekmm/speedment-spring-app-example,flag:name:example,database; example; java; orm; speedment; spring; spring-boot,An example project containing a Speedment application with Spring Boot support
257364853,ankitech/spring-swagger-setup,https://github.com/ankitech/spring-swagger-setup,flag:description:how to,lombok-maven; openapi-specification; openapi3; spring-boot; swagger; swagger-ui; swagger2,This is an repository that shows how to set up swagger documentation in a spring project
255291984,P1100/Virtual-Labs,https://github.com/P1100/Virtual-Labs,flag:description:course,angular; html-css-javascript; java; jpa-hibernate; spring; spring-boot; spring-security-jwt; typescript,Final project for Internet Applications course
257669611,ankitech/spring-docker-setup,https://github.com/ankitech/spring-docker-setup,flag:description:how to,dcoker; docker-compose; fabric8-maven-plugin; maven-plugin; spring; spring-boot,This is an repository that shows how to set up automated docker images from a spring project
256276765,TofazzalTopu/spring-security-database-authentication-thymeleaf-example,https://github.com/TofazzalTopu/spring-security-database-authentication-thymeleaf-example,flag:name:example,itextpdf; jasperreports; oracle; spring-boot; spring-data-jpa; spring-mvc; spring-security; thymeleaf,"Spring Boot Database authentication with MySQL, Thymeleaf"
263834466,apache/camel-spring-boot-examples,https://github.com/apache/camel-spring-boot-examples,flag:name:example; flag:name:examples,camel; cloud-native; data-transformation; enterprise-integration-patterns; examples; integration; integration-framework; java; kafka; mcp; microservices; rest-api; spring-boot; yaml,Apache Camel Spring Boot Examples
259640970,vaadin/vaadin-oauth-example,https://github.com/vaadin/vaadin-oauth-example,flag:name:example,example; google-login; oauth2; spring-boot; vaadin,OAuth 2 and Google Sign-in for Vaadin
262824605,rewolf/blog-hmac-auth-webclient,https://github.com/rewolf/blog-hmac-auth-webclient,flag:description:how to,example; gist; hmac-authentication; signing; spring-boot; spring-webclient; spring-webflux; webclient,Example of how to do HMAC-based Auth with Spring's WebClient
264710860,mfvanek/spring-boot-open-telemetry-demo,https://github.com/mfvanek/spring-boot-open-telemetry-demo,flag:name:demo,docker; gradle; gradle-8; hacktoberfest; java; java-21; kafka; kotlin-dsl; open-telemetry; spring; spring-boot; spring-boot-3,Spring Boot Open Telemetry Demo
259527569,itqpleyva/spring-file-upload,https://github.com/itqpleyva/spring-file-upload,flag:description:how to,bootstrap; multipart-uploads; spring-boot; thymeleaf-template-engine,Example of how to upload files into a server using Spring Boot
260713451,vinayakmp007/simple-java-database-elastic-springboot,https://github.com/vinayakmp007/simple-java-database-elastic-springboot,flag:description:how to,docker; docker-compose; elasticsearch; elasticsearch-high-level-client; java; jpa; mysql-database; spring-boot,This is a small example of using SQL database along with ElasticSearch.So SQL database can be used to store relations and other information while ElasticSearch can be used for searching data effectively.This project shows how to synchronize data in database to ElasticSearch in near realtime.
262103965,Rohithv07/Java-Learning,https://github.com/Rohithv07/Java-Learning,flag:name:learning,bootstrap; css; design-patterns; html; java; jdbc; js; junit; restful-api; spring; spring-boot; spring-jpa,This all are the activities and handson during my Learning
258912600,zhouhao/spring-boot-jwt-example,https://github.com/zhouhao/spring-boot-jwt-example,flag:name:example,database; flywaydb; jwt; spring-boot; spring-security,Example spring boot project for spring security with jwt integration.
268003811,hantsy/spring-reactive-jwt-sample,https://github.com/hantsy/spring-reactive-jwt-sample,flag:name:sample,jwt; spring; spring-boot; spring-data-mongodb-reactive; spring-security; spring-webflux,Secures REST APIs with Spring Security and JWT Token-based Authentication powered by Spring Reactive stack
265881116,digitalsonic/learning-spring-samples,https://github.com/digitalsonic/learning-spring-samples,flag:name:sample; flag:name:samples; flag:name:learning,java; spring-boot; spring-cloud; spring-framework,《学透Spring: 从入门到项目实战》代码示例
267096348,alexmarqs/springboot-multimodule-example,https://github.com/alexmarqs/springboot-multimodule-example,flag:name:example,docker; multi-module-project; spring-boot,📂 Spring Boot multi-module application example
270582509,piomin/sample-springboot-dekorate-istio,https://github.com/piomin/sample-springboot-dekorate-istio,flag:name:sample,dekorate; istio; kubernetes; spring-boot,Demo illustrating Spring Boot deployment on Kubernetes with automatic manifests generation with Dekorate 
269670960,Cepr0/sb-oauth2-mfa-demo,https://github.com/Cepr0/sb-oauth2-mfa-demo,flag:name:demo,mfa; oauth2; otp; spring-boot; two-factor-authentication,Spring Boot application with OAuth2 and multi-factor authentication
267200481,bearBoy80/spring-boot-demo,https://github.com/bearBoy80/spring-boot-demo,flag:name:demo,docker; java; jwt; oauth2; redis; spring; spring-boot; spring-boot-actuator; spring-boot2x; spring-security,springboot 整合各种组件demo，目前已经整合form表单认证、httpBasic 认证、手机验证认证，redis、spring task，后期会整合更多认证方式
268071342,dilaverdemirel/spring-cloud-stream-outbox-extension-example,https://github.com/dilaverdemirel/spring-cloud-stream-outbox-extension-example,flag:name:example,spring-boot; spring-cloud-stream,It shows spring-cloud-stream-outbox-extension how is work.
266872913,Svitlana-Berezhna/registration-form,https://github.com/Svitlana-Berezhna/registration-form,flag:description:course,java; lombok; spring-boot; spring-framework,Registration Form (Homework № 8 of the Java Software Development Course).
272407759,piomin/sample-spring-boot-on-kubernetes,https://github.com/piomin/sample-spring-boot-on-kubernetes,flag:name:sample,kubernetes; maven; mongo; mongodb; okteto; okteto-cloud; spring-boot; spring-data; spring-data-mongodb; spring-devtools,Spring Boot on Kubernetes Demo Project
275105507,anthunt/spring-boot-aws-xray-sample,https://github.com/anthunt/spring-boot-aws-xray-sample,flag:name:sample,aws-xray; demo; feign-client; hikaricp; java; jdbc; mybatis; sample; spring-boot,AWS XRay tracing helper configuration and Demo for spring boot with java.
271513261,zhuyizhuo/spring-boot-samples,https://github.com/zhuyizhuo/spring-boot-samples,flag:name:sample; flag:name:samples,spring-boot,"Spring Boot 示例工程, Spring Boot 3.x 版本连载中！！！"
271999817,bonggalshn/spring-demo,https://github.com/bonggalshn/spring-demo,flag:name:demo,java; javaspringboot; rest-api; spring-boot,Simple Rest API using java spring boot
272486206,dieterOltean/online-shop,https://github.com/dieterOltean/online-shop,flag:description:bootcamp,hibernate-relationships; java; mysql; oop; spring-boot,Back-end for the Online-shop app. Build for the final exam at the Java Bootcamp.
274561686,CUBETIQ/backend-sample-config-client,https://github.com/CUBETIQ/backend-sample-config-client,flag:name:sample,java; spring-boot,Backend Sample Config Client
272204065,imflamboyant/spring-boot-docker-example,https://github.com/imflamboyant/spring-boot-docker-example,flag:name:example,docker-compose; maven; postgresql; rest; spring-boot,
274147567,CUBETIQ/backend-demo-training,https://github.com/CUBETIQ/backend-demo-training,flag:name:demo,java; kotlin; spring; spring-boot,CUBETIQ Spring Backend Training
274652221,wmmxsd/spring-boot-elasticsearch-demo,https://github.com/wmmxsd/spring-boot-elasticsearch-demo,flag:name:demo,elasticsearch; rest-high-level-client; spring-boot,spring-boot-elasticsearch-demo
283997116,piomin/sample-spring-boot-graphql,https://github.com/piomin/sample-spring-boot-graphql,flag:name:sample,graphiql; graphql; h2; hibernate; jpa; netflix-dgs; netflix-oss; spring-boot; spring-data-jpa; spring-graphql,Demo application illustrating advanced usage of GraphQL with Spring Boot like filtering or relationship fetching
287572223,fraktalio/courier-demo,https://github.com/fraktalio/courier-demo,flag:name:demo,axon-framework; cqrs; ddd; demo-app; event-sourcing; eventmodeling; java; microservices; spring-boot,"Axon demo - `Courier Management` Information System - A part of the systems landscape: https://github.com/fraktalio/courier-demo, https://github.com/fraktalio/restaurant-demo, https://github.com/fraktalio/order-demo"
286183869,gunkim/spring-security-jwt-sample,https://github.com/gunkim/spring-security-jwt-sample,flag:name:sample,jwt; spring-boot; spring-security,"Java 25, Spring Boot 4, Spring Security Jwt Sample"
282697375,j-barata/marketbasket-sbp-sample,https://github.com/j-barata/marketbasket-sbp-sample,flag:name:sample,pf4j; plugins; sbp; spring-boot,A dummy project to test the SBP library.
277105460,paipai-pai/Demo-face,https://github.com/paipai-pai/Demo-face,flag:name:demo,ai; java; python; spring-boot,python实习项目，主要是基于人脸识别与人脸深度融合开发的一些小功能，例如人脸注册登录，AI换脸等等，希望能为你提供帮助
287094984,cicsdev/cics-java-liberty-springboot-transactions,https://github.com/cicsdev/cics-java-liberty-springboot-transactions,flag:description:how to,cics; gradle-build; java; liberty; maven-pom; spring-boot,Java™ application demonstrating how to create a transactional Spring Boot application for use in CICS® Liberty
280734982,AndriyKalashnykov/spring-boot-demo,https://github.com/AndriyKalashnykov/spring-boot-demo,flag:name:demo,buildkit; buildpacks; docker-image; dockerfile; github-workflows; kaniko; restful-api; skaffold; spring-boot; swagger; swagger-api; swagger-ui,"Spring Boot Container Pipeline Reference — hardened Dockerfile, Buildpacks, Kaniko & Skaffold image builds with Trivy- & cosign-signed GHCR delivery"
279845854,FuriousPws002/cas-pac4j-example,https://github.com/FuriousPws002/cas-pac4j-example,flag:name:example,cas; pac4j; shiro; spring-boot; sso; sso-client; sso-server,CAS Server CAS Client Pac4j integration
278773946,rewolf/blog-webclient-payload-logger,https://github.com/rewolf/blog-webclient-payload-logger,flag:description:how to,blog; example; reactor-core; spring-boot; spring-webflux; webclient,Example of how to log serial payloads in Spring WebClient
284861881,pablosilvab/demo-backend-spring-boot,https://github.com/pablosilvab/demo-backend-spring-boot,flag:name:demo,docker; docker-compose; java; maven; spring; spring-boot; spring-data-jpa; springboot,Backend build with Spring Boot 
284224133,fengsam6/cloundDemo,https://github.com/fengsam6/cloundDemo,flag:name:demo,microservices-architecture; mybatisplus; spring-boot; springclound,基于nacos、ribbion、feign、sentinel练习spring cloud，巩固spring clound理解
282953633,riquerezende/messaging-stomp-websocket-sample,https://github.com/riquerezende/messaging-stomp-websocket-sample,flag:name:sample; flag:description:tutorial,java; spring; spring-boot; stomp; stompwebsocket; websocket,Spring Tutorial - Using WebSocket to build an interactive web application
280753722,francescofiora/books,https://github.com/francescofiora/books,flag:description:tutorial,gradle; java; mockito; spring-boot; swagger3,Rest Api tutorial
280488827,Bernardo-MG/spring-boot-executable-jar-example,https://github.com/Bernardo-MG/spring-boot-executable-jar-example,flag:name:example,example; executable; maven; spring-boot,Example of an executable JAR with Spring Boot.
282967143,cyberdevcorp/springboot-tuto-books-api,https://github.com/cyberdevcorp/springboot-tuto-books-api,flag:description:tutorial,docker; docker-compose; docker-container; h2-database; java; redis; spring-boot; springboot2; swagger-ui; swagger2,Springboot learning tutorial during my UDEV integration to CGI
293116666,hantsy/spring-r2dbc-sample,https://github.com/hantsy/spring-r2dbc-sample,flag:name:sample,r2dbc; r2dbc-h2; r2dbc-mssql; r2dbc-mysql; r2dbc-oracle; r2dbc-postgresql; spring; spring-boot; spring-data-r2dbc; testcontainers,"Code samples for demonstrating R2dbc, Spring R2dbc, and Spring Data R2dbc."
289421697,ben-jamin-chen/kafka-streams-redis-statestore,https://github.com/ben-jamin-chen/kafka-streams-redis-statestore,flag:description:how to,avro; docker-compose; java; java-25; java25; jedis; kafka-streams; openapi3; redis; restful-api; spring-boot; spring-boot-4; springdoc-openapi; swagger-ui,A demo project demonstrating how to read and write data into a Redis-backed state store using Kafka Streams (4.3.1)
299592065,piomin/sample-spring-amqp,https://github.com/piomin/sample-spring-amqp,flag:name:sample,kubernetes; rabbitmq; spring-amqp; spring-boot,Spring AMQP with Rabbit MQ
296044082,HackyleShawe/JavaBackEndDemos,https://github.com/HackyleShawe/JavaBackEndDemos,flag:name:demo,java; javaee; spring; spring-boot; spring-cloud,Java Web开发中（Java EE、Spring生态）常用的业务开发解决方案、组件整合、技术使用示例、项目骨架。
290817102,cicsdev/cics-java-liberty-springboot-jdbc,https://github.com/cicsdev/cics-java-liberty-springboot-jdbc,flag:description:how to,cics; gradle-build; java; jdbc; liberty; maven-pom; spring-boot,Java™ Spring Boot application demonstrating how to use the Spring Boot JdbcTemplate in CICS® Liberty
299660659,hoelee/springboot-hoelee-demo,https://github.com/hoelee/springboot-hoelee-demo,flag:name:demo,caffeine; h2; java; portfolio; postgresql; rest-api; spring-boot; spring-data-jpa; spring-security; thymeleaf,"Portfolio showcase: modern Spring Boot app with Thymeleaf UI, Spring Data JPA, Caffeine caching, Spring Security, validation, and tests."
288426499,cicsdev/cics-java-liberty-springboot-link,https://github.com/cicsdev/cics-java-liberty-springboot-link,flag:description:how to,cics; gradle-build; java; maven-pom; spring-boot,Sample application that demonstrates how to use Link to Liberty to link to a Spring Boot Java™ application
290757888,cicsdev/cics-java-liberty-springboot-jdbc-multi,https://github.com/cicsdev/cics-java-liberty-springboot-jdbc-multi,flag:description:how to,gradle-build; java; jdbc; liberty; maven-pom; spring-boot,Java™ application demonstrating how to use the Spring Boot JdbcTemplate with multiple DataSources
298644691,Kevded/demo-java-predicates,https://github.com/Kevded/demo-java-predicates,flag:name:demo,java; nested-predicates; predicates; spring-boot,Example using Predicates and Functions Java.util.*
289174782,loveniit01/DockerSpringTomcatExample,https://github.com/loveniit01/DockerSpringTomcatExample,flag:name:example,docker; docker-compose; docker-container; docker-image; docker-spring-tomcat; dockerfile; dockerfiles; jar; java; java8; rest-api; spring; spring-boot; tomcat; tomcat9; war,war deploy on tomcat docker container by using docker compose
303085982,fraktalio/order-demo,https://github.com/fraktalio/order-demo,flag:name:demo,axon-framework; cqrs; ddd; demo-app; event-modeling; event-sourcing; java; microservices; spring-boot,"Axon demo - `Order Management` Information System - A part of the systems landscape https://github.com/fraktalio/courier-demo, https://github.com/fraktalio/restaurant-demo, https://github.com/fraktalio/order-demo"
302636528,piomin/sample-spring-security-microservices,https://github.com/piomin/sample-spring-security-microservices,flag:name:sample,keycloak; microservices; oauth2; spring-boot; spring-cloud-gateway; spring-security; spring-security-oauth2,Demo illustrating the usage of Spring Security in microservices built on top of Spring Boot and Spring Cloud 
307356090,JavaChinna/spring-boot-angular-oauth2-social-login-demo,https://github.com/JavaChinna/spring-boot-angular-oauth2-social-login-demo,flag:name:demo,angular10; jwt; oauth2; restful-api; social-login; spring-boot; spring-data-jpa; spring-security; spring-security-oauth2,"Spring Boot 2 + Angular 10 User Registration and OAuth2 Social Login with Facebook, Google, LinkedIn, and Github"
309413330,ttulka/ddd-example-ecommerce-microservices,https://github.com/ttulka/ddd-example-ecommerce-microservices,flag:name:example,architecture; ddd; docker; domain-driven-design; event-driven; example; kubernetes; microservices; oop; soa; spring-boot,Domain-driven design microservices example
309563640,gsdukbh/Java-demo,https://github.com/gsdukbh/Java-demo,flag:name:demo,demo; demo-app; java; rabbitmq; spring; spring-boot,Java实战项目demo。Java project demo
308132892,francescofiora/products,https://github.com/francescofiora/products,flag:description:tutorial,gradle; java; spring-boot; spring-security; swagger3,SpringBoot Rest Api tutorial
310809523,blaze-b/mc-java-demo-trainer,https://github.com/blaze-b/mc-java-demo-trainer,flag:name:demo,java; servelet; spring; spring-boot; spring-mvc,A complete java e2e features testing and running it make it workable solutions to be taken later
312035136,cicsdev/cics-java-liberty-springboot-jms,https://github.com/cicsdev/cics-java-liberty-springboot-jms,flag:description:how to,cics; gradle-build; java; jms; liberty; maven-pom; spring-boot,Java™ Spring Boot application to demonstrate how to use the Spring Boot JmsTemplate to integrate with CICS® using IBM® MQ as the JMS provider
312047344,wolvesmentality/sample-spring-boot-resilience4j,https://github.com/wolvesmentality/sample-spring-boot-resilience4j,flag:name:sample,actuator-spring-boot; aop-aspects; junit5; lombok; maven; resilience4j; spring; spring-boot; spring-rest,A simple spring boot application to play with resilience4j lib
315187507,ahsumon85/spring-boot-rest-oauth2-jpa-mysql,https://github.com/ahsumon85/spring-boot-rest-oauth2-jpa-mysql,flag:description:tutorial,hibernate-validator; jpa-hibernate; mysql; spring-boot; spring-security-oauth2; webservice,"In this tutorial, we'll secure a REST API using Spring Boot, JPA, MySQL, Hibernate validation with spring security cloud OAuth2 with Authorization Server + Resource Serve with jdbcTokenStore "
318835453,lmalakhova/spring-in-action-6-samples,https://github.com/lmalakhova/spring-in-action-6-samples,flag:name:sample; flag:name:samples,spring; spring-boot,"Example code from Spring in Action, Sixth Edition"
325839181,ZaTribune/springboot-webflux-thymeleaf-demo,https://github.com/ZaTribune/springboot-webflux-thymeleaf-demo,flag:name:demo,circleci; cooking; docker; hibernate; java; kitchen; mongodb; recipes; spring; spring-boot; spring-security; spring-webflux; thymeleaf,A fully-reactive spring boot web application.
323161385,binakot/Java-Spring-RabbitMQ-Example,https://github.com/binakot/Java-Spring-RabbitMQ-Example,flag:name:example,amqp; demo; example; hacktoberfest; hacktoberfest-accepted; java; rabbitmq; spring; spring-boot; spring-cloud,
314807054,Avec112/vaadin-security-demo,https://github.com/Avec112/vaadin-security-demo,flag:name:demo,java; spring-boot; spring-security; vaadin,Vaadin Spring Integration demonstrating authentication and authorization
314099975,misoboy/aws-codepipeline-demo-app,https://github.com/misoboy/aws-codepipeline-demo-app,flag:name:demo,aws; cicd; codepipeline; java; spring-boot,Spring Boot demo app for AWS CodePipeline CI/CD workflow
318029033,misoboy/aws-kms-encrypt-decrypt-demo,https://github.com/misoboy/aws-kms-encrypt-decrypt-demo,flag:name:demo,aws; encryption; java; kms; spring-boot,AWS KMS encrypt/decrypt demo using Spring Boot and AWS Java SDK
334173098,quarkus-for-spring-developers/examples,https://github.com/quarkus-for-spring-developers/examples,flag:name:example; flag:name:examples,event-driven; examples; java; kubernetes; kubernetes-native; quarkus; spring; spring-boot,Example code for the Quarkus for Spring Developers eBook
331738297,vrudas/spring-framework-examples,https://github.com/vrudas/spring-framework-examples,flag:name:example; flag:name:examples; flag:description:course,java; jwt-authentication; oauth2-client; remember-me; spring; spring-boot; spring-framework; spring-framework-5; spring-guides; spring-mvc; spring-security,An educational project with Spring Framework examples. Used for lectures at courses.
337444242,piomin/openshift-quickstart,https://github.com/piomin/openshift-quickstart,flag:description:workshop,amq-streams; kafka; knative; openshift; openshift-serverless; openshift-v4; quarkus; spring-boot; spring-cloud; spring-cloud-stream,Developer Workshops related to the Java development on OpenShift
333269792,yanghaiji/IT-Demo,https://github.com/yanghaiji/IT-Demo,flag:name:demo,flink; flink-examples; java; jdbctemplate; kafka; kettle; mybatis; nacos; netty; oauth2; redis; redisson; shardingsphere; skywalking-apm; spring; spring-boot; springcloud; testng; websocket; websockets,Springboot、SpringCloud、Nacos、JdbcTemplate、restTempalte、flink、kafka、mail、Oauth2、quartz、webSocket、shardingSphere、seata 、Jxls、Redisson、SpEL、Kettle、Skywalking、flyway、testng、websocket、netty企业多租户等学习代码示例
332690622,jeremylai7/springboot-learning,https://github.com/jeremylai7/springboot-learning,flag:name:learning,rabbitmq; redis; spring-boot,Spring Boot 整合各种组件，给大家分享，学习。欢迎 Star & Fork 的支持。
332851393,felleslosninger/idporten-oidc-demo-client,https://github.com/felleslosninger/idporten-oidc-demo-client,flag:name:demo,demo-app; eidas; idporten; java; spring-boot; team-idporten,Test client for OIDC for mainly automatic testing
333101442,ksbrwsk/pushover-notification-demo,https://github.com/ksbrwsk/pushover-notification-demo,flag:name:demo,push-notifications; pushover; pushover-notifications; spring-boot,Spring Boot App demonstrating the use of Pushover notifications.
328052121,izuno4t/springboot-doma2-example,https://github.com/izuno4t/springboot-doma2-example,flag:name:example,doma2; java; maven; spring-boot,SpringBootでDoma2を利用する場合の設定例です
334144252,negi524/spring-webflux-sample,https://github.com/negi524/spring-webflux-sample,flag:name:sample,gradle; spring; spring-boot; webflux,
329801546,misoboy/devops-spinnaker-sample-app,https://github.com/misoboy/devops-spinnaker-sample-app,flag:name:sample,cicd; java; kubernetes; spinnaker; spring-boot,Spring Boot sample app for Spinnaker CI/CD pipeline demonstrations
347050170,piomin/sample-spring-boot-saga-eventing,https://github.com/piomin/sample-spring-boot-saga-eventing,flag:name:sample; flag:description:how to,kafka; kafka-consumer; kafka-producer; knative; knative-eventing; kubernetes; skaffold; spring-boot; spring-cloud-function; spring-cloud-stream; spring-cloud-stream-kafka,Demo presenting how to use Spring Cloud Stream and Spring Cloud Function with Apache Kafka broker to implement SAGA pattern in event-driven communication.
340680321,wx-chevalier/ddd-examples,https://github.com/wx-chevalier/ddd-examples,flag:name:example; flag:name:examples,ddd; ddd-architecture; realworld; spring-boot,参考 DDD/Clean Architecture 设计理念，整合 Spring Boot/Spring Security/Mybatis Plus/Vavr 的 Spring Realworld 应用案例
344809727,piomin/sample-spring-boot-graalvm,https://github.com/piomin/sample-spring-boot-graalvm,flag:name:sample; flag:description:how to,graalvm; java; jib-maven-plugin; knative; kubernetes; native-image; skaffold; spring-boot,"Demo project that shows how to build Spring Boot applications with GraalVM and run them in serverless architecture, e.g. Knative on Kubernetes with Skaffold and Jib"
340024748,piomin/sample-spring-bluegreen-with-db,https://github.com/piomin/sample-spring-bluegreen-with-db,flag:name:sample,bluegreen-deployment; database-migrations; istio; jpa; kubernetes; liquibase; liveness; readiness; spring-boot,Demo applications and Kubernetes manifests for illustrating blue-green deployment strategy with database schema changes using tools like Liquibase and Istio
341367175,brian-emarquez/Learning-Java,https://github.com/brian-emarquez/Learning-Java,flag:name:learning,api; facelets; java; javaee; javaserver-faces; jdbc; jdk; jsp; mvc; netbeans; oop; oracle; servlets; servlets-jsp; sorting-algorithms; spring-boot,"☕  JAVA SE, POO, JDBC, Oracle,  Servlets, JavaEE, Web Services, JSF, EJB, JPA, PrimeFaces, Hibernate, Spring, Struts."
340620264,tian-qingzhao/spring-cloud-alibaba-demo,https://github.com/tian-qingzhao/spring-cloud-alibaba-demo,flag:name:demo,java; spring-boot; spring-cloud; spring-cloud-alibaba,Spring Cloud Alibaba的demo，集成了SpringCloudAlibaba的五大组件Nacos、Sentinel、Seata、Dubbo、RocketMQ。容器化的部署Docker、K8S。使用ELK实现分布式日志搜索。
343515095,4SoftwareDevelopers/demo-spring-firestore,https://github.com/4SoftwareDevelopers/demo-spring-firestore,flag:name:demo,firebase; firestore; generic-programming; generics; spring-boot,API REST Genérica creada usando Spring Boot y Firestore.
343604587,jiniya22/demo,https://github.com/jiniya22/demo,flag:name:demo; flag:description:tutorial,java; jpa; mariadb; maven; spring-boot; spring-data-jpa; springboot2,Spring Data JPA Tutorial (with Java8 + Spring Boot 2 + Spring Data JPA)
353785112,gregwhitaker/webflux-redis-example,https://github.com/gregwhitaker/webflux-redis-example,flag:name:example,reactive; redis; spring-boot; spring-webflux; webflux,Example of retrieving data from Redis in a Spring WebFlux application.
344945462,lsmhun/sm-demo,https://github.com/lsmhun/sm-demo,flag:name:demo,spring-boot; spring-security; state-machine; vuejs,Spring Boot State Machine demo
345947621,claudioaltamura/spring-boot-superheroes-example,https://github.com/claudioaltamura/spring-boot-superheroes-example,flag:name:example,github-actions; gradle; java; lombok; openapi; rest; rest-assured; spring-boot; springboot4,Spring Boot Superheroes example
355903290,workshops-de/Bookshelf_sample_solution,https://github.com/workshops-de/Bookshelf_sample_solution,flag:name:sample; flag:description:workshop,java; spring; spring-boot; spring-mvc; springboot,Sample solution for Spring Boot workshop
354898491,ZaTribune/springboot-activemq-sse-demo,https://github.com/ZaTribune/springboot-activemq-sse-demo,flag:name:demo,activemq-artemis; chatting; java; server-sent-events; spring-boot; spring-security; sse; thymeleaf,A demo application that demonstrates the use of JMS Messaging with Server Sent Events to deliver push messages to browser clients.
358683749,mmafrar/spring-mvc-crud-example,https://github.com/mmafrar/spring-mvc-crud-example,flag:name:example,java; jsp; spring-boot; spring-data-jpa; spring-mvc,Implementing Spring Boot MVC CRUD operations with JPA and JSP
359201994,tutorialworks/camel-json-api-example,https://github.com/tutorialworks/camel-json-api-example,flag:name:example,apache-camel; java; json; rest-api; spring-boot,Demo: Apache Camel REST API with JSON
354852653,jeftegoes/CleanArchitectureOverviewAndExamples,https://github.com/jeftegoes/CleanArchitectureOverviewAndExamples,flag:name:example; flag:name:examples,clean-architecture; java; spring-boot; uncle-bob,
355993695,JohnDuncanScott/example-rest-service,https://github.com/JohnDuncanScott/example-rest-service,flag:name:example,backend; bootstrap; example; frontend; fullstack; java; javascript; restful-api; spring-boot; vue,This project showcases a simple REST service
357282425,NikiRaykov/SoftUni-Software-Engineering,https://github.com/NikiRaykov/SoftUni-Software-Engineering,flag:description:course,html-css; java; javascript; mysql; quality-assurance; softuni-programming; software-engineering; spring-boot,Course exercises | SoftUni | Niki Raykov
356438417,Jhonysganzerla/spring-mockito-tests-example,https://github.com/Jhonysganzerla/spring-mockito-tests-example,flag:name:example,java; junit; mockito; spring-boot; study-project; tdd; testing,Projeto-exemplo de testes unitários e de integração em Spring Boot com Mockito e JUnit 5.
368490659,camunda-community-hub/Camunda-7-Spring-Boot-Tutorial-Lafayette,https://github.com/camunda-community-hub/Camunda-7-Spring-Boot-Tutorial-Lafayette,flag:name:tutorial; flag:description:tutorial,camunda-7; spring-boot,This project is used as part of a video tutorial in order to show how you can use various features of Camunda in a spring boot application
365941274,fengwenyi/spring-boot-demo,https://github.com/fengwenyi/spring-boot-demo,flag:name:demo,spring-boot,Spring Boot示例，以及Spring Boot与其他三方框架整合示例。在开发中遇到方便查询
367822341,sofieneBK/Hands-on-ci-cd-for-springboot-apps,https://github.com/sofieneBK/Hands-on-ci-cd-for-springboot-apps,flag:description:tutorial,aws-elastic-beanstalk; ci-cd; github-actions; java; sonarcloud; spring-boot,Code for Hands-on CI/CD for Spring Boot applications using GitHub Actions and AWS Tutorial
368103946,pedrohenriquelacombe/spring-rest-crud-example,https://github.com/pedrohenriquelacombe/spring-rest-crud-example,flag:name:example,java; lombok; spring; spring-boot; spring-data-jpa; spring-web,Use this repository as a basis to start the development of a new Java REST API.
366191901,couchbase-examples/java-springboot-quickstart,https://github.com/couchbase-examples/java-springboot-quickstart,flag:description:tutorial,couchbase; java; quickstart; spring; spring-boot; springboot,Entry level Couchbase Java Spring Boot tutorial/demo. Steps to build a REST API to manage user profile CRUD operations..
367652753,mehmetozanguven/spring-boot-examples,https://github.com/mehmetozanguven/spring-boot-examples,flag:name:example; flag:name:examples,spring-boot; spring-boot-jwt; springboot,Spring boot project examples
361807310,carlosfernandezcabrero/sample-springboot-swagger-api,https://github.com/carlosfernandezcabrero/sample-springboot-swagger-api,flag:name:sample,api-restful; java; spring-boot; swagger,Sample of a Spring Boot API that uses swagger for documentation.
368038816,yAshok8/docker-learning,https://github.com/yAshok8/docker-learning,flag:name:learning,docker; docker-image; dockerfile; spring-boot,Sample docker project
375681481,hantsy/spring-graphql-sample,https://github.com/hantsy/spring-graphql-sample,flag:name:sample,graphql; graphql-java; netflix-dgs; spring; spring-boot; spring-graphql,"Spring GraphQL examples using Netflix DGS, GraphQL Java and  Spring GraphQL"
372657197,rubykv/code-examples,https://github.com/rubykv/code-examples,flag:name:example; flag:name:examples,docker; java; kafka; microservice; mongodb; spring-boot; spring-cloud,code-examples is a collection of Java/Spring based software projects implemented as POCs (Proof Of Concept)
373283991,feltex/academicnet,https://github.com/feltex/academicnet,flag:description:tutorial,aws; docker; docker-compose; elasticbeanstalk; h2; h2-database; java; java11; jmeter; mysql; mysql-database; postman; spring; spring-boot; springboot,"Tutorial completo de uma aplicação com Spring Boot, JSF Primefaces, MySQL, Lombok, Docker e Docker-compose. "
374912333,mlopezsoto/dynamodb_spring-boot_learningwithmykids,https://github.com/mlopezsoto/dynamodb_spring-boot_learningwithmykids,flag:name:learning,dynamodb; java; spring-boot; spring-data-jpa,REST API providing services to manage family learning activities. Uses AWS DynamoDB and Spring Boot.
375526987,aarczynski/javademo,https://github.com/aarczynski/javademo,flag:name:demo,docker; hibernate; java; rest; spring-boot,A simple REST API service written in Java and Spring Boot with Hibernate.
381064402,larmic/spring-boot-demos,https://github.com/larmic/spring-boot-demos,flag:name:demo,docker; dockerfile; elasticsearch; java; keycloak; kotlin; postgres; postgresql; properties; rabbit; rabbitmq; rest-api; spring; spring-boot; springboot; testcontainers,Multiple spring boot samples written in Java or Kotlin.
378622398,nanotaboada/java.samples.spring.boot,https://github.com/nanotaboada/java.samples.spring.boot,flag:name:sample; flag:name:samples,api-development; backend; claude-code; continuous-delivery; continuous-integration; conventional-commits; docker; docker-compose; github-actions; integration-testing; java; java-examples; jdk25; learning-resource; proof-of-concept; rest-api; spring-boot; spring-boot-4; sqlite; swagger-ui,🧪 Proof of Concept for a RESTful Web Service built with Java / JDK 25 (LTS) and Spring Boot 4
377192129,Laura-bf/ITAcademy_Java,https://github.com/Laura-bf/ITAcademy_Java,flag:description:bootcamp,clean-code; design-patterns; gradle; java; jpa; junit; jwt; maven; mongodb; mysql; rest-api; solid-principles; spring-boot; swagger; tdd,"Backend Java portfolio — IT Academy Bootcamp, Barcelona 2021. From console fundamentals to Spring Boot microservices with SOLID principles and design patterns."
379079692,carlosggz/StreamDemoV2,https://github.com/carlosggz/StreamDemoV2,flag:name:demo,functional; spring-boot; spring-cloud-stream,Spring Cloud Stream demo using functional model
385561880,piomin/sample-spring-jpa-streamer,https://github.com/piomin/sample-spring-jpa-streamer,flag:name:sample; flag:description:how to,java; java-streams; jpa; jpa-hibernate; spring-boot; spring-data-jpa,Demo project showing how to express JPA queries with Java streams with the JPAstreamer library written in Spring Boot.
389187154,da0hn/stomp-protocol-example,https://github.com/da0hn/stomp-protocol-example,flag:name:example,esp32; spring-boot; stompwebsocket; websocket,Exemplo de comunicação ESP32-Spring Boot utilizando Stomp Protocol
382627266,KarolXX/Udemy-App,https://github.com/KarolXX/Udemy-App,flag:description:course,java; mysql; spring-boot,Website with programming courses (like Udemy)
382992738,acasado666/sample-kafka-AVRO,https://github.com/acasado666/sample-kafka-AVRO,flag:name:sample,avro; java; kafka; kafka-consumer; kafka-producer; kafka-topic; spring-boot,Kafka Producer Consumer demo using AVRO
389773888,amitrp/spring-examples,https://github.com/amitrp/spring-examples,flag:name:example; flag:name:examples; flag:description:tutorial,hibernate; jpa-hibernate; spring; spring-boot; spring-data-jdbc; spring-data-jpa; spring-data-rest; spring-mvc,Contains Spring and Spring Boot Code Samples used in https://www.amitph.com/ tutorials
394275818,aerospike-examples/spring-data-multiple-namespaces-example,https://github.com/aerospike-examples/spring-data-multiple-namespaces-example,flag:name:example,aerospike; example; namespaces; spring-boot; spring-data,Spring Data Aerospike with multiple namespaces example
389785494,pedrohenriquelacombe/spring-rest-advanced-search-example,https://github.com/pedrohenriquelacombe/spring-rest-advanced-search-example,flag:name:example,java; lombok; spring; spring-boot; spring-data-jpa; spring-web,This project is an example of how can we build advanced query search with Spring Data JPA.
391707966,brian-emarquez/Learning-SpringBoot,https://github.com/brian-emarquez/Learning-SpringBoot,flag:name:learning,java; microservice; spring-boot,"Spring Boot makes it easy to create stand-alone, production-grade Spring based Applications that you can just run. We take an opinionated view of the Spring platform and third-party libraries so you can get started with minimum fuss. Most Spring Boot applications need minimal Spring configuration."
392517856,Claudio-code/learning-spring-boot,https://github.com/Claudio-code/learning-spring-boot,flag:name:learning,docker; java; junit5; k8s; redis; restful-api; spring-boot,":memo: The project was created for studies how works it framework, how use redis cache and kafka here"
391506505,da0hn/webflux-mongodb-demo,https://github.com/da0hn/webflux-mongodb-demo,flag:name:demo,docker; java; mongodb; spring-boot; webflux,Demonstração de uma API REST implementada com Spring WebFlux e MongoDB
396393297,ghpm99/PersonAPI,https://github.com/ghpm99/PersonAPI,flag:description:bootcamp,digital-innovation-one; hibernate; java; spring-boot,Person API project from Digital Innovation One Bootcamp
401562444,hdmsantander/microservices-ops-demo,https://github.com/hdmsantander/microservices-ops-demo,flag:name:demo,demo; devops; elk; elk-stack; grafana; java; kafka; kafka-connect; metrics; micrometer; microservices; ops; prometheus; spring-boot; spring-cloud; spring-cloud-actuator; spring-cloud-stream; tracing; zipkin,"Spring Boot demo for observability, traceability and error analysis in a microservices environment. This repository contains examples of tracing, log and metric recopilation using Prometheus for Micrometer metrics which are displayed on Grafana, Zipkin for tracing, log analysis through the ELK stack using Kafka Connect for log ingestion using Kafka"
398507036,birkagal/college-finance-digital-twin,https://github.com/birkagal/college-finance-digital-twin,flag:description:course,agile-development; fullstack; integrative; java; spring-boot,Full stack project written using Java Spring Boot framework developed during Integrative Course with 5 other team members using Agile methodologie
404742920,netbuffer/spring-security-demo,https://github.com/netbuffer/spring-security-demo,flag:name:demo,filter; interceptor; jwt; restful-api; server; shiro; spring; spring-boot; spring-security; tomcat; web,spring-security test project ，shiro，permission framework，java security framework
403937034,wambugucoder/JAVA-GRAPHQL,https://github.com/wambugucoder/JAVA-GRAPHQL,flag:description:tutorial; flag:description:how to,graphql; graphql-java-kickstart; java-8; playground; spring-boot; voyager,A Tutorial of how to integrate Graphql with SpringBoot
403965325,claudioaltamura/java-micrometer-example,https://github.com/claudioaltamura/java-micrometer-example,flag:name:example,github-actions; gradle; java; micrometer-prometheus; spring-boot,Java Micrometer example with Prometheus
404164908,codenificient/learningsprings,https://github.com/codenificient/learningsprings,flag:name:learning; flag:description:tutorial; flag:description:course,java; learning; spring-boot,Learning Spring — Spring Boot tutorial project for Software Engineering course backend
401046197,akhileshmagdum/Spring-Framework-Learning,https://github.com/akhileshmagdum/Spring-Framework-Learning,flag:name:learning,aop; hibernate-validator; spring; spring-boot; spring-data-jpa; spring-mvc; spring-security; springframework,Spring Framework from Core to Spring-boot learning documented | Beginner Level.
404247049,nichsedge/spring-boot-react,https://github.com/nichsedge/spring-boot-react,flag:description:tutorial; flag:description:course,apap-tutorial; enterprise-architecture; fullstack; hibernate; java; jpa; junit; maven; react; rest-api; spring-boot; spring-security; thymeleaf; university-projects,A comprehensive enterprise development suite featuring Java Spring Boot backend and ReactJS frontend implementations for university APAP course tutorials & assignments.
402179501,spt-development/spt-development-demo,https://github.com/spt-development/spt-development-demo,flag:name:demo,auditing; logging; microservices; spring-boot; spring-jms; spring-mvc,Demonstrates the use of a number of the spt-development projects related to logging and auditing.
405619802,yusuf-daglioglu/jwt_spring_security_demo,https://github.com/yusuf-daglioglu/jwt_spring_security_demo,flag:name:demo,java; jwt; spring-boot; spring-security,JWT Spring Security Demo
405571939,sametakbal/tutorials,https://github.com/sametakbal/tutorials,flag:name:tutorial; flag:description:tutorial,reactjs; spring-boot; spring-data-jpa,Spring Boot Tutorials
408130593,likui628/spring-boot-realworld-example-app,https://github.com/likui628/spring-boot-realworld-example-app,flag:name:example,mybatis; realworld; spring-boot,real world example app backend
408778180,manumura/spring-kafka-demo,https://github.com/manumura/spring-kafka-demo,flag:name:demo,docker; kafka; spring; spring-boot,Spring Boot Kafka demo project
408616674,codenificient/employeemanager,https://github.com/codenificient/employeemanager,flag:description:tutorial,angular; bootsrap; fullstack; java; spring-boot,Employee Manager — Full-stack Spring Boot + Angular employee management app (AmigosCode tutorial)
407783830,netbuffer/oauth-protocol-demo,https://github.com/netbuffer/oauth-protocol-demo,flag:name:demo,api; git; hosts; javaee; javaweb; jwt; maven; oauth; oauth2; permission; restful; sa-token; spring; spring-boot; springframework; tomcat,oauth protocol test，oauth2 server/client endpoint，use sa-token，spring-boot
417960071,xsreality/spring-boot-tracing-demo,https://github.com/xsreality/spring-boot-tracing-demo,flag:name:demo,distributed-tracing; java; micrometer; opentelemetry; spring-boot,Distributed tracing with Spring Boot and OpenTelemetry
420726240,casdoor/casdoor-spring-boot-example,https://github.com/casdoor/casdoor-spring-boot-example,flag:name:example,auth; authn; casdoor; iam; java; oauth2; spring; spring-boot; sso,Spring Boot example app for Casdoor based on casdoor-spring-boot-starter
414649927,Spring-Dev-Community/spring-cloud-sample,https://github.com/Spring-Dev-Community/spring-cloud-sample,flag:name:sample,spring; spring-boot; spring-cloud,This module contains articles about Spring Cloud
416316521,bzb0/spring-cloud-contract-demo,https://github.com/bzb0/spring-cloud-contract-demo,flag:name:demo,java; spring-boot; spring-cloud-contract,Demo project for Spring Cloud Contract.
416441189,bzb0/spring-cloud-sleuth-demo,https://github.com/bzb0/spring-cloud-sleuth-demo,flag:name:demo,docker; docker-compose; java; spring-boot; spring-cloud-sleuth; spring-cloud-sleuth-zipkin,"Multi service/module project, which demonstrates the usage of Spring Cloud Sleuth and Zipkin."
413731221,ctemelkuran/gittigidiyor-graduation-project-ctemelkuran,https://github.com/ctemelkuran/gittigidiyor-graduation-project-ctemelkuran,flag:description:bootcamp,docker; hibernate; java; mongodb; mvc; spring-boot,Loan application system for bank customers - Java Spring Bootcamp Graduation Project
420774920,gianlucampos/curso-spring-boot-ionic-backend,https://github.com/gianlucampos/curso-spring-boot-ionic-backend,flag:description:course,hibernate; jwt-token; mongodb; mysql; rest-api; s3; spring-boot,Aplicação desenvolvida durante o curso https://www.udemy.com/course/spring-boot-ionic/
424919031,ReLive27/spring-security-oauth2-sample,https://github.com/ReLive27/spring-security-oauth2-sample,flag:name:sample,java; jwk; jwt; oauth2; oauth2-device-code-flow; opaque-tokens; openid-connect; pkce-flow; pkce-oauth; rotating-key; spring; spring-authorization-server; spring-boot; spring-security; springcloud,This module is based on Spring Authorization Server and contains information on using Spring Security OAuth2
423869594,piomin/sample-spring-cloud-stream-kafka,https://github.com/piomin/sample-spring-cloud-stream-kafka,flag:name:sample,kafka; kafka-streams; spring-boot; spring-cloud; spring-cloud-stream; spring-cloud-stream-kafka-stream,Demo illustrating the usage of Spring Cloud Stream  in order to integrate with Kafka Streams
424885540,javiertuya/samples-test-spring,https://github.com/javiertuya/samples-test-spring,flag:name:sample; flag:name:samples,bdd; ci-cd-pipeline; github-actions; java; jbehave; jenkins; junit; maven; spring-boot; testing,Ejemplos de automatización de pruebas con Spring Boot
427763720,mmushfiq/parcel-delivery-system-demo,https://github.com/mmushfiq/parcel-delivery-system-demo,flag:name:demo,common-swagger; docker-compose; jwt; kafka; kong-api-gateway; konga; multi-module-project; netflix-zuul; postgresql; redis; spring-boot; spring-cloud-gateway; spring-cloud-stream; spring-security; swagger,Parcel Delivery System Demo
423061812,Spring-Dev-Community/spring-boot-sample,https://github.com/Spring-Dev-Community/spring-boot-sample,flag:name:sample,spring; spring-boot,This module contains articles about Spring Boot
427786068,Romariorfr/projeto_dscatalog,https://github.com/Romariorfr/projeto_dscatalog,flag:description:bootcamp,java; jpa-hibernate; spring-boot,"Projeto backend web construído durante as aulas do primeiro módulo do bootcamp spring react 3.0, evento organizado pela DevSuperior."
428309382,mimaraslan/devops-demo,https://github.com/mimaraslan/devops-demo,flag:name:demo,devops; docker; java; jenkins; junit; kubernetes; maven; spring-boot,DevOps Jenkins
423142482,alnao/JavaSpringBootExample,https://github.com/alnao/JavaSpringBootExample,flag:name:example,docker; docker-compose; hexagonal-architecture; java; microservice; minikube; spring-boot; swagger; swagger-ui,JavaSpringBootExample
432667839,AlanBinu007/ReactJs-SpringBoot-Full-Stack-Development,https://github.com/AlanBinu007/ReactJs-SpringBoot-Full-Stack-Development,flag:description:workshop,jpa-hibernate; mysql; reactjs; spring-boot,"💥💥Full Stack Development  using ReactJs and Spring Boot. Here we are used MySql, MongoDb and PostgreSql database to store the data. We also implemented the Spring Security. Here we can understand add, view, edit and delete  operations. This is the template/project that we are given to our junior colleagues in our college knowledge workshop"
431090139,infinispan-demos/infinispan-sqlstore-demo,https://github.com/infinispan-demos/infinispan-sqlstore-demo,flag:name:demo,infinispan; infinispan-server; persistence; postgresql; quarkus; spring-boot; spring-boot-3,SQL Store showcasing capabilities of Infinispan Table and Query caches with persistence
433609243,vpavic/samples-spring-sse-redis,https://github.com/vpavic/samples-spring-sse-redis,flag:name:sample; flag:name:samples,java; redis; samples; server-sent-events; spring-boot; spring-data-redis; spring-framework,Samples: Spring Server-Sent Events with Redis
430430829,ttimot24/mndwrk-webinar-kafka-demo,https://github.com/ttimot24/mndwrk-webinar-kafka-demo,flag:name:demo,connect; kafka; kafka-streams; ksqldb; mndwrk; schema-registry; spring-boot; zilla,MNDWRK - Apache Kafka Webinar
431855412,camille-fs/springboot_crud_demo,https://github.com/camille-fs/springboot_crud_demo,flag:name:demo,api; java; spring-boot,Crud Api Spring boot
438206806,bezkoder/spring-boot-login-example,https://github.com/bezkoder/spring-boot-login-example,flag:name:example,authentication; authorization; jwt; jwt-auth; jwt-authentication; jwt-authorization; jwt-token; login; mysql; rest-api; spring-boot; spring-data-jpa; spring-security; token-based-authentication,"Spring Boot Login and Registration example with MySQL, JWT, Rest Api - Spring Boot Spring Security Login example"
437907342,dsyer/spring-boot-js-demo,https://github.com/dsyer/spring-boot-js-demo,flag:name:demo,javascript; spring; spring-boot,These samples explore the different options that Spring Boot developers have for using Javascript and CSS on the client (browser) side of their application.
440606797,nbicocchi/learn-microservices,https://github.com/nbicocchi/learn-microservices,flag:description:course,containerization; devops; microservice; mlops; software-architecture-and-design; spring-boot,"Advanced course on tools and practices aiming at designing, developing, deploying and maintain in production microservice architectures."
441155760,cuberhaus/subgrup-prop7.1,https://github.com/cuberhaus/subgrup-prop7.1,flag:description:course,design-patterns; java; recommender-system; spring-boot; upc,"Recommender system project (FIB-UPC, PROP course): three-layer Java application (Domain, Persistence, Presentation) with software design patterns."
437937053,syedsohel22/java-learning,https://github.com/syedsohel22/java-learning,flag:name:learning,java; maven; spring-boot; spring-mvc; spring-security,Learning Java Backend Developement
440274917,EvertonTrennepohl/IGTI-Bootcamp-TechPan-DesafioFinal-Backend,https://github.com/EvertonTrennepohl/IGTI-Bootcamp-TechPan-DesafioFinal-Backend,flag:description:bootcamp,h2-database; heroku; java; maven; spring-boot; spring-data-jpa; spring-mvc,API ngFood - Backend do desafio final do Bootcamp IGTI - Desenvolvedor Tech Pan. API disponível em https://app-ngfood.herokuapp.com/cardapio .
441885001,bzb0/spring-cloud-zookeeper-demo,https://github.com/bzb0/spring-cloud-zookeeper-demo,flag:name:demo,java; microservices; spring-boot; spring-cloud; zookeeper," Multi microservice/module project, which demonstrates the usage of Spring Cloud Zookeeper."
440640891,vulna-felickz/my-spring-log4j-vuln-sample,https://github.com/vulna-felickz/my-spring-log4j-vuln-sample,flag:name:sample,java; spring; spring-boot,
450540635,piomin/sample-spring-kafka-microservices,https://github.com/piomin/sample-spring-kafka-microservices,flag:name:sample; flag:description:how to,kafka; kafka-streams; spring-boot; spring-kafka,Example microservices showing how to use Kafka and Kafka Streams with Spring Boot on the example of distributed transactions implementations with the SAGA pattern 
445454324,evrentan/spring-boot-project-example,https://github.com/evrentan/spring-boot-project-example,flag:name:example,java; maven; open-source; spring-boot,Spring Boot Project Example by Evren Tan
445601141,soyeon207/blog_example,https://github.com/soyeon207/blog_example,flag:name:example,example; spring-boot; velog,🗂 블로그 샘플 예제 (velog)
447232971,PiotrZielonka/infinityshopping-example-shop,https://github.com/PiotrZielonka/infinityshopping-example-shop,flag:name:example,angular; bootstrap; continuous-delivery; continuous-integration; github-actions; h2-database; hibernate; java; jhipster; junit5; jwt; liquibase; maven; postgres; rest-api; spring-boot; spring-framework; sql; testing; typescript,This is an example shop built on the InfinityShopping platform. It showcases features and functionalities of the platform.
445769878,ngbsn/sample-spring-boot-jms-transaction-ibm-mq,https://github.com/ngbsn/sample-spring-boot-jms-transaction-ibm-mq,flag:name:sample,ibm-mq; java-8; jms; spring-boot; transaction; transactional,"Example Implementation of JMS transactions in Spring Boot using JMS Listener, JMS Template for IBM MQ"
444043664,CodeCoderCoding/Spring-Boot-Demo,https://github.com/CodeCoderCoding/Spring-Boot-Demo,flag:name:demo,spring-boot,Spring-Boot的Demo。Spring-Boot基础、Spring-Boot与数据库、Spring-Boot与安全、Spring-Boot与消息队列
444357552,akshay-kamath/guestbook-application-spring-cloud,https://github.com/akshay-kamath/guestbook-application-spring-cloud,flag:description:how to,google-cloud; spring-boot; spring-cloud,"A guestbook application built using Spring Cloud. It allows users to sign a guestbook and view all the entries. The application demonstrates how to use Spring Cloud for microservices architecture, including service discovery, load balancing, and configuration management."
448428430,wesleyav/graphql-spring-boot-sample,https://github.com/wesleyav/graphql-spring-boot-sample,flag:name:sample,graphiql; graphql; graphql-java; maven; playground; spring; spring-boot; tomcat,Projeto básico usando GraphQL e Spring Boot
446590771,wesleyav/spring-boot-basic-sample-h2,https://github.com/wesleyav/spring-boot-basic-sample-h2,flag:name:sample,h2-database; java; jpa; maven; spring-boot,Projeto Spring Boot com estrutura básica para utilizar com banco de dados H2.
444099205,ngbsn/sample-spring-boot-narayana-jpa-jms-ibm-mq,https://github.com/ngbsn/sample-spring-boot-narayana-jpa-jms-ibm-mq,flag:name:sample,database; ibm-mq; java-8; jms; jpa; jta; narayana-jta; oracle; spring-boot,"Example Implementation of distributed transactions involving JPA and JMS, using Narayana JTA and Spring Boot."
453137046,shiyindaxiaojie/eden-demo-cola,https://github.com/shiyindaxiaojie/eden-demo-cola,flag:name:demo,alibaba; architect; cola4; demo; spring-boot,"阿里巴巴 COLA 企业级架构最佳实践：融合 DDD 领域驱动设计、CQRS 读写分离与 SOLID 原则，覆盖领域建模、业务扩展、状态流转和复杂系统工程落地。 Enterprise-grade COLA architecture integrating DDD, CQRS, and SOLID, with practical patterns for domain modeling, business extensions, state transitions, and complex systems."
451725870,itwanger/codingmore-learning,https://github.com/itwanger/codingmore-learning,flag:name:learning,java; mybatis; spring; spring-boot,编程猫的学习教程
453137195,shiyindaxiaojie/eden-demo-layer,https://github.com/shiyindaxiaojie/eden-demo-layer,flag:name:demo,alibaba; architect; demo; java; layered-architecture; spring-boot,"阿里巴巴 Java 分层架构最佳实践：遵循《阿里巴巴 Java 开发手册》，提供清晰边界、工程规范与可落地示例。 Alibaba Java layered architecture aligned with Alibaba Java guidelines, featuring clear boundaries, engineering conventions, and production-oriented examples."
456689339,ZaTribune/springboot-kafka-streams-microservices-demo,https://github.com/ZaTribune/springboot-kafka-streams-microservices-demo,flag:name:demo,apache-kafka; docker; docker-compose; event-driven-microservices; java; kafka-streams; microservices; sagas; spring-boot; transaction-management,An e-commerce project that demonstrates the usage of Apache Kafka streams in microservices architecture.
452117676,guanyang/spring-base-demo,https://github.com/guanyang/spring-base-demo,flag:name:demo,cache; disruptor; docker; dubbo; elasticsearch; flink; gemfire; ignite; java; kafka; log; mq; mybatis-plus; pulsar; redis; spring-boot; testing; vertx; webflux,基于springboot2的常用组件示例
455504698,ifsantana/JavaArchSample,https://github.com/ifsantana/JavaArchSample,flag:name:sample,event-driven; hexagonal-architecture; java; mongodb; multimodule; ports-and-adapters; postgresql; restful-api; spring-boot,"Event Driven Sample Archtecture using DDD, CQRS, Hexagonal / Ports and Adapters Pattern http://wiki.c2.com/?PortsAndAdaptersArchitecture"
455666800,kgromov/spring-messaging-aqmp,https://github.com/kgromov/spring-messaging-aqmp,flag:description:how to,amqp; spring-boot; starter,Sample project that shows how to create spring-boot starter for AMQP messaging
457155320,Is3x/ls3-IaC,https://github.com/Is3x/ls3-IaC,flag:description:course,coursework; docker; eureka; infrastructure-as-code; java; microservices; spring-boot; spring-cloud,"Spring Cloud microservices for a demo bank, containerised and deployed via Docker Compose with Eureka discovery and centralised config (university coursework, 2022)"
461610834,1kevinson/BLOG-TUTORIALS,https://github.com/1kevinson/BLOG-TUTORIALS,flag:name:tutorial,angular; blog; docker; java; kubernetes; linux; oop-principles; spring-boot; typescript,Curated list of repositories and links attached to my blog articles
463242313,mariadb-developers/reactive-programming-java-examples,https://github.com/mariadb-developers/reactive-programming-java-examples,flag:name:example; flag:name:examples,java; mariadb; r2dbc; reactor; spring; spring-boot,"Reactive examples with Java, Project Reactor, and R2DBC"
463558124,sbstnc/example-spring-otel,https://github.com/sbstnc/example-spring-otel,flag:name:example,cli; gradle; grafana; hateoas; hexagonal-architecture; java; jooq; liquibase; loki; observability; opentelemetry; picocli; prometheus; spring-boot; tempo,An example Spring Boot service instrumented with OpenTelemetry
464539351,kunanan-tan/Watermark-example,https://github.com/kunanan-tan/Watermark-example,flag:name:example,java; pdf; spring-boot; watermark,example watermark
461263990,kunanan-tan/Swagger-Example,https://github.com/kunanan-tan/Swagger-Example,flag:name:example,java; spring-boot; swagger-ui,example swagger
467098805,sams52s/java_self_learning,https://github.com/sams52s/java_self_learning,flag:name:learning,java; jpa-hibernate; multithreading; postgresql; spring-boot,"This repository is for storing my notes, lectures, and references. Also, the practice code I have done during my learning"
469109798,bojanzdelar/Learning-management-system,https://github.com/bojanzdelar/Learning-management-system,flag:name:learning,angular; angular-material; docker; java; learning-management-system; microservices; mysql; spring-boot; spring-cloud; spring-security; tailwind-css; typescript,University's Learning management system web application implemented with microservices architecture. Built with Spring and Angular 
472939327,ilambrev/SoftUni_Java_Learning_Program,https://github.com/ilambrev/SoftUni_Java_Learning_Program,flag:name:learning,java; spring-boot; sql,Software Engineer With Java - SoftUni Professional Program
471295300,sohamkamani/spring-demo,https://github.com/sohamkamani/spring-demo,flag:name:demo; flag:description:how to,java; spring-boot,Example repository demonstrating how to create a RESTful HTTP server application using Spring boot
471758615,DashrathMundkar/cicd-java-maven-project,https://github.com/DashrathMundkar/cicd-java-maven-project,flag:description:how to,cicd; docker; java; java-8; jenkins; jenkins-pipeline; jenkinsfile; kubernetes; maven; open-source; sonarqube; spring-boot,This is simple java-maven project for cicd environment the purpose of project is to how to ship application from development to kubernetes environment using  CICD.
473274108,arsy786/student-demo,https://github.com/arsy786/student-demo,flag:name:demo,2022; demo; java; rest-api; spring-boot,Student Management System that provides basic CRUD functionality. This is part of a series of demo applications that each add more complexity to previous versions.
471362460,jonasmzsouza/ds-catalog,https://github.com/jonasmzsouza/ds-catalog,flag:description:bootcamp,heroku; java; netlify; postgresql; railway; reactjs; spring-boot; typescript,DS Catalog - Web full stack application developed in ReactJS and Java with Spring Boot framework. Cloud deployment with Heroku/Railway and Netlify. Built in the 10th DevSuperior Bootcamp class.
474258345,Vipcube/Demo-Spring-gRPC,https://github.com/Vipcube/Demo-Spring-gRPC,flag:name:demo; flag:description:how to,demo; grpc; spring-boot,This project let me know how to use in gRPC with Spring Boot.
471278658,Vipcube/Demo-SpringKafka-DistributedTransactions,https://github.com/Vipcube/Demo-SpringKafka-DistributedTransactions,flag:name:demo; flag:description:how to,kafka; kafka-streams; microservice; spring-boot; spring-kafka,This project demo saga distributed transactions how to work in Microservices with Kafka and Spring Boot.
477019665,shaart/demo-micrometer,https://github.com/shaart/demo-micrometer,flag:name:demo,grafana; maven; micrometer-prometheus; prometheus; sample-app; spring-boot,Spring Boot Web Micrometer metrics sample project for Prometheus + Grafana
482839245,jomatt/spring-boot-multitenant-sample,https://github.com/jomatt/spring-boot-multitenant-sample,flag:name:sample,multi-tenancy; multi-tenant; spring-boot,Spring Boot multi-tenant sample app
479297978,croz-ltd/nrich-demo-backend,https://github.com/croz-ltd/nrich-demo-backend,flag:name:demo,croz; java; jpa; nrich; spring-boot,Spring Boot application to showcase features of nrich libraries.
481277629,DNA-Evolutions/Java-REST-Client-Examples,https://github.com/DNA-Evolutions/Java-REST-Client-Examples,flag:name:example; flag:name:examples,dna; dna-evolutions; docker; genetic-algorithm; geocoding; georouter; java; jopt; openapi; rest-api; rest-client; restful; simulated-annealing; spring; spring-boot; swagger; traveling; tsp; vrp; vrptw,Examples for using DNA-Evolutions RESTful products
481224812,beemi/spring-boot-mongodb-example,https://github.com/beemi/spring-boot-mongodb-example,flag:name:example,crud-application; mongodb; rest-api; spring-boot; swagger; swagger-ui,Spring boot service with mongoDB CRUD example
487741356,sivaprasadreddy/sivalabs-youtube-code-samples,https://github.com/sivaprasadreddy/sivalabs-youtube-code-samples,flag:name:sample; flag:name:samples; flag:description:tutorial,java; spring-boot; video-tutorials; youtube,Sample code for my YouTube video tutorials
489647435,ReLive27/spring-security-sample,https://github.com/ReLive27/spring-security-sample,flag:name:sample,acl; authentication; authorization; cas; java; ldap-authentication; mfa; openpolicyagent; saml2; spring; spring-boot; spring-security; spring-security-5,This module contains articles about Spring Security
488465984,babudevandla/demo_bank_service,https://github.com/babudevandla/demo_bank_service,flag:name:demo,apiintegration; bank-management-system; banking-api; banking-applications; java; java-8; rest-api; restful-api; sample-project; spring-boot; spring-security; swagger-api; swagger-documentation; swagger-specification,demo_bank_service
486887525,ImanNazirah/demo,https://github.com/ImanNazirah/demo,flag:name:demo,java; spring-boot,Simple Restful Api Spring Boot Java.
489033021,gh-support-archive/sample-lorem,https://github.com/gh-support-archive/sample-lorem,flag:name:sample,kafka; liquibase; maven-multi-module; microservices-architecture; postgresql-database; sample-app; spring-boot,loripsum.net  text analyzer service.
492540232,abchau/architecture-by-examples,https://github.com/abchau/architecture-by-examples,flag:name:example; flag:name:examples,architecture; ddd-architecture; hexagonal-architecture; java; layered-architecture; spring; spring-boot,
487291793,dshong953/spring-boot-demo,https://github.com/dshong953/spring-boot-demo,flag:name:demo,gradle; java; jsp; mariadb; spring-boot; springboot,Very simple example for Spring Boot + Gradle + MariaDB
490513261,ycrao/spring-tutorials,https://github.com/ycrao/spring-tutorials,flag:name:tutorial; flag:description:tutorial,newest-stable-spring-version; spring-boot; spring-mvc; spring-tutorials,Spring tutorials/Spring 集成大全
494562771,OKaluzny/demoWithTests,https://github.com/OKaluzny/demoWithTests,flag:name:demo,aop-aspects; docker; docker-compose; flyway; java17; junit5; mapstruct; maven; postgresql; rest-api; spring-boot; spring-data-jpa; spring-security; springboot4; sql,Employee management system for hillel students 
499831356,s-lindenau/SoapContentTypeDemo,https://github.com/s-lindenau/SoapContentTypeDemo,flag:name:demo; flag:description:how to,apache-cxf; cxf; java; jax-ws; jaxws; soap; soap-client; soap-server; soap-web-services; soap-webservice; spring; spring-boot,A Java SOAP server and client to demonstrate how to rewrite the content type header in code and deal with UnsupportedMediaException
501669920,andrii-minchekov/graph-db-demo,https://github.com/andrii-minchekov/graph-db-demo,flag:name:demo; flag:description:how to,spring-boot; spring-data-neo4j,This repository demonstrates how to work with graph models and modelize graph data structures using the Spring Data Neo4j framework
503300175,bojanzdelar/learning-management-system-shared-library,https://github.com/bojanzdelar/learning-management-system-shared-library,flag:name:learning,java; learning-management-system; restful; shared-library; spring-boot,Shared library for Spring Boot RESTful microservices in Learning Management System
507053566,gh-support-archive/sample-netflix-oss-usage,https://github.com/gh-support-archive/sample-netflix-oss-usage,flag:name:sample,cloud-design-pattern; fault-tolerance; legacy; maven-multi-module; microservices-architecture; mongodb; mysql; service-discovery; spring-boot; spring-cloud; zipkin,"Microservice architecture with Spring Boot, Eureka, Hystrix, Config Server, minikube and Docker."
509473353,manumura/demo-spring-grpc-client,https://github.com/manumura/demo-spring-grpc-client,flag:name:demo,grpc; postgresql; spring; spring-boot; webflux,Spring Boot gRPC demo project
507030479,litsynp/spring-cloud-demo,https://github.com/litsynp/spring-cloud-demo,flag:name:demo,eureka; microservice; spring-boot; spring-cloud; spring-cloud-circuitbreaker; spring-cloud-loadbalancer; spring-cloud-openfeign,Learn the basics of microservices with Spring Cloud.
506420054,scalasm/microservices-java-kafka,https://github.com/scalasm/microservices-java-kafka,flag:description:course; flag:description:how to,java; kafka; learning; microservices; spring-boot,Project work for the course Learn how to create microservices that are based on CQRS & Event Sourcing. Powered by Spring Boot and Apache Kafka.
505085166,cheryalabalram/spring-boot-demo-h2-performance-inserts,https://github.com/cheryalabalram/spring-boot-demo-h2-performance-inserts,flag:name:demo,performance; persistable; spring-boot; spring3; springbatch,This project uses the spring boot v3.2.2 with Persistable interaface implementation
508999438,manumura/demo-spring-reactive-postgres,https://github.com/manumura/demo-spring-reactive-postgres,flag:name:demo,grpc; postgresql; spring; spring-boot; webflux,Spring Boot gRPC demo project
513372529,ZaTribune/springboot-ddd-demo,https://github.com/ZaTribune/springboot-ddd-demo,flag:name:demo,ddd-architecture; domain-driven-design; domain-driven-development; spring-boot,A demo project to demonstrate the concept of DDD [Domain Driven Design/Development] applied to a Spring boot Application.
514091236,QiaochunStudio/spring-boot-anyDemo,https://github.com/QiaochunStudio/spring-boot-anyDemo,flag:name:demo,druid; feign; gateway; generator; hystrix; java; log; mybatis-plus; oauth2; redis; rocketmq; seata; sentinel; spring; spring-boot; spring-cloud; spring-security; websocket,Springboot、SpingCloud、Nacos等等各种Java技术和运维技术Demo
510893939,carlosggz/MicroservicesDemoSpringV2,https://github.com/carlosggz/MicroservicesDemoSpringV2,flag:name:demo,microservices-architecture; spring-boot; spring-cloud,Microservices Architecture Demo using Spring Boot
514001286,theryanwatson/demo-spring-web-service,https://github.com/theryanwatson/demo-spring-web-service,flag:name:demo,demo; java; pragmatic-rest; rest; rest-api; spring; spring-boot; spring-mvc; thymeleaf,Pragmatic RESTful Web Application
516956639,hariom454/openapi-demo,https://github.com/hariom454/openapi-demo,flag:name:demo,api-documentation; java; openapi; openapi-specification; spring-boot; springboot; swagger,Demo project for openapi specification using spring boot.
515326439,jubafourali/clean-architecture-demo,https://github.com/jubafourali/clean-architecture-demo,flag:name:demo,clean-architecture; clean-code; java; open-source; spring; spring-boot,A short practical demo of Clean Architecture principles in a Spring Boot App
513195428,xgonzalezmur/demo-microservices,https://github.com/xgonzalezmur/demo-microservices,flag:name:demo,docker; eureka-service-discovery; microservices; postgresql; spring-boot,Contains microservices that handle voting on different programming languages and then persisting the information in a database. These applications are SpringBoot-based and packed inside a Docker container.
517429401,paulmeddaugh/thoughtweb,https://github.com/paulmeddaugh/thoughtweb,flag:description:course,axios; bootstrap-react; graphs; mobile-website; react; rest-api; spring-boot; spring-data-jpa,An online journal and note arranger that provides connections to overview one’s course of thoughts.
511728296,jeftegoes/HexagonalArchitectureOverviewAndExamples,https://github.com/jeftegoes/HexagonalArchitectureOverviewAndExamples,flag:name:example; flag:name:examples,alistair-cockburn; hexagonal-architecture; java; spring-boot,
512237612,da0hn/yet-another-repo-to-decouple-dependencies,https://github.com/da0hn/yet-another-repo-to-decouple-dependencies,flag:description:course,docker; docker-compose; java; mongodb; open-feign; solid; spring-boot,Repository to practice decoupling dependencies based on Udemy course `Desacoplamento de módulos com Spring Boot`
510268462,gh-support-archive/sample-booking-demand-api-etl,https://github.com/gh-support-archive/sample-booking-demand-api-etl,flag:name:sample,amqp; graphql-server; kubernetes; maven-multi-module; microservices-architecture; rabbitmq; rest-api; spring-boot; swagger-ui,"Sample Spring Boot application that uses some features provided by Spring Cloud, deployed on Kubernetes."
522119542,sivaprasadreddy/testcontainers-samples,https://github.com/sivaprasadreddy/testcontainers-samples,flag:name:sample; flag:name:samples,java; micronaut; quarkus; spring-boot; testcontainers,Sample projects using Testcontainers for Java
524548388,sivaprasadreddy/spring-boot-jooq-demo,https://github.com/sivaprasadreddy/spring-boot-jooq-demo,flag:name:demo; flag:description:how to,gradle; jooq; jooq-codegen; maven; spring-boot; testcontainers,SpringBoot + JOOQ Demo application demonstrating code generation using Testcontainers with Maven/Gradle and how to load associations
518361823,nil1729/spring-react-demo,https://github.com/nil1729/spring-react-demo,flag:name:demo,cors; docker; docker-compose; github-actions; postgresql; react; spring-boot; spring-rest-api,A simple demo full stack application using React and Spring Boot
524527054,ZaTribune/spring-security-demo,https://github.com/ZaTribune/spring-security-demo,flag:name:demo; flag:description:how to,account-service; java; maven; role-based-access-control; role-based-authorization; spring-boot; spring-security,"Master the Spring Security module, learn the basics of user authentication and authorization, know how to register security events, and get acquainted with various requirements, such as modern information security standards for web applications."
527853419,temporalio/spring-boot-demo,https://github.com/temporalio/spring-boot-demo,flag:name:demo,durable-execution; java; spring-boot; temporal,Sample application demonstrating Temporal JavaSDK Spring Boot integration
534464739,oktadev/auth0-micro-frontends-jhipster-example,https://github.com/oktadev/auth0-micro-frontends-jhipster-example,flag:name:example,consul; java; microfrontends; microservices; module-federation; spring-boot,Micro Frontends for Java Microservices
529022396,gthaka/demo-springboot,https://github.com/gthaka/demo-springboot,flag:name:demo,java; spring-boot; unlearning,"Unlearning Java, with Spring boot. AmigosCode https://youtu.be/9SGDpanrc8U"
532608194,nicolastmaia/csrs,https://github.com/nicolastmaia/csrs,flag:description:course,docker; elasticsearch; java; kibana; logstash; postgresql; recommender-system; spring-boot,"This was my final graduation project for my university course in Information Systems. It's a Recommender System for georreferenced content for another project called CidadeSocial, developed by professors and students from UFRRJ and UFRJ."
533603548,rishabhsairawat/resilience4j-demo,https://github.com/rishabhsairawat/resilience4j-demo,flag:name:demo,bulkhead; circuit-breaker; fault-tolerance; resilience4j; spring-boot,
526858836,42talents/blog-verify-database-content-from-a-karate-test,https://github.com/42talents/blog-verify-database-content-from-a-karate-test,flag:description:how to,atdd; karate-framework; spring-boot; testcontainers,Read this blog post to learn how to validate the database content direct from a karate test.
537501970,apache/casbin-jcasbin-spring-boot-example,https://github.com/apache/casbin-jcasbin-spring-boot-example,flag:name:example,abac; acl; auth; casbin; example; java; jcasbin; rbac; spring; spring-boot; springboot; starter,Example for casbin-spring-boot-starter
543839699,biojuampa/OpenBootcamp,https://github.com/biojuampa/OpenBootcamp,flag:description:bootcamp,css3; django; ejercicios; estudios; html5; java; javascript; ob; openbootcamp; python; spring-boot,Resolución de los ejercicios propuestos en los cursos de Open Bootcamp.
543985882,arsy786/spring-security-tutorials,https://github.com/arsy786/spring-security-tutorials,flag:name:tutorial,2022; java; roadmap; spring-boot,This repository serves as a comprehensive guide covering Spring Security for mastering the Spring Boot roadmap.
536032547,ToQuery/example-spring-sharding-sphere,https://github.com/ToQuery/example-spring-sharding-sphere,flag:name:example,shardingsphere; shardingsphere-jdbc; spring-boot; spring-boot-jpa,Spring Boot Jpa 读写分离、分库分表最佳实践
541491725,fyhkimyon/MailDemo,https://github.com/fyhkimyon/MailDemo,flag:name:demo,mail; spring-boot,📧一个基于SpringBoot的邮件发送Demo
555581837,piomin/sample-spring-kafka-transactions,https://github.com/piomin/sample-spring-kafka-transactions,flag:name:sample,kafka; kafka-producer; kafka-transactions; spring-boot; spring-data-jpa; spring-kafka; spring-transaction,Spring Boot demo apps for testing Kafka transactions with other resources like database
546776454,spring-projects/spring-graphql-examples,https://github.com/spring-projects/spring-graphql-examples,flag:name:example; flag:name:examples,graphql; spring; spring-boot; spring-graphql,Spring for GraphQL Examples
545058928,brankomilovanovic/Learning-Management-System,https://github.com/brankomilovanovic/Learning-Management-System,flag:name:learning,angular; java; mysql; portfolio; spring-boot,Learning Management System for the university and forum university :: [Angular + Spring Boot + MySQL]
556765241,EnduranceCode/microservices-playground,https://github.com/EnduranceCode/microservices-playground,flag:description:tutorial; flag:description:course,api; api-rest; java; microservices; spring; spring-boot,A collection of code and exercises developed while studying microservices architecture through courses and tutorials
548860533,yusufugurozbek/testcontainers-demo,https://github.com/yusufugurozbek/testcontainers-demo,flag:name:demo,intellij; intellij-idea; intellij-plugin; intellij-plugins; spring-boot; testcontainers; testcontainers-demo; testcontainers-java; testcontainers-port-updater; testcontainers-postgresql,"This is a basic RESTful Web service with Spring Boot for the ""Stop Emulating/Mocking, Get Started with Testcontainers"" talk."
551926087,TatuLund/uiunittest-demo,https://github.com/TatuLund/uiunittest-demo,flag:name:demo,integration-testing; java; spring-boot; testbench; testing; unit-testing; vaadin; vaadin23,Demo app of UI unit test with Vaadin 25 and Spring Boot 4
549507851,kgggh/java-spring-learning,https://github.com/kgggh/java-spring-learning,flag:name:learning,bucket-algorithm; docker-compose; event; java; kafka; modulith; open-feign; redis; spring; spring-boot; tdd; wiremock,"자바, 스프링 모듈 및 라이브러리 학습용도"
558274787,in28minutes/master-spring-and-spring-boot,https://github.com/in28minutes/master-spring-and-spring-boot,flag:description:tutorial,aws; docker; java; spring; spring-boot; spring-security,Spring and Spring Boot Tutorial For Absolute Beginners - 10-in-1 - Spring to Spring Boot to REST API to Full Stack to Containers to Cloud
566792409,Ken-Chy129/student-course-choosing,https://github.com/Ken-Chy129/student-course-choosing,flag:name:course,course-selection; high-concurrency; java; rabbitmq; redis; spring-boot,基于 Spring Boot + Redis + RabbitMQ 的高并发学生选课系统，支持选退课、课程管理、实时消息通知
560942118,da0hn/food-ordering-system,https://github.com/da0hn/food-ordering-system,flag:description:course,clean-architecture; ddd; docker; java; kafka; maven; microservices; modules; postgresql; saga-pattern; spring-boot,"Repository of course on Udemy `Microservices: Clean Architecture, DDD, SAGA, Outbox & Kafka`"
562033878,Bhaskar1312/spring-jpa-h2-swagger-demo,https://github.com/Bhaskar1312/spring-jpa-h2-swagger-demo,flag:name:demo,h2; spring; spring-boot; spring-jpa; swagger,
559700840,erebelo/spring-mongodb-demo,https://github.com/erebelo/spring-mongodb-demo,flag:name:demo,java; junit; mockito; mongodb; spring-boot,Java REST API project using Spring Boot 3 and MongoDB.
565560173,MikhailOk-creator/MusSpring-backend,https://github.com/MikhailOk-creator/MusSpring-backend,flag:description:course,docker; java; jwt; postgresql; spring-boot; spring-security,"Course Work in the discipline ""Development Of Server Parts Of Internet Resources"" from RTU MIREA."
563027692,Adriano1976/cloud-parking-aju,https://github.com/Adriano1976/cloud-parking-aju,flag:description:bootcamp,java; spring; spring-boot,"Esse projeto foi o resultado do desafio final do Bootcamp Québec Java Digital realizado pela Digital Innovation, tendo como objetivo final em realizar o Deploy na Nuvem de um Conjunto de API’s Desenvolvida em Spring no Heroku. "
563692281,rafeed035/WC-Team-Info-Demo,https://github.com/rafeed035/WC-Team-Info-Demo,flag:name:demo,java; jwt-authentication; postgresql; restful-api; spring-boot; spring-security,"This is a project that will store the T20 World Cup participating countries, the teams and the players. In this project RESTful services are implemented using Spring Boot. For security, Spring Security and JWT authentication is implemented. PostgreSQL is used as the database."
572644886,muhammedsedef/Kafka-Example,https://github.com/muhammedsedef/Kafka-Example,flag:name:example,couchbase; docker; kafka; kafka-ui; postgresql; spring-boot; wiremock; zookeeper,Kafka Example 
575569511,spring-guides/gs-graphql-server,https://github.com/spring-guides/gs-graphql-server,flag:description:how to,graphql; spring-boot,Building a GraphQL service :: Learn how to build a GraphQL service with Spring for GraphQL.
575670162,1506085843/grpc-spring-boot-demo,https://github.com/1506085843/grpc-spring-boot-demo,flag:name:demo,grpc; java; spring-boot,使用spring-boot来实现grpc的简单示例
574004473,isaackimdev/spring-boot-examples,https://github.com/isaackimdev/spring-boot-examples,flag:name:example; flag:name:examples,board; examepls; example; h2; java; jpa; jwt; mybatis; security; spring; spring-boot; spring-data-jpa; swagger; thymeleaf,Spring Boot Examples
572051697,qfmx/ddd-springboot-leave-example,https://github.com/qfmx/ddd-springboot-leave-example,flag:name:example,ddd; java; spring-boot,基于DDD架构的请假审批示例
568380028,Ionut-source/admin-db,https://github.com/Ionut-source/admin-db,flag:description:course,annotations; hibernate; html; java-8; mysql-database; spring-boot; spring-data-jpa; spring-mvc; spring-security; thymeleaf-template-engine,"I created a user who can be admin and he has access to all resources: courses, trainers, students, or a user can be just a trainer or just a student."
576002311,onidino/springbootwebapp,https://github.com/onidino/springbootwebapp,flag:description:course,java; mysql; rest-api; spring-boot; springboot-jpa,First Spring boot web app for the in28minutes course.
575080543,praveen1664/Information-Center,https://github.com/praveen1664/Information-Center,flag:description:workshop,java; java8; microservice; spring; spring-boot,This is a Java Project for Spring Architectural Workshops
575590444,cip-p/spring-boot-example,https://github.com/cip-p/spring-boot-example,flag:name:example,api-rest; assertj; cucumber; docker; h2-database; java; junit5; lombok; maven; openapi; spring; spring-boot; spring-security; swagger-ui; wiremock,Spring boot example for creating a CRUD Rest API using in memory H2 database.
567836993,lh39/liquibase-maven-demo,https://github.com/lh39/liquibase-maven-demo,flag:name:demo,demo; example; java; liquibase; liquibase-changelog; maven; maven-plugin-example; spring-boot,Example project to demonstrate usage of liqubase-maven-plugin to generate automated database changelogs (in combination with spring-boot)
568465781,wingstako/spring-mail-freemarker-example,https://github.com/wingstako/spring-mail-freemarker-example,flag:name:example,freemarker; smtp; spring-boot; spring-mail,Examples of using Spring Mail with FreeMarker
570747123,ToQuery/example-spring-data-jpa-multiple-databases,https://github.com/ToQuery/example-spring-data-jpa-multiple-databases,flag:name:example,multiple-databases; multiple-datasource; spring-boot; spring-boot-jpa,Spring Data Jpa Multiple Databases Sources 多数据源配置
567867305,hossensyedriadh/spring-microservices-demo,https://github.com/hossensyedriadh/spring-microservices-demo,flag:name:demo,asynchronous; gateway; java; kafka; microservice; reactive; reactor; reactor-netty; spring; spring-boot; spring-cloud; spring-security; webflux,Implementation of Reactive Microservices architecture using Spring Boot
573460808,GEESHEK/RealTimeTradingSimulator,https://github.com/GEESHEK/RealTimeTradingSimulator,flag:description:bootcamp,h2-database; java; rest-api; spring-boot; swing-gui; unit-testing,"Real-Time Trading simulator using live stock data from a yahoo API, with User data and purchase history stored in a one-to-many CRUD Repository. This was the final capstone project completed as a team during the 11th week of the bootcamp. I was the backend engineer for this project using spring boot. More info in the README file."
583335116,ali-bouali/spring-boot-3-jwt-security,https://github.com/ali-bouali/spring-boot-3-jwt-security,flag:description:how to,authentication; docker; docker-compose; intellij-idea; jwt; jwt-authentication; postgressql; spring-boot; spring-security,Sample project on how to implement JWT security based using Spring boot 3 and Spring security 6
576611966,tuyucheng7/taketoday-tutorial4j,https://github.com/tuyucheng7/taketoday-tutorial4j,flag:name:tutorial,java; maven; microservice; reactive; software-testing; sonarcloud; spring-boot,":star: Java code samples. for example, java core, spring ecosystem, database and persistence layer framework, microservices, software testing, reactive programming, design patterns, shell, docker, etc.."
576625206,bdostumski/learning-full-stack,https://github.com/bdostumski/learning-full-stack,flag:name:learning,aws; ci-cd-pipeline; docker; java; javascript; maven; react; spring-boot,Full Stack Spring Boot & React (PROFESSIONAL)
583418693,bdostumski/learning-microservices,https://github.com/bdostumski/learning-microservices,flag:name:learning,cloud-native; docker; java; kubernetes; maven; microservices; rabbitmq; spring-boot; zipkin,Microservices and Distributed Systems
576809715,Mikbac/Kafka-overview-and-examples,https://github.com/Mikbac/Kafka-overview-and-examples,flag:name:example; flag:name:examples,kafka; spring-boot,
582095227,butljon/r2dbc-demo,https://github.com/butljon/r2dbc-demo,flag:name:demo,jmeter; r2dbc-postgresql; rest-api; spring-boot; spring-data; spring-r2dbc; spring-reactive,Spring R2DBC Prototype
582605391,kostakis/ACMEFlix,https://github.com/kostakis/ACMEFlix,flag:description:how to,h2-database; java; maven; rest-api; spring; spring-boot,A simple java spring boot application to demonstrate how to build RESTful  APIs
585162857,fhsinchy/movieist,https://github.com/fhsinchy/movieist,flag:description:course,java; mongodb; spring-boot,REST API powered by Spring Boot written for a freeCodeCamp course
586808260,bezkoder/spring-boot-3-rest-api-example,https://github.com/bezkoder/spring-boot-3-rest-api-example,flag:name:example,crud; crud-api; crud-app; crud-application; crud-operation; crud-operations; crud-sample; rest-api; restapi; restful-api; spring; spring-boot; spring-boot-3; spring-boot3; spring-web; spring-web-mvc; springboot; springboot3,Spring Boot 3 Rest API example that implements CRUD operations - GET / POST / PUT / DELETE and filter requests
587703112,withwooyong/demo-mongo,https://github.com/withwooyong/demo-mongo,flag:name:demo,docker; java; mongodb; spring-boot; study,Spring Data MongoDB 연동을 도커로 띄워 확인한 학습용 스파이크.
592482810,ArukondaShiva/RestAPI_Books_Example,https://github.com/ArukondaShiva/RestAPI_Books_Example,flag:name:example,java; rest-api; spring-boot; spring-mvc,"A REST API is a type of web service that uses HTTP requests to GET, PUT, POST and DELETE data. It stands for ""Representational State Transfer"" and is a set of architectural principles for building web services that can be accessed from a variety of different applications. "
589007159,iamaryav/demo,https://github.com/iamaryav/demo,flag:name:demo,java; spring-boot,Java and Spring Boot
584472426,gabrieldimech/event-sourcing-spring-boot-akka-persistence,https://github.com/gabrieldimech/event-sourcing-spring-boot-akka-persistence,flag:description:how to,akka-persistence; event-sourcing-and-cqrs; maven; mysql; spring-boot; spring-boot-kafka,Demo app showing how to implement event sourcing with Spring Boot and AKKA Persistence
599977638,ali-bouali/oauth2-social-login,https://github.com/ali-bouali/oauth2-social-login,flag:description:how to,facebook-login; github; java; oauth2; social-authentication; spring; spring-boot; spring-security,"This repository contains a Spring Boot 3 project that demonstrates how to secure an API with OAuth 2.0 and provide social login using GitHub, Google, and Facebook."
592745900,lsd-consulting/spring-wiremock-stub-generator-example,https://github.com/lsd-consulting/spring-wiremock-stub-generator-example,flag:name:example,java; kotlin; spring; spring-boot; springmvc; wiremock,A project showing how the `spring-wiremock-stub-generator` can be used in a multi-project setup.
593665500,mohyehia/microservices-parent,https://github.com/mohyehia/microservices-parent,flag:description:tutorial,docker; docker-compose; elasticsearch; eureka-service-discovery; grafana; hibernate; java; maven; microservices; mongodb; mongodb-database; prometheus; rabbitmq; spring-boot; spring-boot-actuator; spring-cloud; spring-cloud-config; spring-cloud-gateway; spring-data-jpa; spring-data-mongodb,"This repository is for the new microservices tutorial using spring boot, spring cloud ...etc"
599361192,chenyl8848/springboot-demo,https://github.com/chenyl8848/springboot-demo,flag:name:demo,spring-boot,一个汇集 SpringBoot 集成各种开发场景的项目，包含集成 Swagger、统一返回结果、全局异常处理、参数校验、多源数据源、各种中间件等等... 
605894059,oktadev/auth0-java-microservices-examples,https://github.com/oktadev/auth0-java-microservices-examples,flag:name:example; flag:name:examples,java; microservices; spring-boot; spring-cloud; spring-cloud-gateway,Java Microservice Examples
606565482,h3yzack/springboot3-liquibase-example,https://github.com/h3yzack/springboot3-liquibase-example,flag:name:example,gradle; java; liquibase; maven; postgresql; spring; spring-boot,Spring Boot 3.x with Liquibase example project
604319716,omernaci/medium-samples,https://github.com/omernaci/medium-samples,flag:name:sample; flag:name:samples,apache-camel; bean; design-pattern; java; java-11; java-8; kubernetes; lambda; spring-boot,Example source codes on the blog
607868878,elayeboussama/init-ISIMM,https://github.com/elayeboussama/init-ISIMM,flag:description:course,java; maven; spring-boot; starter,Spring Boot starter/init project for ISIMM coursework (Java/Maven).
606974022,q888710631/mp-demo,https://github.com/q888710631/mp-demo,flag:name:demo,java; mybatis-plugin; spring-boot; spring-boot-2-7,spring boot + mybatis plus 多租户 以及各种框架整合
611210800,tarsislimadev/spring-boot-demo,https://github.com/tarsislimadev/spring-boot-demo,flag:name:demo,docker; java; spring-boot,Spring Boot Demo
608823165,bdostumski/learning-apache-kafka,https://github.com/bdostumski/learning-apache-kafka,flag:name:learning,apache-kafka; java; kafka; spring; spring-boot,Apache Kafka
609803274,otmanecherradi/learning-java,https://github.com/otmanecherradi/learning-java,flag:name:learning,intellij; java; spring-boot,Learning Java Development a bit at a time
607841938,lgomezruiz/Java-Exercises,https://github.com/lgomezruiz/Java-Exercises,flag:description:course,fundamentals-of-programming; java; maven; oop; poo; spring-boot; swing,"All my practical exercises with Java, both from Web Development course and the Internet"
621058706,daggerok/distributed-lock-mongodb-spring-boot-starter,https://github.com/daggerok/distributed-lock-mongodb-spring-boot-starter,flag:description:how to,docker-maven-plugin; fabric8-docker-maven-plugin; github-actions; java; lombok; maven; mongo; mongodb; mongodb-database; mongotemplate; spring-boot; spring-boot-2; spring-boot-3; spring-boot-starter-data-mongodb; spring-boot-starter-jetty; testcontainers; testcontainers-junit-jupiter; testcontainers-mongo; testcontainers-mongodb; vavr,This repository demonstrates how to implement custom written Distributed Lock starter based on Spring Boot and MongoTemplate with Testcontainers integration testing and fabric8 docker-maven-plugin
622628026,zbalogh/mspt-microservice-demo,https://github.com/zbalogh/mspt-microservice-demo,flag:name:demo,angular; clean-architecture; domain-driven-design; firebase-authentication; grafana; hexagonal-architecture; java; jpa-hibernate; kafka; keycloak; microservice; mongodb; oauth2; postgresql; prometheus; spring; spring-boot; spring-cloud; spring-web-mvc; spring-webflux,"MSPT Microservice Demo based on Spring Cloud and Spring Boot libraries. Using Firebase Authentication integrated to the API Gateway as OAuth2 resource server. It follows the clean (hexagonal) architecture as well as the Domain Driven Design approach. The used technologies: Spring WebMVC, WebFlux, JPA/Hibernate, Kafka, PostgreSQL, Mongo, Redis."
613375417,krll-dev/spring-demo-application,https://github.com/krll-dev/spring-demo-application,flag:name:demo,example-app; java; java17; spring-boot; springboot3,An example application with spring boot 
616785791,misoboy/devops-cicd-sample-app,https://github.com/misoboy/devops-cicd-sample-app,flag:name:sample,cicd; docker; github-actions; java; jenkins; spring-boot,"Spring Boot app for CI/CD pipeline demos with Jenkins, CircleCI, and GitHub Actions"
617818486,lsd-consulting/spring-wiremock-stub-generator-monorepo-example,https://github.com/lsd-consulting/spring-wiremock-stub-generator-monorepo-example,flag:name:example,java; kotlin; spring; spring-boot; springmvc; wiremock,A project showing how the `spring-wiremock-stub-generator` can be used in a mono-repo.
614832402,navpil/reactordemo,https://github.com/navpil/reactordemo,flag:name:demo,reactive-programming; reactor; spring; spring-boot,Reactive Java using Spring WebFlux as an example
614291849,aarczynski/javamicroservicesdemo,https://github.com/aarczynski/javamicroservicesdemo,flag:name:demo,docker; gatling; grafana; hibernate; java; observability; rest; spring-boot,A demo project for analyzing and demonstrating the performance of REST API written in Java and Spring Boot with Hibernate. Monitoring configured in Grafana stack. Gatling is used to generate load.
619570652,Hungpd170501/spring-react-example,https://github.com/Hungpd170501/spring-react-example,flag:name:example,aws-beanstalk; aws-rds; docker; github-actions; jib-maven-plugin; maven; postgresql-database; reactjs; slack; spring-boot,
631504565,ali-bouali/springboot-3-micro-service-demo,https://github.com/ali-bouali/springboot-3-micro-service-demo,flag:name:demo,config-server; discovery-service; eureka; gateway; microservice; spring-boot; zipkin,Micro services architecture with spring boot 3
630673940,oktadev/auth0-spring-boot-angular-crud-example,https://github.com/oktadev/auth0-spring-boot-angular-crud-example,flag:name:example,angular; oidc; spa; spring-boot; spring-security,Angular and Spring Boot CRUD Example
628223103,includeno/graalvm_springboot3_demo,https://github.com/includeno/graalvm_springboot3_demo,flag:name:demo,aop; graalvm; hibernate; spring-boot,
627055757,bakastrumpf/email-example,https://github.com/bakastrumpf/email-example,flag:name:example; flag:description:course,java; java-mail-sender; mail-sender; simple-mail; spring; spring-boot; springboot,"Spring Boot project based on MailSender, JavaMailSender and SimpleMailMessage | VOICT fullstack Java dev course | June 2021"
632468280,Woongyu/spring-cloud-example,https://github.com/Woongyu/spring-cloud-example,flag:name:example,microservice; spring-boot; spring-cloud; swagger,Spring Cloud Microservices example
626793882,Weaxs/graalvm-springboot-demo,https://github.com/Weaxs/graalvm-springboot-demo,flag:name:demo,embedding; graalvm; graalvm-demos; spring-boot,Demos for graalvm with springboot projects.
630592358,fractalliter/spring-batch-example,https://github.com/fractalliter/spring-batch-example,flag:name:example,apache-kafka; apache-zookeeper; kafka; kafka-producer; postgresql; spring; spring-batch; spring-batch-jobs; spring-boot; spring-data-jpa; spring-webflux,"A demonstration with Spring Batch framework, Kafka, and PostgreSQL"
625661671,bakastrumpf/upload_example,https://github.com/bakastrumpf/upload_example,flag:name:example,java; sprigboot; spring; spring-boot; upload; upload-file,Sample project to enable file upload | backend + frontend | June 2021
627842216,muditshukla3/microservice-demo,https://github.com/muditshukla3/microservice-demo,flag:name:demo,docker; elasticsearch; spring-boot,Implementation of microservices pattern.
625570888,tanishq9/Spring-Samples,https://github.com/tanishq9/Spring-Samples,flag:name:sample; flag:name:samples,authorization-code-grant; client-credentials-grant; grant-flow; refresh-token-grant; spring-boot; spring-data-jpa; spring-rest; spring-security; spring-security-jwt; spring-security-oauth2,
632001799,brunomedeiros14/CoursesAndChallenges,https://github.com/brunomedeiros14/CoursesAndChallenges,flag:name:course,docker; java; jpa; kotlin; mysql; spring; spring-boot,Trajetória dos cursos que realizei com alguns desafios encontrados na internet.
628392933,gtiwari333/flowable-bpmn-vacation-request-demo,https://github.com/gtiwari333/flowable-bpmn-vacation-request-demo,flag:name:demo,bpmn; flowable; flowable-examples; spring-ai; spring-boot,Java BPMN with Flowable  + Spring + Spring AI
625587736,ranjeet-floyd/websocket-demo,https://github.com/ranjeet-floyd/websocket-demo,flag:name:demo,java; spring-boot; spring-reactive; websocket; websocket-client; websocket-server,WebSocket Server and Client in Java
637165014,ThomasVitale/spring-boot-multitenancy,https://github.com/ThomasVitale/spring-boot-multitenancy,flag:description:how to,java; keycloak; micrometer; multitenancy; spring-boot; testcontainers,Samples showing how to build multitenant applications with Java and Spring Boot
639758492,jonsungwoo/SpringBoot_CRUD_Postgre_Tutorial,https://github.com/jonsungwoo/SpringBoot_CRUD_Postgre_Tutorial,flag:name:tutorial,beginner; crud; guide; spring-boot,This project implements simple CRUD using Spring Boot & Postgres database. The purpose of this project is to study and review Spring Boot framework. 
636882897,arunike/Five-Course-Bird-Feeder-API,https://github.com/arunike/Five-Course-Bird-Feeder-API,flag:name:course; flag:description:course,docker; java; mysql; spring-boot,COMP SCI 506 Spring 2023 - Five Course Bird Feeder Backend
640597715,GEESHEK/TradingApp,https://github.com/GEESHEK/TradingApp,flag:description:bootcamp,docker; flyway; integration-testing; java; jdbctemplate; jpa-hibernate; maven; maven-plugin; postgres; rest-api; spring-boot,"This is a personal project that attempts to improve upon the Real-Time Trading simulator app created during my bootcamp. It is incomplete due to Yahoo Stock API being taken down but the code far surpasses the coding practices of the bootcamp trading app. For example, usage of docker compose, exception handling etc."
639881783,shaobo-dev/springboot-demo,https://github.com/shaobo-dev/springboot-demo,flag:name:demo,backend; java; maven; spring-boot; spring-boot-3; template,基于 Spring Boot 3.0 + Java 17 + Maven 的后端项目模板，可作为新项目起手骨架
633124043,mdbytes/JavaWebDevComplete,https://github.com/mdbytes/JavaWebDevComplete,flag:description:course,java; jpa; jpa-hibernate; jsp; jsp-servlet; servlet; spring; spring-boot; spring-data-jpa; spring-data-rest,"A collection of materials and resources related to Java JSP, Servlet, Servlet MVC, Spring, Spring MVC, Spring AOP, Spring Security, Hibernate and more developed from a series of courses."
635799664,gelald/spring-boot-learning,https://github.com/gelald/spring-boot-learning,flag:name:learning,java; spring; spring-boot,
634645075,zypherscript/spring-kafka-sample,https://github.com/zypherscript/spring-kafka-sample,flag:name:sample,spring-boot; spring-kafka,Apache Kafka playground with spring-boot
639627415,YoussefAgagg/pdf-demo,https://github.com/YoussefAgagg/pdf-demo,flag:name:demo,html-pdf-converter; jasper-reports; pdf-generation; spring-boot,generate pdf report using Jasper or Html template in spring boot app
647412522,otienogeoffrey812/spring-boot-with-spring-data-redis-and-jedis,https://github.com/otienogeoffrey812/spring-boot-with-spring-data-redis-and-jedis,flag:description:how to,caching; java; jedis; redis-cache; redis-client; redis-server; spring-boot; spring-data-jpa; spring-data-redis; swagger,Spring Boot project to demonstrate how to use Spring Data Redis with Jedis as the cache layer in your application.
650110703,fharris/curiositymonolith,https://github.com/fharris/curiositymonolith,flag:description:how to,cloud-native; monolith-architecture; mysql; react; spring-boot,an example on how to build a cloud native monolith
648505521,Thitikorn-Nupan/spring-boot-security-in-memory-and-jpa-hibernate-crud-mysql-one-to-many,https://github.com/Thitikorn-Nupan/spring-boot-security-in-memory-and-jpa-hibernate-crud-mysql-one-to-many,flag:description:how to,jpa-hibernate; mysql-database; one-to-many-mapping; spring-boot; spring-security,"(modify) In this project , I have learned How to create relationship table(no table relation) of database and using the past concept As create restful for crud , set authorized roles in memory , set exception handler , And  define own query by @Query() Annotation "
645273683,Thitikorn-Nupan/spring-boot-security-in-memory-and-jpa-hibernate-crud-h2-database-Indisk,https://github.com/Thitikorn-Nupan/spring-boot-security-in-memory-and-jpa-hibernate-crud-h2-database-Indisk,flag:description:how to,h2-database; jpa-hibernate; junit; spring-boot; spring-security,"(modify) In this project , i have learned concept CRUD with H2 (in mem) database , learned how to create/configure .db file disk-based , learned how to test service layer with junit 4 , learned how to create roles and fix accessing my api in memory"
648293200,terjebh/dbdemo,https://github.com/terjebh/dbdemo,flag:name:demo,education; java; mariadb; mssql; mysql; oracle; postgresql; spring-boot; sql; thymeleaf,"Enkel web-app for å øve på SQL mot PostgreSQL, Oracle, MS SQL Server og MySQL/MariaDB. Java 17 + Spring Boot + Thymeleaf."
651976915,brunomourasoares/DSLearn,https://github.com/brunomourasoares/DSLearn,flag:description:bootcamp,api-rest; backend; h2-database; java; maven; oauth2; postgresql; spring-boot; spring-data-jpa; spring-security; spring-validation,"Bootcamp Java Spring | DevSuperior - Backend do projeto DSLearn, plataforma de cursos a distância."
658884871,alaugks/spring-messagesource-xliff-example,https://github.com/alaugks/spring-messagesource-xliff-example,flag:name:example,i18n; internationalization; messagesource; spring; spring-boot; tymeleaf; xliff; xliff2,Complete Spring Boot example using the spring-messagesource-xliff dependency with XLIFF 1.2 and XLIFF 2.x (incl. PGS module) translation files. 
658259913,OlegKahn/bank_example,https://github.com/OlegKahn/bank_example,flag:name:example,audit; docker; grafana; postgres; prometheus; spring-boot; spring-mvc; swagger,"My part was History, this project was just for team experience. Original project was on gitlab."
655547107,Thitikorn-Nupan/spring-boot-getting-weather-api,https://github.com/Thitikorn-Nupan/spring-boot-getting-weather-api,flag:description:how to,heroku; junit4; logback; okhttp3; spring-boot,"(modify) learned how to deploy spring-boot to heroku , and convert json data from free api (openweathermap) to java pojo. "
652890412,lorenzowind/academic-system-microservice-sample,https://github.com/lorenzowind/academic-system-microservice-sample,flag:name:sample,academic-support; microservice; spring-boot,"A microservice system to provide a support for students manage their grades, subjects, etc"
657101504,Thitikorn-Nupan/spring-boot-understand-log4j-and-work-with-muliple-modules,https://github.com/Thitikorn-Nupan/spring-boot-understand-log4j-and-work-with-muliple-modules,flag:description:how to,h2-database; log4j; many-to-one; spring-boot,(remider) this project I knew how to use log4j instead System.out.print for logging the message and I got to knew how to set log4j in .properties file. It's very useful for debuging I also logging to some file I wanted. finally I've known how to depens other my modules It's useful and also easy to read code.
652398871,prathmeshkc/INFO7255,https://github.com/prathmeshkc/INFO7255,flag:description:course,elasticsearch; kibana; oauth2; rabbitmq; spring-boot,Assignments for the course INFO 7255
655553383,maciek1839/spring-cloud-demo,https://github.com/maciek1839/spring-cloud-demo,flag:name:demo,netflix-oss; oas3; openapi; openapi3; spring-boot; spring-cloud; spring-mvc; spring-security; swagger; swagger-ui; webflux; webflux-security,"A simple Spring Cloud demo project - Eureka, Feign, Ribbon ..."
652527647,mrozowski/scheduler-demo,https://github.com/mrozowski/scheduler-demo,flag:name:demo,java; quartz; scheduler; spring-boot,Simple usage of quartz to create scheduled job that can be configurated from yaml file
666318608,zarinfam/employee-app,https://github.com/zarinfam/employee-app,flag:description:tutorial,docker; docker-compose; java; minikube; skaffold; spring-boot,"🍃 Tutorial: Spring Boot, Skaffold and Minikube"
665493561,jocile/dscatalog,https://github.com/jocile/dscatalog,flag:description:bootcamp,h2-database; spring-boot,Catálogo de produtos com Spring-boot e React desenvolvido no bootcamp do curso @devsuperior
669091774,TatuLund/mdi-demo,https://github.com/TatuLund/mdi-demo,flag:name:demo,demo-app; mdi; multiwindow; spring-boot; vaadin; vaadin24; window,Exploring multi document interface with Vaadin 24
667968049,ovgu12/spring-boot-demo,https://github.com/ovgu12/spring-boot-demo,flag:name:demo,spring-boot,Demo Spring Boot
664050174,extdperperm/Java-SpringBoot-JSP-ProjectDemo1,https://github.com/extdperperm/Java-SpringBoot-JSP-ProjectDemo1,flag:name:demo,dsw; java; jsp; spring-boot; tomcat10; web,"Spring Boot 3 - Web MVC - Demo 1 - Introducción: Controladoras, mapeos, parámetros, etc. con vistas JSP"
664085387,extdperperm/Java-SpringBoot-JSP-ProjectDemo2,https://github.com/extdperperm/Java-SpringBoot-JSP-ProjectDemo2,flag:name:demo,dsw; java; jsp; spring-boot; tomcat10; web,Spring Boot 3 - Web MVC - Demo 2 - Variables de sesión y cookies con vistas con JSP
665753472,discphy/oauth2-example,https://github.com/discphy/oauth2-example,flag:name:example,blog-code; example; oauth2-client; oidc-client; spring-boot,✏️ OAuth2 Client example of blog code
668735613,WiktorS010/Employee-App-excel,https://github.com/WiktorS010/Employee-App-excel,flag:description:how to,spring-boot; spring-security; thymeleaf,"Spring Boot application designed as a learning project. It demonstrates how to manage data using Java and MySQL, export data to Excel files, and create a basic CRUD web application with Spring Boot and Thymeleaf. Uses SpringSecurity."
669964965,kunanan-tan/example-demo,https://github.com/kunanan-tan/example-demo,flag:name:example; flag:name:demo,create-user-api; login; spring-boot; spring-security; swagger-ui,"example project spring boot security, create user, login user, swagger and unittest"
674382122,spencergibb/spring-cloud-gateway-mvc-sample,https://github.com/spencergibb/spring-cloud-gateway-mvc-sample,flag:name:sample,java; spring-boot; spring-cloud; spring-cloud-gateway,Spring Cloud Gateway MVC Sample
679867524,Chistousov/ORY-Hydra-OAuth2.0-Example,https://github.com/Chistousov/ORY-Hydra-OAuth2.0-Example,flag:name:example,angular; buildpack; buildpacks; docker; docker-compose; junit; junit5; karma; nginx; ory-hydra; paketo-buildpack; reactive-programming; spring-boot; spring-security; testcontainers; webflux; webflux-security,ORY Hydra + Spring Boot 2 + Angular + PostgreSQL
677737754,putra4648/sample-employee,https://github.com/putra4648/sample-employee,flag:name:sample,java; jpa; jpa-hibernate; spring-boot; thymeleaf,"Sample Springboot app with JPA, Thymeleaf and Apache POI "
671494254,t0khyo/dev-spring-boot,https://github.com/t0khyo/dev-spring-boot,flag:description:course,java; spring; spring-boot,Spring Boot Course Code By Chad Darby - A repository with code examples and projects from the Spring Boot course I am taking.
674505377,kumarprem66/springchatgpt,https://github.com/kumarprem66/springchatgpt,flag:description:how to,chatgpt; java; spring-boot,Welcome to the ChatGPT integration project with Spring Boot. This project demonstrates how to integrate the ChatGPT model into a Spring Boot application to enable natural language understanding and generation capabilities.
678362935,ChenItzhaky/Coupon-System-backend,https://github.com/ChenItzhaky/Coupon-System-backend,flag:description:course,java; mysql; spring-boot,Coupon system - back end. Final project for fullstack Java course.
674725379,claudioaltamura/spring-boot-rest-file-example,https://github.com/claudioaltamura/spring-boot-rest-file-example,flag:name:example,download; github-actions; maven; rest-api; spring-boot; upload,Spring Boot REST File Upload / Download example
678783275,MarcossIC/Microservice-example,https://github.com/MarcossIC/Microservice-example,flag:name:example,java; microservice; spring-boot,This repository contains an API made in Spring boot that follows an architecture based on microservices.
674189394,FireG45/demoTabViewer,https://github.com/FireG45/demoTabViewer,flag:name:demo,docker; docker-compose; guitar; java; javascript; jpa-hibernate; minio; music; react; spring-boot; spring-security; tuxguitar,"DemoTabViewer is web platform that can render, store and play Guitar Pro tabulatures in the browser."
674372499,ralintuscano/spring-boot-elasticsearch-demo,https://github.com/ralintuscano/spring-boot-elasticsearch-demo,flag:name:demo,elasticsearch; lombok; rest-api; spring-boot,This is a demonstration of a Spring Boot application integrated with Elasticsearch.
677250582,jawad-zaarour/rabbitdemo,https://github.com/jawad-zaarour/rabbitdemo,flag:name:demo,clustering; docker; java; rabbitmq; spring; spring-boot,Java Spring boot project with RabbitMQ clusters
676091892,MohamedMedhat21/courseswebsite-service,https://github.com/MohamedMedhat21/courseswebsite-service,flag:name:course,java; mysql; spring-boot,backend rest api using spring boot with mysql database
678294568,lukaCodes99/JWT_LukaDemo,https://github.com/lukaCodes99/JWT_LukaDemo,flag:name:demo,jdbc; jwt; jwt-authentication; multiple-databases; spring; spring-boot; spring-security,Demos for JWT usage in spring boot 3.x + multiple DB implementation
672652365,MarcossIC/web-scraper-example,https://github.com/MarcossIC/web-scraper-example,flag:name:example,java; spring-boot; web-scraping,"This repository has an example of a code that works like Web Scrapper, in which it has a series of functions that when passed certain parameters bring content from the site you want"
683337134,Innocentsax/SPRING-FRAMEWORK,https://github.com/Innocentsax/SPRING-FRAMEWORK,flag:description:how to,jpa-hibernate; rest-client; restful-api; spring; spring-boot; spring-mvc; spring-security; thymeleaf,"This project demonstrates how to create an authenticated backend using Spring Security, Spring Data JPA for database access, JWT generation for enhanced security, and harnessing capabilities through HTTP POST requests."
680222565,aymanessobhi/School-Management-System-backend,https://github.com/aymanessobhi/School-Management-System-backend,flag:description:course,angular; java; javascript; jpa; spring; spring-boot; spring-data-jpa; spring-mvc; spring-security,"The School Management System aims to provide a comprehensive solution for managing various aspects of a school, including student and teacher information, course management, attendance tracking, grades, and more. The system will be built using the Spring Boot framework to ensure modularity, ease of development, and scalability."
686530650,5Mart-X-EEIT69/5Mart,https://github.com/5Mart-X-EEIT69/5Mart,flag:description:course,bootstrap5; java; spring-boot; spring-mvc; springframework,"A Learning Management System platform built with Spring Boot, HTML, CSS, JavaScript to create Online course / documentation content "
686941568,nik1842812/demo-springboot-keycloak-auth-crud,https://github.com/nik1842812/demo-springboot-keycloak-auth-crud,flag:name:demo,api; authentication; authorization; crud; github-config; keycloak; postgresql; spring-boot; spring-security; sql,"🔐 Secure your API with this Spring Boot demo using Keycloak for authentication, user registration, role management, and CRUD operations."
680977390,U202142209/SpringBootLearningProject,https://github.com/U202142209/SpringBootLearningProject,flag:name:learning,java; spring-boot; spring-boot-template,本仓库是一个最简单的spring boot工程，只有一个启动引导类和返回hello world的视图，适合作为spring boot的模板工程，如果您在新建工程的时候遇到了问题，可以直接clone这个仓库，直接在这份代码上面开启你的创作
686104039,josdem/spring-boot-authorization-server,https://github.com/josdem/spring-boot-authorization-server,flag:description:how to,gradle; java; oauth2; spring-boot; spring-security,This project shows how to implement Oauth 2.0 with Spring Boot Security project
684743824,nathan00pdl/spring-boot-sales-order-api,https://github.com/nathan00pdl/spring-boot-sales-order-api,flag:description:course,h2; hibernate; java; rest-api; spring-boot; spring-data-jpa; study-project,"Sales order REST API with Spring Boot, JPA and H2: products, categories, orders, payments and users (Udemy Java course)"
688957364,da0hn/event-management-system,https://github.com/da0hn/event-management-system,flag:description:course,ddd; fullcycle; java; redis; rqueue; spring-boot,A project developed applying DDD concepts in FullCycle Architecture course
681765524,somanchi/SpringLearning,https://github.com/somanchi/SpringLearning,flag:name:learning,spring-boot,Spring boot learning
685785157,aircook/jpa-sample,https://github.com/aircook/jpa-sample,flag:name:sample,java; jpa; maven; spring-boot,Spring Boot + JPA
684082961,Chaitanya-087/learning-spring,https://github.com/Chaitanya-087/learning-spring,flag:name:learning,java; spring-boot; thymeleaf,
683637316,TusharY10/Spring-Rest-API,https://github.com/TusharY10/Spring-Rest-API,flag:description:how to,java; rest-api; spring-boot,"It is a api created to demonstrate the use case of API and fundamentals of how to create an API. This includes all API functionalities using CRUD operations to perform GET,POST,PUT,DELETE actions using the API."
682152731,rtasalem/video-game-shop-rest-api,https://github.com/rtasalem/video-game-shop-rest-api,flag:description:tutorial,h2-database; junit-test; mockito; rest-api; spring; spring-boot; spring-boot-devtools; spring-data-jpa; spring-reactive-web; spring-web; swagger-documentation; validation,"A simple RESTful API I built during a demo/tutorial I delivered to IT consultants at FDM Group with various backgrounds in TechOps, data engineering, and cloud engineering. This API utilises CRUD (create, read, update, delete) operations to enable video games to be added, retrieved, updated, and deleted from a H2 (in-memory database)."
689447256,MarcoZulianiE/ISIS2603_202210_S1_E4_MuseoArteModerno_Back,https://github.com/MarcoZulianiE/ISIS2603_202210_S1_E4_MuseoArteModerno_Back,flag:description:course,backend; postman; spring-boot; testing,"Back-end developed as part of the project for the course ""Desarrollo de Software en Equipos"" of the Universidad de los Andes."
685939868,ItaSsa/dscommerce,https://github.com/ItaSsa/dscommerce,flag:description:course,java; maven; spring-boot,"The API DSCommerce is a API Backend rest application build like final project of the course Spring Boot Essential, course by DevSuperior.  This application provides routes to register and mantaince of users, products and categories to support a e-commerce system."
687571314,nathan00pdl/spring-boot-mongodb-blog-api,https://github.com/nathan00pdl/spring-boot-mongodb-blog-api,flag:description:course,java; mongodb; nosql; rest-api; spring-boot; spring-data-mongodb; study-project,"Blog posts REST API with Spring Boot and MongoDB: users, posts and nested comments (Udemy Java course)"
681190473,roman-andriiv/amg-fullstack,https://github.com/roman-andriiv/amg-fullstack,flag:description:course,angular; aws; ci-cd; crud; docker; flyway; jdbc; js; junit5; mockito; react; rest-api; spring-boot; spring-data-jpa; spring-security; sql; test-containers; ts,"""Full Stack Professional"" course"
685595040,joazefrancisco/springboot-unit-tests-junit5,https://github.com/joazefrancisco/springboot-unit-tests-junit5,flag:description:how to,backend; java; junit5; maven; mokito; spring-boot; unit-test,"Spring Boot project focused on unit testing using JUnit 5, demonstrating how to test business logic in isolation with clean and maintainable test structure."
685787527,aircook/mybatis-sample,https://github.com/aircook/mybatis-sample,flag:name:sample,gradle; java; mybatis; spring-boot; sqlite,Spring Boot + MyBatis
686002176,GSBorba/ProjetoSpringBootAlura,https://github.com/GSBorba/ProjetoSpringBootAlura,flag:description:course,mysql; spring-boot; spring-mvc,Spring Boot project from Alura's course.
690683839,SpringBootCourses/data-analyser-microservice,https://github.com/SpringBootCourses/data-analyser-microservice,flag:description:course,debezium; kafka-consumer; spring-boot,This is data analyser microservice for YouTube course.
692914847,Angel-Raa/spring-security-jwt-authentication-and-authorization,https://github.com/Angel-Raa/spring-security-jwt-authentication-and-authorization,flag:description:how to,docker-compose; java; jdk-17; jpa; jwt-token; postgresql; spring-boot; spring-projects; spring-security,"This example shows how to implement JWT token-based authentication and authorization in a Spring Boot application. The project uses Spring Security to provide authentication and authorization, JPA and PostgreSQL as the database."
690683567,SpringBootCourses/data-generator-microservice,https://github.com/SpringBootCourses/data-generator-microservice,flag:description:course,kafka-producer; spring-boot,This is data generator microservice for YouTube course.
695057885,SpringBootCourses/data-store-microservice,https://github.com/SpringBootCourses/data-store-microservice,flag:description:course,kafka-consumer; redis; spring-boot,This is data provider microservice for YouTube course.
698581007,KvRae/KADDEM-DEVOPS,https://github.com/KvRae/KADDEM-DEVOPS,flag:description:workshop,ci-cd; devops; docker; docker-compose; jenkins; spring-boot,A Spring Boot workshop application with automated deployment through a CI/CD pipeline
695191988,SaiUpadhyayula/spring-security-jwt-demo,https://github.com/SaiUpadhyayula/spring-security-jwt-demo,flag:name:demo; flag:description:how to,jwt-authentication; spring-boot; spring-boot-jwt; spring-security; spring-security-jwt; spring-security-jwt-spring-boot,This project contains source code to demonstrate how to work with JWT with Spring Boot 3 and Spring Security 6.
689651370,AhmetAksunger/Jpa-Specifications-Example,https://github.com/AhmetAksunger/Jpa-Specifications-Example,flag:name:example,filtering; jpa; jpa-hibernate; specification; spring; spring-boot,This project provides practical examples of using JPA Specifications for dynamic querying in Spring Data JPA.
698397922,MrNeibert/coursewebservice,https://github.com/MrNeibert/coursewebservice,flag:name:course,crud; exception-handling; hibernate; java; jpa; postgresql; spring-boot,Projeto de um pequeno Webservice com SpringBoot
695588362,souzafcharles/java-oop-projects,https://github.com/souzafcharles/java-oop-projects,flag:description:course,clean-architecture; clean-code; dotenv; generics; h2-database; java; javafx-desktop-apps; jdbc-dao; lambda-functions; maven; mongodb; mvc-architecture; mysql-database; oop-principles; scenebuilder; solid; spring-boot; spring-data-jpa; spring-web,"☕ Course: Complete Java | Object-Oriented Programming + Projects. Presented by Prof. Dr. Nelio Alves - Udemy, Inc."
692640200,jjgouveia/organizador-de-times-ibm,https://github.com/jjgouveia/organizador-de-times-ibm,flag:description:bootcamp,heroku-deployment; hibernate-jpa; junit5; spring-boot; swagger-ui,"Projeto de conclusão do Bootcamp de Desenvolvedor Jr da IBM, em que desenvolvi uma API Restful, com testes unitários e documentação no Swagger."
693297378,Brulibra/projeto-ibm,https://github.com/Brulibra/projeto-ibm,flag:description:bootcamp,hackathon-project; java; lombok; maven; spring-boot,"Projeto desenvolvido como parte da entrega final do Bootcamp IBM, realizado em Setembro de 2023."
697663886,DhanushkaTA/Spring-Learning,https://github.com/DhanushkaTA/Spring-Learning,flag:name:learning,java; maven; spring; spring-boot; spring-core; spring-data-jpa; spring-mvc; spring-web,This project use to learn spring framework
694782869,shofiq0023/spring-data-jpa-demo,https://github.com/shofiq0023/spring-data-jpa-demo,flag:name:demo,data-jpa; database; database-relationships; java; spring-boot,This is a simple demo project using Spring Data JPA for demonstrating data relations and features of JPA
693133504,ahmed-hadaka/School_Management_System,https://github.com/ahmed-hadaka/School_Management_System,flag:description:course,html-css; lombok-maven; mysql-database; spring-boot; spring-data-jpa; spring-mvc; spring-security; springcore; thymeleaf-template-engine,"The system has three main components: Users, Classes and Courses with the corresponding functionalities for each. There are two main users: Admin and Student, with Two Roles: ADMIN and STUDENT, every Student must be assigned to a class during registration process and only the admin can change his/her class."
692894974,Carlou134/PC1-Prueba,https://github.com/Carlou134/PC1-Prueba,flag:description:course,academic-project; java; jpa; maven; postgresql; rest-api; spring-boot; upc,Spring Boot REST API — mock exam practice for the Arquitectura de Aplicaciones Web course (UPC)
695977924,letlm/java-desafiodio-apirest,https://github.com/letlm/java-desafiodio-apirest,flag:description:bootcamp,api-rest; java; spring-boot,"Projeto desenvolvido como parte do desafio de projeto ""Publicando sua API REST na nuvem usando Spring Boot 3, Java 17 e Railway"" do Santander Bootcamp 2023 - Fullstack Java+Angular."
689481770,rxvc/java-app,https://github.com/rxvc/java-app,flag:description:bootcamp,java; spring-boot,Thoughtworks Ecuador Infrastructure Bootcamp Java App
696500007,Arawns1/projeto-final-santander-dev-week-2023,https://github.com/Arawns1/projeto-final-santander-dev-week-2023,flag:description:bootcamp,dio-bootcamp; junit; lombok; openfeign; santander-bootcamp; spring-boot; spring-security; swagger,Api do projeto final do Bootcamp Santander dev week 2023 oferecido pela Dio.me
698649539,anh0701/learning-java,https://github.com/anh0701/learning-java,flag:name:learning,java; spring-boot,learn java spring boot
695677678,4SoftwareDevelopers/demo-spring-data-rest,https://github.com/4SoftwareDevelopers/demo-spring-data-rest,flag:name:demo,spring-boot; spring-data-jpa; spring-data-rest,Repositorio con un ejemplo básico de Spring Boot Data Rest.
692853149,Vijaykumar511999/SpringEmailDemo,https://github.com/Vijaykumar511999/SpringEmailDemo,flag:name:demo,spring-boot; spring-mail,Sending an email to customer with and without attachment using spring mail
695034679,Thitikorn-Nupan/spring-boot-security-form-login-with-database-authentication,https://github.com/Thitikorn-Nupan/spring-boot-security-form-login-with-database-authentication,flag:description:how to,bootstrap5; jpa-hibernate; log4j; lombok; mysql; spring-boot; spring-security; thymeleaf,"I apply the last project (spring boot thyme-leaf and security) for creating this project [using JPA]. The concept  I got , I have knew. how to change login user/password from memory To be user/password from database. And This case I used 3 tables for authorizing access data. the first user table , role table , user_role table (Many to Many)"
697348640,SubrahmanyaAV/spring-rest-microservice-cloud-docker,https://github.com/SubrahmanyaAV/spring-rest-microservice-cloud-docker,flag:description:course,api-gateway; distributed-; docker; microservices; rest-api; spring-boot; spring-cloud; zipkin,Completed this course+project from in28minutes.
698220419,Enyus/lab-dio-padrao-projeto-java,https://github.com/Enyus/lab-dio-padrao-projeto-java,flag:description:bootcamp,design-patterns; dio; facade-pattern; java; maven; santander-bootcamp; singleton-pattern; spring; spring-boot; strategy-pattern,Lab da DIO para o bootcamp Santander Fullstack Java + Angular que explora os padrões de projeto com a linguagem Java.
691707246,ilterpehlivan/spring-boot-otel-example,https://github.com/ilterpehlivan/spring-boot-otel-example,flag:name:example,otel-collector; spring-boot; tracing,Simple spring boot application with open telemetry
692032011,KuestenFlunder/global-superstore,https://github.com/KuestenFlunder/global-superstore,flag:description:course,crud-operation; data-handling; spring-boot; store; thymeleaf,"Check out the Global Superstore project, a fun and simple reflection of my growing skills in Spring Boot, shaped during an exciting course. Witness my journey of learning and hands-on practice through this Thymeleaf-integrated project. Come, explore and see learning in action!"
689901479,netbuffer/spring-profile-demo,https://github.com/netbuffer/spring-profile-demo,flag:name:demo,config; configuration; java; profile; spring; spring-boot,spring profile test
689733362,alejandronoss1017/music-list-2023-3,https://github.com/alejandronoss1017/music-list-2023-3,flag:description:course,angular; api-rest; full-stack; java; spring-boot; typescript; web,"Full stack project using Spring-Boot and Angular, for the web development university course."
695822382,KuestenFlunder/GradeSubmissionRestAPI,https://github.com/KuestenFlunder/GradeSubmissionRestAPI,flag:description:course,api; crud; hiberante; jpa; jwt-authentication; jwt-token; spring-boot,"Dive into this Spring Boot project, which unveils a refined grade submission system API. Evolved from a recent course undertaking, it displays a perfect fusion of an API-centric backend, fortified with JPA/Hibernate and JWT, laying the groundwork for advanced web application engineering. A prime example to understand the depths of Spring Boot and"
691546039,dogancanokur/transactionalDemo,https://github.com/dogancanokur/transactionalDemo,flag:name:demo,spring-boot; transactional,Transactional Mini Project
702952136,piomin/sample-spring-modulith,https://github.com/piomin/sample-spring-modulith,flag:name:sample,h2-database; modulith; spring-boot; spring-data-jpa; spring-modules; spring-modulith,The demo repository showing modulith architecture with Spring Boot and Spring Modulith  
700832496,Kharzixen/Microservices-Project-With-Kafka,https://github.com/Kharzixen/Microservices-Project-With-Kafka,flag:description:how to,api-gateway; circuit-breaker; event-driven-architecture; kafka; micorservices; mongodb; mysql; service-discovery; spring-boot; swagger-ui,"This project demonstrates how to build and manage microservices with Spring Boot, implement service discovery, and handle sync and async communication between services. It features a gateway for routing requests, service discovery for seamless service interaction, and circuit breakers for ensuring robust synchronous communication."
703544278,bragabriel/project-rocketseat-todolist-java,https://github.com/bragabriel/project-rocketseat-todolist-java,flag:description:course,api-rest; bcrypt; h2-database; java; spring-boot,Java and Spring course. Available from Rocketseat.
706658892,vkaelin/spring-boot-example,https://github.com/vkaelin/spring-boot-example,flag:name:example,clean-architecture; hexagonal-architecture; onion-architecture; spring; spring-boot; spring-boot-3,Spring boot 3 example project with clean architecture in mind
706498905,SakibvHossain/Web-Services-and-APIs,https://github.com/SakibvHossain/Web-Services-and-APIs,flag:description:how to,graphql; h2-database; java; jpa-hibernate; junit5; microservices; rest-api; selenium; spring-boot; springsecurity; swagger; webservices,"Exploring web services, APIs, and microservices. Developing REST and GraphQL APIs, and learning how to secure, consume, document, and test those APIs and web services."
706339636,ZaTribune/hashicorp-vault-demo,https://github.com/ZaTribune/hashicorp-vault-demo,flag:name:demo,docker; docker-compose; hashicorp; hashicorp-vault; java; spring-boot; vault,This is a simple web application to showcase the usage of Hashicorp Vault to manage sensitive spring-boot application properties.
702759252,Natanaelvich/todolist_sprintboot-rocketseat-23,https://github.com/Natanaelvich/todolist_sprintboot-rocketseat-23,flag:description:how to,java; maven; spring-boot,This repository is a sample project to demonstrate how to use Spring Boot to create a REST API.
703627221,Wajktor13/oot-lab,https://github.com/Wajktor13/oot-lab,flag:description:course,agh; agh-university; agh-wi; agh-wiet; dependency-injection; design-patterns; gui; java; reactive-programming; spring-boot,tasks from the Object-Oriented Technologies course at AGH University
700045596,CelioAmaral/DesafioPOO,https://github.com/CelioAmaral/DesafioPOO,flag:description:bootcamp,java; poo; spring-boot; uml,"Challenge project in relation to Object Oriented Programming with UML, referring to Santander Bootcamp 2023 - Fullstack Java+Angular."
705259025,alexandrecorlet/pitsA,https://github.com/alexandrecorlet/pitsA,flag:description:course,design-patterns; java; jpa-hibernate; software-design; spring-boot; swagger-ui,A web application developed during the Software Design course at Federal University of Campina Grande (UFCG).
703168676,pPlanello/learning-spring-boot,https://github.com/pPlanello/learning-spring-boot,flag:name:learning,kafka; patterns; spring; spring-boot; springframework; tdd,It is a project to learn and practice spring boot. This project is based on applying the TDD methodology.
704534312,Pavanin92/proj_ListaDeTarefas,https://github.com/Pavanin92/proj_ListaDeTarefas,flag:description:course,backend; development; java; learning; maven; rocketseat; spring-boot,"Project developed in the free JAVA course offered by Rocketseat, where a Task List application was developed using Spring Boot technology."
704865538,ahmsay/Keycloak-Demo,https://github.com/ahmsay/Keycloak-Demo,flag:name:demo,apisix; keycloak; spring-boot,
703934820,Kofa-Yoh/spring-registration-login-social-demo,https://github.com/Kofa-Yoh/spring-registration-login-social-demo,flag:name:demo,email-and-password-authentication; facebook-login; google-login; integration-testing; java; oauth2; registration; spring-boot; spring-security; thymeleaf; unit-testing,"User Registration and Login with Email and Password, Facebook and Google OAuth2 "
709510344,khalil-bouali/spring-boot-kafka-demo,https://github.com/khalil-bouali/spring-boot-kafka-demo,flag:name:demo,kafka; kafka-consumer; kafka-listener; kafka-producer; kafka-topic; spring-boot,"A spring boot 3 demo project implementing Kafka topics, consumers and producers configurations as well as a listener and an API endpoint to consume messages."
704942667,Higunio320/Notes-app,https://github.com/Higunio320/Notes-app,flag:description:course,docker; hibernate; java-17; jwt; maven; potgresql; spring-boot,Fullstack web application for Mobile and Web Application Development course on Warsaw University of Technology
704468361,atkei/spring-boot-sample,https://github.com/atkei/spring-boot-sample,flag:name:sample,spring-ai; spring-boot; spring-boot-sample; spring-webflux,Sample Spring Boot application for experimentation.
708538956,khalil-bouali/spring-boot-keycloak-integration,https://github.com/khalil-bouali/spring-boot-keycloak-integration,flag:description:how to,java; jwt; keycloak; oauth2; spring; spring-boot; spring-security,"This project demonstrates how to secure a Spring Boot application using Keycloak, a powerful open-source Identity and Access Management tool."
704372901,andrianiainafn/service_learning,https://github.com/andrianiainafn/service_learning,flag:name:learning; flag:description:how to,java; microservice; spring-boot,this a simple repo for learning how to create an simple simple service whith spring boot
703107579,edward-mn/todolist,https://github.com/edward-mn/todolist,flag:description:bootcamp,authentication; bcrypt; devtools; docker; h2-database; intelij; java; lombok; maven; postman; render; spring-boot; spring-data-jpa; todolist,Bootcamp - To-Do List | Rocketseat 🚀
702058779,parsaM110/springBootRest,https://github.com/parsaM110/springBootRest,flag:description:course,spring-boot,Spring Boot course based on Amigoscode
706323476,SrishtiC99/kafka-notifications,https://github.com/SrishtiC99/kafka-notifications,flag:description:how to,example-project; kafka; microservices; spring-boot,An example project to learn how to use KAFKA producers and consumers in a spring boot microservices application.
707905559,jose-automates/Sample-Job-Harvester,https://github.com/jose-automates/Sample-Job-Harvester,flag:name:sample,ajax; ajax-request; bootstrap; crud; css; docker; dom-manipulation; event-driven-programming; full-stack; html; java; jquery; js; postgresql; rest-api; spring-boot,"Scraps sample job postings, inserts data into a DB, and uses the DB data to create a custom website."
699688519,sabuhibrahim/spring-boot-jwt-authentication-sample,https://github.com/sabuhibrahim/spring-boot-jwt-authentication-sample,flag:name:sample,java; spring-boot; spring-jwt-authentication; spring-jwt-sample,This is Spring JWT Authentication sample with RestAPI. It uses PostgereSQL connection and Flyway migration.
699135136,valenoirs/trade-in-crud-demo,https://github.com/valenoirs/trade-in-crud-demo,flag:name:demo,java; spring-boot,Trade-in CRUD
701022560,parsaM110/springBootJPA,https://github.com/parsaM110/springBootJPA,flag:description:course,spring-boot,jpa course base on amigoscode
708256450,jvitoralb/dio-lab-rest-api,https://github.com/jvitoralb/dio-lab-rest-api,flag:description:bootcamp,java; postgresql; rest-api; spring-boot; springframework,Uma REST API desenvolvida com Spring Framework em Java e PostgreSQL para um Bootcamp da DIO com o Santander.
707244866,Kofa-Yoh/spring-boot-rest-api-medical-insurance-demo,https://github.com/Kofa-Yoh/spring-boot-rest-api-medical-insurance-demo,flag:name:demo,hibernate; java; jpa; open-api; postgresql; rest-api; spring-boot,"Medical Insurance REST API with Open API specification using Spring Boot, JPA, Hibernate and PostgreSQL"
707883258,khalil-bouali/springboot-3-micro-service-demo,https://github.com/khalil-bouali/springboot-3-micro-service-demo,flag:name:demo,config-server; discovery-service; eureka; gateway; microservice; spring-boot; spring-cloud; zipkin,Micro services architecture with spring boot 3
703583886,Imortallly/todolist,https://github.com/Imortallly/todolist,flag:description:course,java; jpa-persistence-applications; spring-boot,Project from rocketseat's Java course 👨‍💻
702681315,szymonpoltorak/SoftwareTesting,https://github.com/szymonpoltorak/SoftwareTesting,flag:description:course,docker; gherkin; gradle; hibernate; java17; mockito; spring-boot,Applications for Software Testing course on Warsaw University of Technology with aim to learn proper software testing habbits on  real world applications.
707839313,abchatterjee7/cqrs-design-pattern-demo,https://github.com/abchatterjee7/cqrs-design-pattern-demo,flag:name:demo,cqrs-pattern; spring-boot,Demo of CQRS design pattern with spring boot.
704461037,williamcrocha/customrepository,https://github.com/williamcrocha/customrepository,flag:description:how to,rest-api; spring-boot; springdata-jpa,This is a simple and didactic example of how to implement custom repositories with Spring Data.
708582476,gemaquejr/santander-bootcamp-2023,https://github.com/gemaquejr/santander-bootcamp-2023,flag:description:bootcamp,java; postgresql; spring-boot,Java RESTful API criada para o bootcamp santander 2023 - Fullstack Java + Angular
704701225,YUT4R0/todolist,https://github.com/YUT4R0/todolist,flag:description:course,backend; java; spring-boot,"This project was made during the RocketSeat Java course. For notes, that's my first Java back-end application. The purpose of this simple todolist is only for educational learning ;)"
707357226,jmgrimes/ld-camel-routing-demo,https://github.com/jmgrimes/ld-camel-routing-demo,flag:name:demo,apache-camel; dynamic-routing; feature-flags; java; launchdarkly; spring; spring-boot,An example of using a LaunchDarkly feature flag to control routing in camel dynamically.
699276007,garnetw/spring-security-demos,https://github.com/garnetw/spring-security-demos,flag:name:demo,spring-boot; spring-security,Spring Security 框架的使用（Spring Boot、Spring Security、JWT、MyBatis）
704979917,rKaushalya/File_Uploading_System,https://github.com/rKaushalya/File_Uploading_System,flag:description:how to,filesystem; spring-boot; spring-data-jpa,This is for learning how to spring work with files
702148862,szymonpoltorak/ToDoApp,https://github.com/szymonpoltorak/ToDoApp,flag:description:course,docker; gradle; java17; jwt; mapstruct; postgresql; spring-boot,Project for Modeling Database Application course on Warsaw University of Technology with aim to create an app communicating with database.
708388795,bilgesucakir/librarymanagementdemo,https://github.com/bilgesucakir/librarymanagementdemo,flag:name:demo,crud-api; jpa; mysql-database; rest-api; spring-boot,"Library Management CRUD REST API with Spring Boot, MySQL, Hibernate"
701360461,prateekgrover-in/distributed-systems-lab,https://github.com/prateekgrover-in/distributed-systems-lab,flag:description:course,distributed-systems; firebase; google-cloud-platform; java; rest-api; rmi; spring-boot; university-coursework,"Java and Spring Boot lab work from a university course on Distributed Systems: RMI, REST APIs, and a cloud-deployed booking platform."
706730884,parsaM110/SpringBootSecurity,https://github.com/parsaM110/SpringBootSecurity,flag:description:tutorial,spring-boot,SpringBootSecurity based on AmigosCode Tutorial
700746382,00blowup/2023FileDownloadDemo,https://github.com/00blowup/2023FileDownloadDemo,flag:name:demo,firebase; firebase-storage; spring; spring-boot,파이어베이스에 파일을 올리는 업로드 기능 & 그 파일을 내려받는 다운로드 기능을 제공하는 스프링 부트 백엔드 API
707804164,anjoserohijos-programming/springbootsample,https://github.com/anjoserohijos-programming/springbootsample,flag:name:sample; flag:description:course,java; spring-boot; spring-mvc,"This project is created for a code-along course in Udemy. I apply all the concepts learned while the course progress or moves forward, while also observing clean structure and best practices."
708846645,mrozowski/sse-sensor-demo,https://github.com/mrozowski/sse-sensor-demo,flag:name:demo,chartjs; flux; java; reactive-programming; reactjs; spring-boot; sse; webflux,Demo of SSE (Server Sent Events) with Java and React. It's example of pushing data from sensor (temperature and humidity) to fronted using SSE technology.
708196084,jonasmzsouza/dio-bookshelf-api,https://github.com/jonasmzsouza/dio-bookshelf-api,flag:description:bootcamp,h2-database; java; spring-boot; spring-jpa; spring-web; swagger-ui,RESTful API to Registration of books and authors. Project developed through UML modeling with Mermaid and Java code implementation with Spring Boot Structure as a challenge for Santander Bootcamp 2023 - Fullstack Java+Angular at Digital Innovation One.
702627917,gerardcastill/learning-springboot,https://github.com/gerardcastill/learning-springboot,flag:name:learning,postgresql; spring-boot; spring-data-jpa,Application of Spring Boot concepts using SpringDataJPA with postgreSQL
706256325,aliwajahat12/RateLimiter,https://github.com/aliwajahat12/RateLimiter,flag:description:tutorial,java; rate-limiter; spring-boot,"A Java Spring Boot implementation of a Rate Limiter, following the Coding Challenges Rate Limiter Tutorial"
708848179,PJSalter/SQL-School-Explorer,https://github.com/PJSalter/SQL-School-Explorer,flag:description:course,java; java20; jdbc; jdbc-connector; jdbc-database; mysql; mysql-database; spring-boot; sql,SQL School Explorer: Your portal to unlocking valuable insights from student and course data through proficient SQL queries in the dynamic realm of education
706307262,khalil-bouali/oauth2-social-login,https://github.com/khalil-bouali/oauth2-social-login,flag:description:how to,facebook-login; github-login; java; oauth2; social-authentication; spring; spring-boot; spring-security,"This repository contains a Spring Boot 3 project that demonstrates how to secure an API with OAuth 2.0 and provide social login using GitHub, Google, and Facebook."
718902466,bezkoder/spring-boot-graphql-example,https://github.com/bezkoder/spring-boot-graphql-example,flag:name:example,crud; crud-api; crud-application; crud-operation; crud-operations; crud-sample; graphql; graphql-api; graphql-java; graphql-java-kickstart; graphql-spring-boot-starter; h2; h2-database; spring; spring-boot; spring-graphql; springboot,Spring Boot GraphQl example - CRUD operations with embedded database (H2).
719789538,m1guelsb/spring-auth,https://github.com/m1guelsb/spring-auth,flag:description:tutorial; flag:description:how to,java; jwt; spring-boot; spring-security,Tutorial where we learn how to implement a native spring authentication and authorization flow
717078889,knowledgefactory4u/spring-boot-test-examples,https://github.com/knowledgefactory4u/spring-boot-test-examples,flag:name:example; flag:name:examples,integrationtesting; junit5; spring-boot; springboot3-x; testslices,
710651250,stimulsoft/Samples-PDF-Forms-for-Java,https://github.com/stimulsoft/Samples-PDF-Forms-for-Java,flag:name:sample; flag:name:samples,angular; eclipse; editable; export; forms; java; java-se; java-server; parsing; pdf; pdf-forms; signature; spring-boot; submission,"Java and Spring Boot sample projects for PDF Forms builder for parsing form submission results, Eclipse, compartible with .Java SE 1.8 and higher"
712266422,kumarprem66/MasaiSchoolClone,https://github.com/kumarprem66/MasaiSchoolClone,flag:description:course,angular; educational-project; java; jwt-authentication; jwt-token; mysql; spring-boot; spring-security,"The Education System is a comprehensive web-based platform designed to facilitate various aspects of educational institutions. This system is developed with the goal of streamlining processes related to student management, course administration, and instructor coordination. Built using SpringBoot for the backend and Angular for the frontend."
716643805,mo-zza/hexagonal-architecture-example,https://github.com/mo-zza/hexagonal-architecture-example,flag:name:example,hexagonal-architecture; jpa; querydsl; spring-boot,Hexagonal architecture example project with Spring boot
712688770,DouglasD18/desafio-picpay-backend,https://github.com/DouglasD18/desafio-picpay-backend,flag:description:tutorial,api-rest; h2-database; java; jpa; spring-boot,Projeto para solução do desafio da Picpay em Java Spring seguindo o tutorial da Fernanda Kipper.
714801432,EightAugusto/spring-data-jpa-criteria-example,https://github.com/EightAugusto/spring-data-jpa-criteria-example,flag:name:example,jpa; jpa-criteria-api; jpa-criteria-builder; jpa-criteria-queries; jpa-criteria-query; jpa-hibernate; spring; spring-boot; spring-data; spring-data-jpa,Spring Data JPA Criteria examples
712714520,sandeepbegudem/jpa-assocations-one-to-many-demo,https://github.com/sandeepbegudem/jpa-assocations-one-to-many-demo,flag:name:demo,java17; mysql-database; spring-boot; spring-data-jpa,"This application developed using Spring Boot, Java17, MySQL, Spring Data JPA, Maven, Lombok. This demo backend application provides the overall implementation of the JPA One to Many Associations. This demo Spring Boot application provides highlevel structure of the JPA One to Many Associations Mappings with the appropriate JPA annotations."
713489443,EightAugusto/spring-boot-parent-example,https://github.com/EightAugusto/spring-boot-parent-example,flag:name:example,checkstyle; checkstyle-maven; checkstyle-plugin; google-checkstyle; jacoco; jacoco-plugin; jacoco-report; maven; maven-plugin; puppycrawl; spring; spring-boot; spring-boot-parent; surefire,"Spring Boot Parent example implementing multiple features like JaCoCo, CheckStyle, etc."
714463516,DanielMichalski/spring-boot-booking-service,https://github.com/DanielMichalski/spring-boot-booking-service,flag:description:how to,api; api-rest; h2; java; java17; java17-spring-boot; lombok; mybatis; spring; spring-boot; springboot,"The project aims to present how to build a Java API with Spring Boot, MyBatis, Lombok, and H2."
714540593,zoulou421/patient-mvc,https://github.com/zoulou421/patient-mvc,flag:description:how to,crud; crud-application; java; javaee; maven; maven-plugin; security; spring-boot; spring-mvc; spring-security, Spring Boot Spring MVC Thymeleaf Spring Data Intellij- Get to know how to create InMemoryAuthentication and Authorization Java app // Springboot 3 // Spring Security 6
712355276,czqme/spring-boot-mybatis-demo,https://github.com/czqme/spring-boot-mybatis-demo,flag:name:demo,mybatis; mybatis-generator; spring-boot,
715459989,parsaM110/springBootMicroServiceRabbitMQ,https://github.com/parsaM110/springBootMicroServiceRabbitMQ,flag:description:course,spring-boot,springBoot microservice based on amigoscode course
711606910,khalil-bouali/bank-kata-demo,https://github.com/khalil-bouali/bank-kata-demo,flag:name:demo,java; jwt; lombok; postgresql; spring; spring-boot; spring-data-jpa; spring-security,"This is a technical test demo project for the company Skypay, implementing a banking account transaction system (deposit, withdrawal) and a bank statement print, using spring boot 3, spring data jpa and spring security with jwt."
711941956,EightAugusto/spring-boot-log-level-demo,https://github.com/EightAugusto/spring-boot-log-level-demo,flag:name:demo,docker; docker-compose; log4j2; maven; spring; spring-actuator; spring-boot,Spring Boot demonstration for logging level change using actuators
711487174,Rizzanen/expenseTracker,https://github.com/Rizzanen/expenseTracker,flag:description:course,java; mysql-database; rest; spring; spring-boot; springsecurity; thymeleaf,"username&password: admin.   This is my backend programming courses final project.  It's a SPRING application where the user can track their monthly expenses.  MySQL database. Includes REST api access to categorys and expenses, testing, spring security, CRUD functionalities"
710573424,maelstrom0x8/wiremock-demos,https://github.com/maelstrom0x8/wiremock-demos,flag:name:demo,spring-boot; testcontainers; wiremock,Testing with WireMock
716187881,monodot/spring-boot-observability-demo,https://github.com/monodot/spring-boot-observability-demo,flag:name:demo,metrics; observability; opentelemetry; spring-boot,Spring Boot application instrumented for observability in Grafana Cloud
714881961,HarryAlvarado28/Demo-Login-Spring-Boot,https://github.com/HarryAlvarado28/Demo-Login-Spring-Boot,flag:name:demo,java; maven; mysql-database; spring-boot,Demo Login Spring Boot 🔥
717085598,Hieuxuan1112/SlangWord,https://github.com/Hieuxuan1112/SlangWord,flag:description:course,docker-compose; flyway; full-text-search; java; jwt; postgresql; react; rest-api; spring-boot; testcontainers,"A slang dictionary you can search, edit and quiz yourself on — 7,641 entries, grown from a 350-line coursework Swing app into a Spring Boot API and React SPA."
717370132,zoulou421/JdbcAuthenticationSpringSecurity6,https://github.com/zoulou421/JdbcAuthenticationSpringSecurity6,flag:description:how to,inmemoryauthentication; intellij; java; javaee; jdbauthentication; maven; spring; spring-boot; spring-security; thymeleaf; thymeleaf-template-engine; userdetailsservice,"Get an Understanding on how to secure your app  with InMemoryAuthentication//JDBCAuthentication//UserDetailsService Authentication and Authorization |Manage Authorities and Roles- with Spring boot 3 , Spring Security and Thymeleaf"
718965824,nakiviar/spring-reactor-demo,https://github.com/nakiviar/spring-reactor-demo,flag:name:demo,lombok; project-reactor; spring-boot; spring-data-mongodb-reactive; webflux,
713317628,MartinKostelecky/DEMOinsuredPersonsRegisterWebApp,https://github.com/MartinKostelecky/DEMOinsuredPersonsRegisterWebApp,flag:name:demo,docker; java; lombok; mockito; mvc; postgresql; spring-boot; spring-security; thymeleaf; unit-testing,Demo web application of insured persons and their insurances. MVC architecture providing basic CRUD operations of insured persons and their insurances. All stored in PostgreSQL database useing Docker conteinerization. The application is responsive and provides basic login and front-end control of entering valid data through beans validation api.
716801389,viepovsky/aws-s3-connection-example,https://github.com/viepovsky/aws-s3-connection-example,flag:name:example; flag:description:how to,aws; maven; s3; s3-bucket; s3-storage; spring-boot,This repository contains a simple application that connects to the AWS S3 service. The application demonstrates how to upload and download objects from an S3 Bucket.
716816445,FedeCasper/microservices,https://github.com/FedeCasper/microservices,flag:description:course,java; spring; spring-boot; springcloud,"This repository contains code examples, projects, and resources covered in the comprehensive Microservices course using Java the Spring Boot framework. and Spring Cloud "
711847798,stylepatrick/graalvm-spring-boot-example,https://github.com/stylepatrick/graalvm-spring-boot-example,flag:name:example,graalvm; native-image; spring-boot,Rest API with GraalVM and nativ image example. 
710487788,m1guelsb/spring-exceptions,https://github.com/m1guelsb/spring-exceptions,flag:description:tutorial,error-handling; java; spring-boot,Spring exceptions tutorial
711366027,porag-m06/PoragsSpringSecurityDemo,https://github.com/porag-m06/PoragsSpringSecurityDemo,flag:name:demo,facebook-oauth-login; facebook-oauth2; github-oauth-login; github-oauth2; google-oauth-login; google-oauth2; java; spring-boot; spring-security; spring-security-oauth2,"In this Java Spring Boot Project Spring Security for a demo web app is implemented. That includes 1. Form Login (multiple user with different roles) 2. Login using different 3rd party OAuth2 authentication support providers (e.g. GitHub, Google, Facebook) and more."
715624596,IceMajor2/oauth2-oidc-demo,https://github.com/IceMajor2/oauth2-oidc-demo,flag:name:demo,oauth2; openid-connect; sample-project; security; spring-boot,Sample project demonstrating Spring Boot configuration of OAuth 2.0 and OpenID Connect protocols
709751468,RahaShafaei/educate,https://github.com/RahaShafaei/educate,flag:description:course,bootstrap; java; jparepository; oop-principles; spring-boot; sqlserver; thymeleaf,Planning system for the courses held in an organization
714334290,shofiq0023/spring-security-jwt-demo,https://github.com/shofiq0023/spring-security-jwt-demo,flag:name:demo,java; jwt; jwt-authentication; spring-boot; spring-security,Spring Security demo project using JSON Web Tokens
718727336,MuhamadAjiW/Microservices-Ticketing-Payment,https://github.com/MuhamadAjiW/Microservices-Ticketing-Payment,flag:description:course,java; mongodb; rabbitmq; rest-api; spring-boot; web,Final project of Distributed Application Development course. A payment service made with Spring and MongoDB.
719158163,Miragon/camunda-cockpit-sso,https://github.com/Miragon/camunda-cockpit-sso,flag:description:how to,bpm; camunda; camunda-bpm; camunda7; example; java; keycloak; oauth2; oidc; spring-boot; spring-security; sso,"Reference implementation showing how to add Single Sign-On (OAuth2/OIDC, e.g. Keycloak) to the Camunda 7 web applications (Cockpit, Tasklist, Admin)."
714787995,EightAugusto/spring-boot-trace-metric-example,https://github.com/EightAugusto/spring-boot-trace-metric-example,flag:name:example,docker; docker-compose; jaeger; log4j2; make; micrometer; prometheus; spring; spring-boot; trace,Spring Boot 3 trace and metric example with Observability
714993648,bwozniczka/literalia-backend,https://github.com/bwozniczka/literalia-backend,flag:description:course,backend; java; jwt; postgresql; spring-boot,Spring Boot 3.0 Security with JWT Implementation made for one of the courses at the university  
721442130,bezkoder/spring-data-rest-example,https://github.com/bezkoder/spring-data-rest-example,flag:name:example,crud; crud-api; crud-application; crud-operation; crud-operations; crud-sample; h2-database; rest-api; restful-api; spring; spring-boot; spring-data; spring-data-jpa; spring-data-rest; springboot,Spring Data REST example in Spring Boot - CRUD REST APIs with embedded H2 Database
728704101,piomin/sample-spring-cloud-azure,https://github.com/piomin/sample-spring-cloud-azure,flag:name:sample; flag:description:how to,azure; azure-app-configuration; azure-functions; azure-pipelines; azure-spring-apps; cosmosdb; spring-boot; spring-cloud; spring-cloud-azure; spring-cloud-function; spring-cloud-stream; spring-data,Demo Spring Boot/Spring Cloud apps illustrating how to integrate and run apps on Azure 
720894472,mounirelbakkali1/demo-saas-platform,https://github.com/mounirelbakkali1/demo-saas-platform,flag:name:demo,flyway; hibernate; postgresql; spring-boot; spring-cloud,Demo SAAS platform is a demonstration of a Spring Boot application that uses multi-tenant (database per tenant ) approach
729037246,has-abi/saga-orchestration-event-sourcing-demo,https://github.com/has-abi/saga-orchestration-event-sourcing-demo,flag:name:demo,axon-framework; cqrs; distributed-transactions; event-sourcing; saga; saga-pattern; spring-boot; spring-cloud,Saga Orchestraction Pattern Implementation Using Axon and Spring Boot
725624978,has-abi/saga-choreography-demo,https://github.com/has-abi/saga-choreography-demo,flag:name:demo,distributed-transactions; microservices; rebbitmq; saga-pattern; spring-boot,Saga choreography pattern implementation with Spring Boot and RabbitMQ
728596869,camunda-academy/c8-custom-outbound-connectors-lab,https://github.com/camunda-academy/c8-custom-outbound-connectors-lab,flag:description:course,bpmn; camunda; camunda8; connector; connector-sdk; java; lab; outbound-connector; spring-boot; zeebe,"Hands-on lab for the Camunda Academy ""Custom Outbound Connectors"" course. Build and test a custom outbound connector using the Camunda 8 Connector SDK and the annotations-based Operations API."
723735786,ApostolisSiampanis/Spring_Boot_3_Course,https://github.com/ApostolisSiampanis/Spring_Boot_3_Course,flag:name:course,java; spring; spring-boot; spring-mvc; spring-security; thymeleaf,Practicing on Spring Boot framework.
724721454,tfkfan/MTLS_JWT_DEMO,https://github.com/tfkfan/MTLS_JWT_DEMO,flag:name:demo,jwt; mtls; spring-boot,spring-boot mtls+stateless JWT authentication demo
725649396,huxton-nguyen/spring-boot-kafka-example,https://github.com/huxton-nguyen/spring-boot-kafka-example,flag:name:example,java; kafka; maven; spring-boot,This repository has the complete code related to kafka producers/consumers using spring boot.
727152244,Abhii-07/UniversityCourseRegistration,https://github.com/Abhii-07/UniversityCourseRegistration,flag:name:course; flag:description:course,hibernate-orm; java; management-system; mysql; postman-collection; spring-boot,"This project is a University Course Management System designed to handle student enrollment, course management, and related functionalities."
725614108,ciap35/MSVC_COURSE_USER,https://github.com/ciap35/MSVC_COURSE_USER,flag:name:course,api-gateway; docker; kubernets; mysql; oauth2; postgresql; resttemplate; spring-boot,"Spring Boot, Api Gateway, OAUTH2, RestTemplate, Docker,PostgreSQL,MySQL,Kubernets"
725590844,antonioalmeida/spring-modulith-externalization-demo,https://github.com/antonioalmeida/spring-modulith-externalization-demo,flag:name:demo,aws-sqs; localstack; spring-boot; spring-modulith,Testing success and failure scenarios of Spring Modulith's Externalization
720455667,kayulu/springBootClass,https://github.com/kayulu/springBootClass,flag:description:course,spring-boot,This repository contains my implementation of a Spring Boot 3 project developed as part of a comprehensive course. The project showcases my understanding and application of Spring Boot 3 concepts.
728021375,fordes123/spring-boot-examples,https://github.com/fordes123/spring-boot-examples,flag:name:example; flag:name:examples,spring-boot,Some examples or test code related to SpringBoot may be of some use.
728437607,omar-arias-dev/spring-microservices-student_course,https://github.com/omar-arias-dev/spring-microservices-student_course,flag:name:course; flag:description:course,microservice; microservices-architecture; netflix-eureka; spring-boot; spring-cloud,Microservice application about courses and students
721837518,akshay4121/GRADE-SUBMISSION,https://github.com/akshay4121/GRADE-SUBMISSION,flag:description:course,crud-api; datahandling; mockito-junit-test; spring-boot; thymeleaf,"Explore this Spring Boot project illustrating an intuitive grade submission system. Crafted during a recent course, it showcases a seamless integration of Thymeleaf frontend & Spring backend, demonstrating a solid foundation in modern web application development. Ideal to grasp the Spring Boot fundamentals effectively."
723150413,parsaM110/SpringBootKeycloak,https://github.com/parsaM110/SpringBootKeycloak,flag:description:course,spring-boot,based on Alibou's course (UPDATED)
723346327,IceMajor2/ehcache-demo,https://github.com/IceMajor2/ehcache-demo,flag:name:demo,caching; ehcache3; java; spring-boot,Ehcache demo project with pure Java & Spring
719913159,parsaM110/SpringBootKafka,https://github.com/parsaM110/SpringBootKafka,flag:description:course,spring-boot,Simple SpringBoot setUP for Produce & Consume Both String and Object msg from Apache Kafka Based on amigoscode course
725881741,zikzakjack/gcp-java-cloudrun-demo,https://github.com/zikzakjack/gcp-java-cloudrun-demo,flag:name:demo,cloud-run; google-cloud-platform; java; maven; spring-boot,GCP CloudRun Demo using Spring Boot
726687390,smlplusplus/little-shop,https://github.com/smlplusplus/little-shop,flag:description:tutorial,java; jpa; jwt; rest-api; spring; spring-boot,API Rest Tutorial with Security JWT
725624927,lucasmalara/soap-ws-example,https://github.com/lucasmalara/soap-ws-example,flag:name:example,soap-web-services; spring-boot,Example of SOAP Web Service implementation in Java.
729611647,pjazdzyk/unitility-spring-example,https://github.com/pjazdzyk/unitility-spring-example,flag:name:example,engineering; hvac; java; physics; spring; spring-boot; thermodynamic-properties; thermodynamics; unitility; units-of-measure; units-of-measurement,Unitility - custom unit in SPRING
722162035,dimitrisstyl7/learning-spring-boot-3-spring-6-hibernate,https://github.com/dimitrisstyl7/learning-spring-boot-3-spring-6-hibernate,flag:name:learning,hibernate; hibernate-orm; hibernate-validator; java; spring; spring-aop; spring-boot; spring-data-jpa; spring-mvc; spring-security; thymeleaf,"Learning Spring Boot 3, Spring 6 and Hibernate"
725395953,blaspat/spring-boot-demo,https://github.com/blaspat/spring-boot-demo,flag:name:demo,java; java17; mysql; spring-boot; springboot,Spring Boot Web MVC Demo
723648770,Timur-Khabibulin/UlearnProject,https://github.com/Timur-Khabibulin/UlearnProject,flag:description:course,java; spring-boot; ulearn,Final project for the Java course on ulearn
727721267,Nisanth2004/SpringBoot-Files-Upload_Demo,https://github.com/Nisanth2004/SpringBoot-Files-Upload_Demo,flag:name:demo,authentication; authorization; database-management; eclipse; file; intellij; java; jwt; mysql; security; spring; spring-boot; upload; validatable-input-field,Upload the Files using SpringBoot in Mysql database 
729198011,HenriqueMN/blogpessoal,https://github.com/HenriqueMN/blogpessoal,flag:description:bootcamp,backend; insomnia; java; mvc; mysql; spring; spring-boot; spring-security; sql,Projeto guia do segundo bloco do Bootcamp Java React da Generation Brasil
723249418,shmenzala/microservice-learning-2,https://github.com/shmenzala/microservice-learning-2,flag:name:learning,microservices; oracle-11g; spring-boot,
720763438,h2a26/spring-webflux-demo,https://github.com/h2a26/spring-webflux-demo,flag:name:demo,mongodb; spring-boot; webflux,
728090757,damnper/SpringDemoBot,https://github.com/damnper/SpringDemoBot,flag:name:demo,notification-service; spring-boot; telegram-bot,Stay ahead in the housing market with RoamAndHuntBot – your personal assistant notifying you of new apartments in real-time.
719954706,atakanbayrak/java-springboot-elasticsearch-app,https://github.com/atakanbayrak/java-springboot-elasticsearch-app,flag:description:tutorial,elasticsearch; postman; spring-boot,"☕ Elastic Search introduction and tutorial app in Java, Spring Boot project. Different search method implemented with MVC and tested in Postman successfully. "
730191653,i-moonlight/Poker,https://github.com/i-moonlight/Poker,flag:description:workshop,android; angular; java; poker; spring-boot,Forex Trading Application workshop
736615071,caglayantolga/springboot-role-based-jwt-security-rest-api,https://github.com/caglayantolga/springboot-role-based-jwt-security-rest-api,flag:description:how to,java; javaweb; jwt; jwt-authentication; jwt-token; rest-api; restful-api; spring-boot; spring-data-jpa; spring-security; springboot-starter; springboot3; springframework; websecurity,Sample project on how to implement JWT security role based using Spring boot 3 and Spring security 6
733219284,fdelsert/spring-boot-kafka-streams-interactive-queries-example,https://github.com/fdelsert/spring-boot-kafka-streams-interactive-queries-example,flag:name:example,interactive-queries; java; kafka-streams; spring-boot,This project serves as an example showcasing the use of Kafka Streams Interactive Queries in the context of a Spring Boot application.
737246660,Xhst/siw-messenger,https://github.com/Xhst/siw-messenger,flag:description:course,java; jwt; maven; postgres; rest; server; spring-boot; websocket,Personal project (server) for the SIW course 'Web Information System' at Roma Tre University.
730720280,guilhermezamoner/demo-observability-spring,https://github.com/guilhermezamoner/demo-observability-spring,flag:name:demo,grafana; loki; micrometer; observability; prometheus; spring-boot,Observability with Spring Boot 3
736598385,MinhQuan992/gonion-microservices,https://github.com/MinhQuan992/gonion-microservices,flag:description:course,docker; eureka; microservices; rabbitmq; spring-boot,"A sample microservices project, built from the course ""Microservices and Distributed Systems"" of Amigoscode"
737243642,Xhst/siw-museum,https://github.com/Xhst/siw-museum,flag:description:course,java; maven; postgres; spring-boot,Project museum for the SIW course 'Web Information System' at Roma Tre University.
731482582,SpringBootCourses/data-generator-grpc-microservice,https://github.com/SpringBootCourses/data-generator-grpc-microservice,flag:description:course,grpc; microservices; spring-boot,gRPC client for YouTube course
733704514,mohammedsohail-dev/ContentDeliveryNetwork-Demo,https://github.com/mohammedsohail-dev/ContentDeliveryNetwork-Demo,flag:name:demo,http2; java; maven; rest-api; spring-boot; tomcat,Content Delivery Network using Maven
731710551,ahincho/IDNP-Healthcare-Backend,https://github.com/ahincho/IDNP-Healthcare-Backend,flag:description:course,api-rest; java; mysql; spring-boot; spring-security; spring-security-jwt,"Healthcare management REST API backend (Spring Boot, Spring Security, JWT) for the IDNP course. Currently working locally to later deploy it in the cloud."
735106655,Xhst/asw-project,https://github.com/Xhst/asw-project,flag:description:course,api-gateway; consul; docker; docker-compose; gradle; java; kafka; microservices; postgres; rest; software-architecture; spring-boot,Group project for Software Systems Architectures course at Roma Tre University.
736355698,Sammy192/classProject_dsCommerce_v2_api,https://github.com/Sammy192/classProject_dsCommerce_v2_api,flag:description:course,apache-tomcat; bean-validation; coverage-testing; docker; h2-database; jacoco; java-17; junit5; jwt; maven; oauth2; postgresql; spring; spring-boot; spring-data-jpa; spring-security,About This class project was developed during the course Java Springboot JPA - Formação Desenvolvedor Moderno by DevSuperior company.
736799411,maxisandoval37/SOAPPP-demo-project,https://github.com/maxisandoval37/SOAPPP-demo-project,flag:name:demo,java; soap; spring-boot,"Proporciona servicios web SOAP, el cual nos otorga información del país ingresado. Construido con Spring Boot WS."
736249524,eduardofrohlich/spring-boot-rest-and-java,https://github.com/eduardofrohlich/spring-boot-rest-and-java,flag:description:course,aws; docker; java; jpa; spring-boot,Udemy course - APIs Rest development
731696336,engy-dev/SuperDrive,https://github.com/engy-dev/SuperDrive,flag:description:course,css; database-access; encryption-decryption; html; java; maven; password-manager; selenium; spring-boot; spring-security,This is part of Udacity's Java web developpment course. This project focuses on a cloud storing website and its functionality whilst keeping in mind data security.
731695669,engy-dev/ecommerceApp,https://github.com/engy-dev/ecommerceApp,flag:description:course,java; maven; spring; spring-boot; spring-mvc; spring-security; springframework,This is part of Udacity's Java backend web developpment course. This project focuses on Security and DevOps aspect of an enterprise application
735609814,Thitikorn-Nupan/spring-boot-security-and-jwt-without-jpa,https://github.com/Thitikorn-Nupan/spring-boot-security-and-jwt-without-jpa,flag:description:how to,cors-request; jasonwebtoken; spring-boot; spring-security,"(modify) this project , I have know about website token I know how to generate it and take it to use for authentication/security it's good but this is hard coded. (I don't use with database) this project I know the way to config Jwt with spring security for validate user who can access my api."
737491437,Salma-Mamdoh/Smart-Order-and-Notification-Management-System,https://github.com/Salma-Mamdoh/Smart-Order-and-Notification-Management-System,flag:description:course,api; design-patterns; java; mvc; postman; rest-api; software-engineering; spring-boot,Our project for Advanced Software Engineering Course taken during Winter 2023 semester
733694237,chalagucci/rest-demo,https://github.com/chalagucci/rest-demo,flag:name:demo,crud; java; maven; rest-api; spring-boot,Java REST API with Spring Boot
731702383,dmitriy-utkin/spring-framework-practices,https://github.com/dmitriy-utkin/spring-framework-practices,flag:description:course,education; java; kafka; mvc; postgresql; practice; redis; spring-boot; unit-testing,"This GitHub repository contains all the practical assignments for the Spring Framework course. It includes the implementation of various features and functionalities using Spring, along with dependencies and configurations. Each assignment is organized in its own folder for easy access and reference. Follow along to learn and practice Spring."
737095285,Mahdi-jamil/RESTfulTopicCoursesAPI,https://github.com/Mahdi-jamil/RESTfulTopicCoursesAPI,flag:name:course; flag:description:course,aop-logs; integration-testing; spring-boot; spring-data-jpa; spring-mvc,Developing a REST API for managing a Topic entity that encompasses various courses. The implementation involves utilizing MySQL for data storage and Java Persistence API (JPA) for seamles interaction with the database.
732814081,anicetkeric/spring-boot-ostara-demo,https://github.com/anicetkeric/spring-boot-ostara-demo,flag:name:demo,maven; monitoring; spring-boot,
730839267,m4themagics/bug-collection,https://github.com/m4themagics/bug-collection,flag:description:course,coursework; java; postgresql; spring-boot,Coursework (2023): Java Spring Boot REST service for a beetle collection with JPA and PostgreSQL.
730874378,ArintonAkos/3Layer-And-Hexagonal-Architecture-Demo,https://github.com/ArintonAkos/3Layer-And-Hexagonal-Architecture-Demo,flag:name:demo,3-layer-architecture; hexagonal-architecture; spring-boot; web,A demo application implemented in both 3-Layer and Hexagonal architectures.
733969206,graric/demo-scs-rabbit,https://github.com/graric/demo-scs-rabbit,flag:name:demo,micrometer; rabbitmq; spring-boot; springcloudstream,A simple Spring Boot POC integrating RabbitMQ for message handling and Micrometer for application metrics. Demonstrates basic message publishing/consumption and exposes metrics for observability with tools like Prometheus.
732793834,MartinKostelecky/SpringSecurityDemo,https://github.com/MartinKostelecky/SpringSecurityDemo,flag:name:demo,docker; java; jwt-token; mockito; rest-api; spring-boot; spring-security; unit-testing,Demo Spring security rest api using JWT token.
734754916,MDecker-MobileComputing/Maven_SpringBoot_KafkaDemo,https://github.com/MDecker-MobileComputing/Maven_SpringBoot_KafkaDemo,flag:name:demo,demo; docker; github-actions; kafka; maven; spring-boot,Spring-Boot-Anwendung für Zugriff auf Kafka-Server
736577161,xdamah/swagger-xdamah-examples,https://github.com/xdamah/swagger-xdamah-examples,flag:name:example; flag:name:examples,java; openapi; spring-boot; swagger; swagger3,Examples show case for Swagger-XDamah
731965825,SpringBootCourses/data-store-grpc-microservice,https://github.com/SpringBootCourses/data-store-grpc-microservice,flag:description:course,grpc; microservices; redis; spring-boot,gRPC client for YouTube course
737527448,applination/spring-boot-example,https://github.com/applination/spring-boot-example,flag:name:example,java; spring-boot,
731508877,DineshikaSivapalaraja/DemoApp,https://github.com/DineshikaSivapalaraja/DemoApp,flag:name:demo,java; mvc-pattern; mysql; restful-api; spring-boot,"Java Spring boot project to understand initial steps of a complete project using Spring boot, Java and MySQL connection"
731482459,SpringBootCourses/data-analyser-grpc-microservice,https://github.com/SpringBootCourses/data-analyser-grpc-microservice,flag:description:course,grpc; microservices; spring-boot,gRPC server for YouTube course
730716744,Higunio320/Library,https://github.com/Higunio320/Library,flag:description:course,angular; docker; hibernate; java17; jwt; maven; postgresql; spring-boot; typescript,"Application for Building Databases Applications course on Warsaw University of Technology. Simple web application with database, backend and frontend."
737068047,farzan6118/rabbitmq-sample-project,https://github.com/farzan6118/rabbitmq-sample-project,flag:name:sample,java; modular; openapi; rabbitmq-consumer; rabbitmq-producer; spring-boot; springweb; swagger,
733351928,robert-muriithi/chatapp-demo,https://github.com/robert-muriithi/chatapp-demo,flag:name:demo,spring-boot,
732399519,chstu-labs/5-sem-cp-db-team-red-back,https://github.com/chstu-labs/5-sem-cp-db-team-red-back,flag:description:course,5-sem; course-project; db; java; spring-boot,REST API for course java project
730443656,LRz00/tasklist-java,https://github.com/LRz00/tasklist-java,flag:description:how to,java; maven; mvc; spring-boot,work in progress: restful api used to learn how to connect a java back-end system to a web view
730335132,c-kiplimo/pdf-modole,https://github.com/c-kiplimo/pdf-modole,flag:description:how to,java; spring-boot,Practice project on how to generate pdf 
732387609,BrodyGaudel/demo-rest-api-spring-boot,https://github.com/BrodyGaudel/demo-rest-api-spring-boot,flag:name:demo,java; java21; junit5; rest-api; restapi; spring-boot; springboot3; springframework,Demo of a REST API whith Spring Boot 3.2.x and Java 21
743116488,ThomasVitale/llm-apps-java-langchain4j,https://github.com/ThomasVitale/llm-apps-java-langchain4j,flag:description:how to,generative-ai; langchain; langchain4j; large-language-models; llm; spring-boot,Samples showing how to build Java applications powered by Generative AI and LLMs using LangChain4j and Spring Boot.
742187201,kylehoehns/spring-ai-demo,https://github.com/kylehoehns/spring-ai-demo,flag:name:demo,iowa; llm; openai; spring-ai; spring-boot,Use Spring AI to Build A Sports Stats API
740507941,RonniKahalani/chatgpt-jokes,https://github.com/RonniKahalani/chatgpt-jokes,flag:description:how to,ai; chatgpt; java; javascript; spring-boot,Shows how to use the ChatGPT API to make jokes based on the users input.
743592638,muhrifqii/spring-webflux-r2dbc-sample,https://github.com/muhrifqii/spring-webflux-r2dbc-sample,flag:name:sample,r2dbc; r2dbc-postgresql; sample-project; spring-boot; webflux,Samples showing spring boot using webflux & r2dbc
741538778,jaruizes/springboot3-tracing,https://github.com/jaruizes/springboot3-tracing,flag:description:how to,jaeger; opentelemetry; spring-boot,This repository shows how to add tracing to an Spring Boot 3 application using OpenTelemetry and sending data to Jaeger
742931523,ZaTribune/springboot-r2dbc-graphql-demo,https://github.com/ZaTribune/springboot-r2dbc-graphql-demo,flag:name:demo,flyway; graphql; java; oracle-database; r2dbc; r2dbc-oracle; spring-boot; spring-webflux; webflux,A demo project for a reactive web application that serves data from an Oracle database via GraphQL.
742830088,ZaTribune/springboot-webflux-websocket-demo,https://github.com/ZaTribune/springboot-webflux-websocket-demo,flag:name:demo,java; mongodb; payment; payment-page; reactive-programming; reactjs; spring-boot; tracking; ui-interaction; webflux; websocket,A demo project to showcase a mechanism that tracks user UI interactions on a payment page.
746273218,addins/s3sample,https://github.com/addins/s3sample,flag:name:sample,minio; object-storage; rest; s3; spring-boot; test-containers,spring-boot example of REST APIs for upload/download files stored in s3-compatible storage
738246232,dilermando-lima/spring-boot-complete-unit-test,https://github.com/dilermando-lima/spring-boot-complete-unit-test,flag:description:how to,example-project; java; mockito; spring-boot; unit-testing,Project covers how to test api rest springboot with mockito and junit5
741410091,plopezgit/Sprint5_Extra_Spring_Boot_Data_Demo,https://github.com/plopezgit/Sprint5_Extra_Spring_Boot_Data_Demo,flag:name:demo,demonstration; h2-database; jpa; spring; spring-boot; spring-data-jpa,Study Spring Boot Data implementation demo.
740953056,plopezgit/Sprint5_Extra_Spring_Boot_Configuration_Demo,https://github.com/plopezgit/Sprint5_Extra_Spring_Boot_Configuration_Demo,flag:name:demo,configuration; configuration-files; configuration-management; properties-file; spring; spring-boot,Study Spring Boot Configuration properties tips.
740233491,marceloams/cars-springboot,https://github.com/marceloams/cars-springboot,flag:description:course,java; spring-boot,Spring boot application from a fast course
743603569,guiuba/QRCodeService,https://github.com/guiuba/QRCodeService,flag:description:how to,http-requests; image-processing; java; qrcode; spring-boot; zxing-library,"In this cool project I've  learned how to  work with the ZXing library, an open-source library, to encode information and create QR codes."
745080159,nnamanx/customer-fraud-ms,https://github.com/nnamanx/customer-fraud-ms,flag:description:tutorial,java; microservices-architecture; spring-boot,Microservice architecture tutorial
744085945,blaspat/elasticsearch-demo,https://github.com/blaspat/elasticsearch-demo,flag:name:demo,elasticsearch; elasticsearch-client; java; java17; spring-boot; springboot,Elasticsearch Integration Demo Spring Boot
747308539,ferfujikawa/validationdemo,https://github.com/ferfujikawa/validationdemo,flag:name:demo; flag:description:course,init-binder; spring-boot; spring-validatiton; thymeleaf-spring,"Demo project from Spring Boot 3, Spring 6 & Hibernate for Beginners course - Chapter 6 - Spring MVC - Validation"
747223991,emmanuel-mutua/ElearningPlatform,https://github.com/emmanuel-mutua/ElearningPlatform,flag:name:learning,spring-boot,this is a backend system for a e-learning platform
738921671,Thitikorn-Nupan/spring-boot-security-and-jwt-with-jpa-hibernate-login-mysql-many-to-many,https://github.com/Thitikorn-Nupan/spring-boot-security-and-jwt-with-jpa-hibernate-login-mysql-many-to-many,flag:description:how to,jpa-hibernate; jwt-authentication; logback; lombok; many-to-many; mysql; spring-boot; spring-security,"(modify) I build basic api. and I use spring boot security for authentication who user can access my api (Develop old projects), but this is difference, I used jwt-authentication user have to no sign in always when request my api. So I knows how to config for spring boot security and jwt. (3 tables in my database for user , role , relation)"
743926891,Pavs1605/SpringEmpDeptDemo,https://github.com/Pavs1605/SpringEmpDeptDemo,flag:name:demo,java; react; rest-api; spring-boot,This is a simple Spring Boot application with a React frontend that manages employees and departments. The main design rule is that one department can have multiple employees.
745115903,up2code/demo-testcontainers,https://github.com/up2code/demo-testcontainers,flag:name:demo,spring-boot; testcontainers,Demo Testcontainers project (Currently forcus on Java Spring Boot)
746194988,math-ferreira/state-machine-spring,https://github.com/math-ferreira/state-machine-spring,flag:description:how to,java; maven; spring; spring-boot; spring-state-machine; state-machine,Project to study how to implement a state machine using Spring Framework. Spring provide a library to help to build state machines
739552995,Ismailalkouz94/send-email-example,https://github.com/Ismailalkouz94/send-email-example,flag:name:example,aws; aws-api-gateway; aws-lambda; aws-ses; spring-boot,"send contact email example project using spring boot, aws lambda , aws API gateway and aws SES"
743857075,spdci/sample-api-sandbox,https://github.com/spdci/sample-api-sandbox,flag:name:sample,java; postgres; spring-boot,The sample-api-sandbox contains code base to demonstrate working od APIs with sample data 
738908858,Agasthi98/Spring-Tutorial-1.0,https://github.com/Agasthi98/Spring-Tutorial-1.0,flag:name:tutorial; flag:description:tutorial,h2-database; jpa; rest-api; spring-boot,SpringBoot Application tutorial with Jpa & h2 db
740128501,KovalevOK/DemoREST,https://github.com/KovalevOK/DemoREST,flag:name:demo,h2-database; jacoco; java; junit5; liquibase; mysql; spring-boot; spring-data-jpa; spring-rest-api,Spring DemoREST project
742311489,1xByte/IMS-Courses-Repo,https://github.com/1xByte/IMS-Courses-Repo,flag:name:course; flag:description:course,microservices; mysql; rest-api; spring-boot; springcloud,Institute Management System- Courses Repo
739670655,Satya2008/Student-Management-System,https://github.com/Satya2008/Student-Management-System,flag:description:course,modelmapper; spring-boot; spring-security; springdata-jpa,The Student Management System is a Spring Boot-based application designed to streamline the process of managing students and their courses. The system provides functionalities for administrators and students to perform various operations securely.
743826877,Stormtrooper0006/Spring-Boot-Demo,https://github.com/Stormtrooper0006/Spring-Boot-Demo,flag:name:demo,java; spring-boot,A Spring Boot demo app that contains code to do CRUD operation with RESTful API.
739406186,cesar4jvm/pluralsight-bunker-creating-your-first-spring-boot-application-conference-demo,https://github.com/cesar4jvm/pluralsight-bunker-creating-your-first-spring-boot-application-conference-demo,flag:name:demo,java; spring-boot,My code for the conference-demo app.
741448798,lombocska/oauth2-social-login-sample,https://github.com/lombocska/oauth2-social-login-sample,flag:name:sample,authentication; facebook; github; google; oauth2; security; social-login; spring-boot; spring-boot-3,Sample code for Medium article series.
739547992,kelvfi/Spring01_Colours,https://github.com/kelvfi/Spring01_Colours,flag:description:tutorial,java; spring-boot,Erstes Tutorial mit SpringBoot
738841786,Bzahov98/AchievementsBG.server,https://github.com/Bzahov98/AchievementsBG.server,flag:description:course,java; postgresql; postman; postman-collection; spring-boot; spring-mvc; spring-security,"My course project for ""Modern Java technologies"". SpringBoot/Java-based server for RowingManagement system. Spring Security"
747400192,Csaba79-coder/webler-apartment-reservation,https://github.com/Csaba79-coder/webler-apartment-reservation,flag:description:course,bootstrap5; h2-database; junit-jupiter; junit5; liquibase; lombok; maven; mockito; modelmapper; mysql-server; spring-boot; spring-data-jpa; spring-devtools; spring-web; thymeleaf,Final FullStack project for Java Backend Developer course created by Peter Futo & Gabor Perczel & Roland Szoke
744029957,LokeshKumarkumawat/e-learning-platform,https://github.com/LokeshKumarkumawat/e-learning-platform,flag:name:learning; flag:description:course,auth0; aws-s3; java; mongodb; reactjs; spring-boot,"An e-learning platform backend built with Java 17 and Spring Boot. Supports video course management with AWS S3 storage, MongoDB database, and Auth0 OAuth2 JWT authentication. Frontend built with React."
740600088,AnuragMishra58/spring-security-examples,https://github.com/AnuragMishra58/spring-security-examples,flag:name:example; flag:name:examples,ldap-authentication; oauth2-client; spring-boot; spring-security; spring-security-ldap,Different authentication implementations using Spring Security
737812174,itp9177/Oauth2-examples,https://github.com/itp9177/Oauth2-examples,flag:name:example; flag:name:examples,oauth2; spring-boot; spring-security,This repository describes an implementation of Oauth2 flows with Spring Security and keycloak
746033463,doniaskima/Microservices-Demo,https://github.com/doniaskima/Microservices-Demo,flag:name:demo,microservices; netflix-eureka; resillence4j; spring-boot,
744446979,SonsuGit/MySpringStudy-ChadDarby,https://github.com/SonsuGit/MySpringStudy-ChadDarby,flag:description:tutorial; flag:description:course,java; spring; spring-boot; spring-mvc; spring-security; thymeleaf,Spring Exercise files for https://www.udemy.com/course/spring-hibernate-tutorial/
740569596,inspector-apm/inspector-spring-demo,https://github.com/inspector-apm/inspector-spring-demo,flag:name:demo,error-handling; error-monitoring; error-reporting; monitoring; monitoring-tool; spring-boot,Demo Spring application monitored by Inspector
741410961,MattiaIojica/LibraryManagementSystem,https://github.com/MattiaIojica/LibraryManagementSystem,flag:description:course,database; java; java-17; maven; mvc; mysql; mysql-database; spring-boot; swagger; swagger-ui,Java Web Programming course
747165931,ferfujikawa/thymeleafdemo,https://github.com/ferfujikawa/thymeleafdemo,flag:name:demo; flag:description:course,spring-boot; thymeleaf-spring,"Demo project from Spring Boot 3, Spring 6 & Hibernate for Beginners course - Chapter 6 - Spring MVC"
743720586,david-matu/ShopAPI-Spring-Demo,https://github.com/david-matu/ShopAPI-Spring-Demo,flag:name:demo,database-schema; rest-api; spring-boot,A simple guide to building a simple CRUD-enabled REST API with Spring Boot 2.7.6 and minimum Java version 11.
755892396,ilkeratik/sample-microservice-with-spring-boot,https://github.com/ilkeratik/sample-microservice-with-spring-boot,flag:name:sample,actuator; mongodb; redis; rest-api; spring; spring-boot; springdata-jpa,"A sample REST API microservice project (travel-service) using spring boot, mongoDB and redis"
754007598,deepjyoti-barman/complete-java-developer-telusko,https://github.com/deepjyoti-barman/complete-java-developer-telusko,flag:description:course,hibernate; java; jdbc; spring; spring-boot,Contains all the important notes and lectures from the course 'Complete Java Developer - Batch 2' by Telusko Learning
751247338,pehrs/spring-ai-vespa-embedding-sample,https://github.com/pehrs/spring-ai-vespa-embedding-sample,flag:name:sample,llm; ollama; rag; spring-ai; spring-boot; spring-boot-3; vespa-engine,"Simple local RAG sample using Spring-AI, Ollama LLMs and Vespa-AI"
747724459,guma2k2/elearning_api,https://github.com/guma2k2/elearning_api,flag:name:learning,cloudinary; java; junit5; postgresql; spring-boot; sso; vnpay,Udemy website clone
752745628,kai-niemi/betting-demo,https://github.com/kai-niemi/betting-demo,flag:name:demo,cdc; cockroachdb; kafka; saga-pattern; spring-boot,An online horse betting demo using CockroachDB and the Saga pattern.
752613010,GabyB73/Sprint5Tasca2,https://github.com/GabyB73/Sprint5Tasca2,flag:description:bootcamp,api-rest; bootcamp-project; game; java; spring-boot,🎲 API REST Juego de Dados - Proyecto final Bootcamp IT Academy | Java Spring Boot
748497363,tndduc/New-Institute,https://github.com/tndduc/New-Institute,flag:description:course,docker; junit-test; postgresql; restful-api; spring-boot; spring-security-jwt; swagger,Spring Course Selling Platform
754370806,Guccio163/ImageGallery,https://github.com/Guccio163/ImageGallery,flag:description:course,docker; javafx; mqtt; spring-boot,An image gallery done in Spring and Docker with a little help of JavaFX and MQTT  // Objective Technologies Course // AGH UST Computer Science 2023/2024 //
751258735,Aziiz01/Courzelo,https://github.com/Aziiz01/Courzelo,flag:description:course,angular; e-learning; fullstack; java; maven; rest-api; spring-boot,"E-learning platform with course creation, student enrollment, and progress tracking — Spring Boot"
755818984,developer-shubham101/SpringBootSample,https://github.com/developer-shubham101/SpringBootSample,flag:name:sample,api-gateway; java; jwt-authentication; microservices; mongodb; service-discovery; spring-boot,"SpringBootSample: A beginner-friendly Spring Boot project with JWT authentication, REST APIs, MongoDB integration, and microservices architecture for learning and real-world implementation."
755460863,okancezik/Socio-Codes-BE,https://github.com/okancezik/Socio-Codes-BE,flag:description:course,request-response-pattern; restful-api; spring-boot; spring-security; swagger-ui,"Developed within the scope of TUBITAK 2209-A, ""an application that allows sharing software projects via GitHub and recommends BTK Academy courses"""
756965873,josdem/juice-restclient,https://github.com/josdem/juice-restclient,flag:description:how to,gradle; java; junit5; restclient; spring-boot,This is a library that shows how to test a third-party service using restclient
756253266,Sushant0999/microservices_example,https://github.com/Sushant0999/microservices_example,flag:name:example,feign-client; java-17; java17; maven; microservices; spring-boot; spring-cloud; spring-eureka-client; spring-eureka-server; springboot3-x,Springboot Microservices example
751635138,fahmi-ramadhan/eshop,https://github.com/fahmi-ramadhan/eshop,flag:description:tutorial,spring-boot,Advanced Programming Tutorials and Exercises
753084111,mfruizs/spring-injection-examples,https://github.com/mfruizs/spring-injection-examples,flag:name:example; flag:name:examples,example-project; java; spring-boot,Example project to show the various ways we have to inject packages in the context of springboot
753034583,arhostcode/linktracker,https://github.com/arhostcode/linktracker,flag:description:course,github; java; junit5; kafka; mockito; postgresql; scrapper; scrapping; spring; spring-boot; spring-web; stackoverflow; telegram-bot; wiremock,🛠️ Проект Tinkoff Java Course 2 семестр
755160614,jabrena/spring-boot-and-r-language,https://github.com/jabrena/spring-boot-and-r-language,flag:description:how to,data-science; java; r-language; spring-boot; statistics,A repository to explore how to interact with R from Java with Spring Boot
752452706,Abhinav-Choudhary/Webapp,https://github.com/Abhinav-Choudhary/Webapp,flag:description:course,bash; bash-script; bcrypt; java; javaee; packer; rest-api; shell; shell-script; spring-boot; springboot,Repository for course CSYE 6225 Network Structures and Cloud Computing offered by Northeastern University and taken in Spring 2024.
752388048,yuriytkach/demo-2-en-status-page-spring,https://github.com/yuriytkach/demo-2-en-status-page-spring,flag:name:demo,feign-client; lambda; rest-client; spring-boot; thymeleaf,Serverless IP Weather & Location Status Page with Spring Boot. Demo Project for Online Stream #2 (English)
755858039,nguetcheu/CheatsHeet-jpaBeginner,https://github.com/nguetcheu/CheatsHeet-jpaBeginner,flag:description:cheatsheet,spring-boot; spring-data-jpa,Spring data Jpa CheatSheet
756517691,ismailza/Busway-TicketChatBot,https://github.com/ismailza/Busway-TicketChatBot,flag:description:workshop,java; neo4j; rest-api; spring-boot; thymeleaf,"The Busway Ticket ChatBot is a web application created during the Object Technology/IoT Workshop. It's designed to streamline the busway ticket reservation process, leveraging the power of Neo4j to manage complex data relationships. "
753092189,BillStephens2022/securityDemoSpringBoot,https://github.com/BillStephens2022/securityDemoSpringBoot,flag:name:demo,java; java-17; mysql; spring-boot; spring-security; springboot; springboot3,A Springboot security demo application
754597943,BillStephens2022/AOP-Demo-SpringBoot,https://github.com/BillStephens2022/AOP-Demo-SpringBoot,flag:name:demo,aop; aop-aspects; aspect-oriented-programming; java; spring-boot; springboot; springboot3,"A demo of Aspect Oriented Programming (AOP) using @Before, @AfterReturning, @AfterThrowing, @After, @Around"
755244470,ferfujikawa/springboot-aopdemo,https://github.com/ferfujikawa/springboot-aopdemo,flag:name:demo; flag:description:course,spring-boot; spring-boot-aop,"Demo project from Spring Boot 3, Spring 6 & Hibernate for Beginners course - Chapter 10 - AOP:Aspect-Oriented Programming"
747726771,KondratovIvan/spring-microservices-eureka-demo,https://github.com/KondratovIvan/spring-microservices-eureka-demo,flag:name:demo,api-gateway; eureka-server; java21; microservices; spring-boot; spring-cloud,Spring cloud metflix eureka demonstration app
751361041,ferfujikawa/spring-mvc-security,https://github.com/ferfujikawa/spring-mvc-security,flag:description:course,spring-authentication; spring-authorization; spring-boot; spring-data-jpa; spring-mvc; spring-security,"Demo project from Spring Boot 3, Spring 6 & Hibernate for Beginners course - Chapter 8 - Spring MVC Security"
747818483,codeblox-codes/spring-boot-examples,https://github.com/codeblox-codes/spring-boot-examples,flag:name:example; flag:name:examples,cicd; docker; github-actions; hibernate; java; spring; spring-boot; spring-data; spring-data-jpa; spring-mvc; spring-security,"Various Spring Boot projects, each addressing distinct subjects."
749765695,pdgayan/Twilio-SMS,https://github.com/pdgayan/Twilio-SMS,flag:description:how to,java; spring-boot; twilio-sms-api,demonstrates how to integrate Twilio's SMS service with a Spring Boot application. It includes features for sending SMS messages programmatically using Twilio's API. 
751280585,Jeysiva-apjs/learn-academy-java,https://github.com/Jeysiva-apjs/learn-academy-java,flag:description:course,java; junit; mockito; spring-boot; spring-data-jpa,REST API for course selling app using Spring Boot. 
748426554,Daria-Krylova/Java_demo_10_operations,https://github.com/Daria-Krylova/Java_demo_10_operations,flag:name:demo,java; spring-boot,"Реализовать программу для выполнения следующих математических операций с целочисленным, байтовым и вещественным типами данных: сложение, вычитание, умножение, деление, деление по модулю (остаток), модуль числа, возведение в степень. "
753258826,BillStephens2022/thymeleafDemo_Springboot,https://github.com/BillStephens2022/thymeleafDemo_Springboot,flag:name:demo,java; java-17; java-springboot; spring-boot; springboot; thymeleaf,"A SpringBoot demo app featuring Thymeleaf templating, props, and form submission"
751810040,BillStephens2022/crudDemoSpringBoot,https://github.com/BillStephens2022/crudDemoSpringBoot,flag:name:demo,java; java-17; javaspringboot; mysql; spring-boot,a demo Java Spring Boot application with mySQL database with CRUD capabilities
756992204,nvseshaiah2013/mongodb-connection-example-with-oci,https://github.com/nvseshaiah2013/mongodb-connection-example-with-oci,flag:name:example; flag:description:how to,mongodb; oracle-cloud; spring-boot; spring-data-mongodb; vault,A spring boot project showing an example of how to connect to mongo db atlas instance using the credentials fetched from oracle cloud vault.
755326572,Shahriar-0/Software-Engineering-1-Course-Projects-S2024,https://github.com/Shahriar-0/Software-Engineering-1-Course-Projects-S2024,flag:name:course; flag:description:course,artemis; clean-architecture; matching-engine; software-engineering; spring-boot,software engineering course projects with focus on a matching engine 
753616820,BillStephens2022/validationDemoSpringBoot,https://github.com/BillStephens2022/validationDemoSpringBoot,flag:name:demo,java; java-17; java-springboot; spring-boot; springboot; thymeleaf,A demo Java SpringBoot application with Thymeleaf which has a form with Spring MVC validation and custom validators
757504505,RuslanAndrianov/Backend-Java-Tinkoff-Spring-2024,https://github.com/RuslanAndrianov/Backend-Java-Tinkoff-Spring-2024,flag:description:course,containers; github; java; jdbc; jooq; jpa-hibernate; junit5; mockito; postgresql; restful-api; spring; spring-boot; spring-mvc; stackoverflow; wiremock,"Repository for taking the course ""Backend development in Java. Spring 2024"" from Tinkoff"
749911750,Thitikorn-Nupan/spring-boot-mockito-testing-for-crud-mongodb,https://github.com/Thitikorn-Nupan/spring-boot-mockito-testing-for-crud-mongodb,flag:description:how to,junit; logback; mockito; mongodb; spring-boot; spring-boot-validation; spring-resttemplate,"(modify) this project , I build basic api and use mongo database. Anything logic about this project It's same my old project. but i already know how to config mongDB in spring boot and remind the way to use resttemplate for client's request to server and testing logic with mockito."
749140025,developerKhusanjon/spring-statemachine-sample,https://github.com/developerKhusanjon/spring-statemachine-sample,flag:name:sample,spring-boot; spring-statemachine; state-machine,Introduction to Spring Statemachine
751600411,patilchirag99/learn-kafka-springboot,https://github.com/patilchirag99/learn-kafka-springboot,flag:description:how to,apache-kafka; java-8; spring-boot,Learn how to use kafka with springboot
755479030,dsthakur10/SpringAndSpringBoot-ChadDarby,https://github.com/dsthakur10/SpringAndSpringBoot-ChadDarby,flag:description:course,spring; spring-boot; spring-data-jpa; spring-mvc; thymeleaf,Spring & SpringBoot by Chad Darby (Course on Udemy)
751006574,ferfujikawa/spring-mvc-crud,https://github.com/ferfujikawa/spring-mvc-crud,flag:description:course,spring-boot; spring-mvc-crud,"Demo project from Spring Boot 3, Spring 6 & Hibernate for Beginners course - Chapter 7 - Spring MVC CRUD"
753250423,avel40m/securityWithJWT,https://github.com/avel40m/securityWithJWT,flag:description:tutorial,java-17; jwt-authentication; jwt-token; spring-boot; spring-security,Tutorial JWT Authentication & Authorization with Spring Security
748769070,Macedovin/algaworks.especialista_spring_rest,https://github.com/Macedovin/algaworks.especialista_spring_rest,flag:description:course,java; rest; rest-api; spring; spring-boot; spring-mvc; spring-rest," Programming content resulting from AlgaWorks' ""Spring REST Specialist"" course"
752016541,BillStephens2022/crudRestDemoSpringBoot,https://github.com/BillStephens2022/crudRestDemoSpringBoot,flag:name:demo,java; java-17; javaspringboot; jpa-hibernate; spring-boot; springboot; springboot3,A SpringBoot demo app featuring JPA repository and Spring Data Rest
752327310,restuaar/eshop,https://github.com/restuaar/eshop,flag:description:tutorial; flag:description:course,advanced-programming; java; spring-boot,Tutorial for Advance Programming Course 2023/2024
754399921,Sansao77/certification-system-spring,https://github.com/Sansao77/certification-system-spring,flag:description:bootcamp,java; maven; postgresql; spring-boot,projeto do bootcamp NLW Expert da RocketSeat
752291807,Norrels/CourseAPI_Java,https://github.com/Norrels/CourseAPI_Java,flag:name:course; flag:description:course,java; spring-boot; spring-security,Simple API for Courses
748455591,Daria-Krylova/demo_docker_spring_boot,https://github.com/Daria-Krylova/demo_docker_spring_boot,flag:name:demo,docker-container; java; spring-boot,SpringBoot + Docker
757846965,withwooyong/demo-websocket,https://github.com/withwooyong/demo-websocket,flag:name:demo,chat; java; spike; spring-boot; websocket,웹소켓 채팅 단일 기능 학습용 스파이크 (2024).
768898053,buildrun-tech/buildrun-spring-security-jwt-example,https://github.com/buildrun-tech/buildrun-spring-security-jwt-example,flag:name:example,jwt; jwt-authentication; jwt-example; spring-boot; springsecurity; springsecurity-jwt; springsecurity6,Guia definitivo para a criação de autenticação e autorização via JWT com Spring Security 6
769205734,vivekanand-vr/javaFullStack-codebase,https://github.com/vivekanand-vr/javaFullStack-codebase,flag:description:course,hibernate; jdbc; jee; jsp; mysql; servlet; spring; spring-boot,This repository consists of all the programs of Java Full Stack Developer coursework.
762320482,rohatdgnr/Patika.Practical.BackEnd,https://github.com/rohatdgnr/Patika.Practical.BackEnd,flag:description:bootcamp,java; rest-api; spring-boot; sql; swing,This repo contains all the backend projects I completed during bootcamp on the Patika.dev platform. Projects are organized weekly and each one is geared towards learning different technologies and practices.
758787576,ahmadalammar/order-management-system,https://github.com/ahmadalammar/order-management-system,flag:description:how to,apachecamel; distributed-systems; java; kafka; spring-boot; springboot,Spring example that show how to use Saga and CQRS in microservice
766508755,srikanth-josyula/springboot-elk-stack-example,https://github.com/srikanth-josyula/springboot-elk-stack-example,flag:name:example,elasticsearch; elk; elk-stack; kibana; logging; logstash; spring-boot,"Sample Spring Boot application, integrated with the ELK (Elasticsearch, Logstash, Kibana) stack for centralized log management and analysis."
760079886,BDTechCenter/back-end,https://github.com/BDTechCenter/back-end,flag:description:course,api; docker; java; java-17; microservices; rest-api; spring-boot; sso-authentication,backend as rest api of the BDTechCenter project for final paper of DS course
761710847,yataknemogy/book-management-service,https://github.com/yataknemogy/book-management-service,flag:description:how to,java; jpa; restful; spring; spring-boot,"This repository contains a RESTful service for managing books and authors. The project is designed to demonstrate how to build a robust backend application using Spring Boot, JPA, and REST principles. "
769072329,HarshitPachori/SpringBoot_CI_CD_Example,https://github.com/HarshitPachori/SpringBoot_CI_CD_Example,flag:name:example,continous-deployment; continous-integration; docker; github-actions; java; maven; spring-boot,A Complete Example of a CI/CD Pipeline for SpringBoot Rest App on Github Actions
760980710,ncamp-miniproject/ncamp-miniproject-backend,https://github.com/ncamp-miniproject/ncamp-miniproject-backend,flag:description:course,servlet-jsp; spring; spring-boot,A miniproject for Naver Cloud Camp course
768509065,iammahesh123/QueryDSL-Crud-Application-Demo,https://github.com/iammahesh123/QueryDSL-Crud-Application-Demo,flag:name:demo; flag:description:how to,java; jpa-hibernate; maven; mysql-database; querydsl-sql; spring-boot; tomcat-server,"This project demonstrates how to integrate QueryDSL with Spring Boot for implementing CRUD (Create, Read, Update, Delete) operations on a database."
764529964,helltractor/java-learning,https://github.com/helltractor/java-learning,flag:name:learning,aspectj; redis; reflection; spring-boot; spring-cloud; stream; thread,早岁已知世事艰，任做🐂🐎荡人间
763187763,bad-logic/learning-java,https://github.com/bad-logic/learning-java,flag:name:learning,associations; binding; compiler; design-patterns; inheritance; interpreter; java; jdk; jpa; jre; jvm; oop; polymorphism; spring; spring-boot; stringpool,learning java programming language
762311482,gadoza/learnVerse,https://github.com/gadoza/learnVerse,flag:description:course,e-learning; java; keycloak; microservices; postgresql; rest-api; spring-boot; stripe,"Full-stack e-learning platform for course creation, enrollment & payment — Spring Boot backend with Stripe and Keycloak"
758912229,withwooyong/demo-event,https://github.com/withwooyong/demo-event,flag:name:demo,event-driven; java; jpa; kafka; spike; spring-boot,spring event demo
762287218,ferfujikawa/spring-rabbitmq-demo,https://github.com/ferfujikawa/spring-rabbitmq-demo,flag:name:demo,dead-letter-exchanges; rabbitmq; spring-amqp; spring-boot,Projeto para prática de uso do RabbitMQ com Spring Boot.
766467910,QuanchiChen/kafka-demo-project,https://github.com/QuanchiChen/kafka-demo-project,flag:name:demo,apache-kafka; spring-boot,Demo Project for Spring Boot and Apache Kafka
768515627,iammahesh123/spring-webflux-testing-demo,https://github.com/iammahesh123/spring-webflux-testing-demo,flag:name:demo; flag:description:how to,intellij; java; junit5; mockito; spring; spring-boot; spring-data-mongodb-reactive; spring-reactive; spring-reactive-mongodb; spring-webflux; tomcat-server,This project demonstrates how to test Spring WebFlux controllers and services using JUnit 5 and Mockito.
767538932,leoyakubov/2-factor-authentication-demo,https://github.com/leoyakubov/2-factor-authentication-demo,flag:name:demo,2-factor-authentication; mongodb; spring-boot,"2-factor authentication demo with Spring Boot, React, JWT and authentication app"
768520373,iammahesh123/Hystrix-Demo,https://github.com/iammahesh123/Hystrix-Demo,flag:name:demo,circuit-breaker; hystrix; hystrix-dashboard; java; spring; spring-boot,A demo Spring Boot project showcasing Hystrix for circuit breaking.
768310850,aarczynski/threadssyncdemo,https://github.com/aarczynski/threadssyncdemo,flag:name:demo,gatling; java; multithreading; spring-boot,A demo project written in Java and Spring Boot to demonstrate common multithreading issues. Gatling is used to generate load.
761006200,Jitu0110/JWT_rate_limit,https://github.com/Jitu0110/JWT_rate_limit,flag:description:how to,api-rest; java; jwt; jwt-authentication; postgresql; rate-limiter; rate-limiting; redis; spring-boot; spring-security,A simple Spring Boot project to show how to use JWT for authentication and rate limiting (throttling).
758309899,withwooyong/demo-redis,https://github.com/withwooyong/demo-redis,flag:name:demo,java; pub-sub; redis; slack; spike; spring-boot,spring redis sample
768509996,iammahesh123/spring-cloud-task-demo,https://github.com/iammahesh123/spring-cloud-task-demo,flag:name:demo; flag:description:how to,java; jpa-hibernate; maven; mysql-database; spring-boot; spring-cloud-task,This project demonstrates how to use Spring Cloud Task to create and manage short-lived microservices for batch processing and other tasks.
768521074,iammahesh123/spring-Junit-Testing-reports-demo,https://github.com/iammahesh123/spring-Junit-Testing-reports-demo,flag:name:demo; flag:description:how to,jacoco-plugin; java; junit5; maven; spring; spring-boot; surefire-plugin; tomcat-server,This project demonstrates how to generate and use testing reports for Spring applications using JUnit.
760083429,ferfujikawa/spring-doc-demo,https://github.com/ferfujikawa/spring-doc-demo,flag:name:demo,spring-boot; spring-boot-api; spring-doc-openapi,Projeto demonstração de uso do framework SpringDoc.
765464811,mtbassi/simple-example-strategy-pattern,https://github.com/mtbassi/simple-example-strategy-pattern,flag:name:example,example; factory-pattern; java; junit5; lombok; mockito; spring-boot; strategy-pattern,Simple example project using the strategy pattern.
760152509,RobertoDebarba/springweb-crudl-demo,https://github.com/RobertoDebarba/springweb-crudl-demo,flag:name:demo,crudl; dao; education; javascript-vanilla; spring; spring-boot; spring-web; teaching; web,"WEB application developed in Java, Spring, MySQL, REST and JavaScript vanilla, with teaching/education purposes"
764629072,abhi09cse02/splunk-logging-demo,https://github.com/abhi09cse02/splunk-logging-demo,flag:name:demo,splunk; spring-boot,Splunk logging sample code
759875834,medAmineRg/aop,https://github.com/medAmineRg/aop,flag:description:how to,aspect-oriented-programming; java; spring; spring-aop; spring-boot,this repository will show how to seperate your business logic from your non-bis logic (logging in this case) while working with java Spring boot app.
760275239,Jeysiva-apjs/CourseCritic,https://github.com/Jeysiva-apjs/CourseCritic,flag:name:course; flag:description:course,java; junit; mockito; mysql; rest-api; spring-boot,REST API for course review and rating application using Spring Boot
762839359,thribeiro8/courses-api,https://github.com/thribeiro8/courses-api,flag:name:course; flag:description:course,docker-compose; java; markdown; mvn; postgresql; readme; spring-boot; swagger,A courses simple API.
765119770,tharindu1998/springboot-circuitbraker-example,https://github.com/tharindu1998/springboot-circuitbraker-example,flag:name:example; flag:description:how to,circuit-breaker; java; spring-boot,"This Example shows how to set up Resilience4j’s Circuit Breaker in a Spring Boot application in a basic manner. Depending on your unique use case and the interactions with external services, adjustments can be made as required."
760416019,ferfujikawa/spring-tests-demo,https://github.com/ferfujikawa/spring-tests-demo,flag:name:demo,assertj; mockito; mockmvc; spring-boot; spring-boot-test; spring-boot-validation; unit-testing,Projeto de prática de uso do framework de testes do Spring Boot
768100145,StefaCoder/football-players-spring-jpa-demo,https://github.com/StefaCoder/football-players-spring-jpa-demo,flag:name:demo,java; jpa-hibernate; spring-boot,CRUD operations using Spring Data JPA with Spring Boot
768371323,sserhatacarr/dineXperienceApp,https://github.com/sserhatacarr/dineXperienceApp,flag:description:bootcamp,backend; frontend; java; microservice; n11; solr; spring-boot,Dine Experience Apllication for n11 TalentHub Bootcamp Final Project
762731376,shumlesha/Campus-Course-System,https://github.com/shumlesha/Campus-Course-System,flag:name:course,java; jwt-authentication; postgres; role-based-access-control; spring-boot; spring-mvc; spring-security,Backend-часть системы кампусных курсов (факультативы для студентов). (for refactoring)
768510916,iammahesh123/spring-security-none-demo,https://github.com/iammahesh123/spring-security-none-demo,flag:name:demo; flag:description:how to,java; maven; spring; spring-boot; spring-data-mongodb; spring-security; tomcat-server,"This project demonstrates how to configure Spring Security with ""none"" authentication, where no authentication is required to access protected resources. It also showcases how to permit access to specific endpoints using the ""permitAll"" configuration."
766433983,iammahesh123/spring-cloud-bus-demo,https://github.com/iammahesh123/spring-cloud-bus-demo,flag:name:demo,eureka-client; eureka-discovery-client; eureka-server; java; mongodb; rabbitmq-server; spring; spring-boot; spring-cloud-bus,This project demonstrates the use of Spring Cloud Bus with RabbitMQ as a message broker to enable dynamic configuration refresh for microservices in a Spring Cloud environment
769205457,BjoernKW/spring-boot-jwt-authentication-example,https://github.com/BjoernKW/spring-boot-jwt-authentication-example,flag:name:example,java; jwt; jwt-authentication; spring; spring-boot; spring-security; spring-security-jwt,Spring Boot JWT authentication example
760239705,Jeysiva-apjs/EduBazaar,https://github.com/Jeysiva-apjs/EduBazaar,flag:description:course,java; junit; mockito; mysql; rest-api; spring-boot,REST API for course selling app using Spring Boot
759798335,iammahesh123/spring-event-driven-application-demo,https://github.com/iammahesh123/spring-event-driven-application-demo,flag:name:demo,event-driven; java; maven; rabbitmq; spring-boot,"EventDrivenDemo is a Spring Boot application that demonstrates event-driven architecture using RabbitMQ as a message broker. It includes components for producing and consuming messages, as well as custom message conversion."
763556677,D-ArnabM/Microservices-Learning,https://github.com/D-ArnabM/Microservices-Learning,flag:name:learning,eureka; feign-client; microservice; mongodb; mysql; spring-boot,Learning Microservices
764975288,Arpit-Shrivastva/Java-rabbitMq-example,https://github.com/Arpit-Shrivastva/Java-rabbitMq-example,flag:name:example,java; microservices; rabbitmq; spring-boot,"RabbitMQ is a messaging broker implemented in Erlang and provides a robust and flexible platform for building distributed systems. In Java, RabbitMQ is commonly used to facilitate communication between components in a scalable and reliable manner. "
769455032,sudharshan2151/GrowSkill,https://github.com/sudharshan2151/GrowSkill,flag:description:course,java; spring-boot; sql,"GrowSkill is an e-learning platform that provides paid online live courses in Baking, Makeup, and Handicrafts"
758962214,da0hn/cqrs-eventsourcing-course-user-management,https://github.com/da0hn/cqrs-eventsourcing-course-user-management,flag:name:course,axon-framework; cqrs; event-sourcing; maven; microservices; mongodb; mysql; spring-boot; spring-boot-3,
779344041,arconia-io/arconia-examples,https://github.com/arconia-io/arconia-examples,flag:name:example; flag:name:examples,arconia; developer-experience; java; spring-boot; testcontainers,A collection of examples and sample applications showcasing the Arconia features.
770283143,piomin/sample-spring-boot-kafka,https://github.com/piomin/sample-spring-boot-kafka,flag:name:sample,kafka; kafka-consumer; kafka-offset; spring-boot; spring-kafka,Sample Spring Boot apps that sends and receives messages from Kafka using the Spring Kafka project
777597490,cxhello/spring-boot-3-samples,https://github.com/cxhello/spring-boot-3-samples,flag:name:sample; flag:name:samples,spring-boot,Samples for Spring Boot 3
773667263,mehdizebhi/spring-boot-openapi-codegen-demo,https://github.com/mehdizebhi/spring-boot-openapi-codegen-demo,flag:name:demo,codegen; java; openapi; spring-boot; swagger,This repo is for testing OpenAPI Generator in Spring Boot. OpenAPI Specification and plugins are used to define endpoints and config to generate automatic code.
774512901,FerLS/InditexWorkshop-2024,https://github.com/FerLS/InditexWorkshop-2024,flag:description:workshop,docker; mysql; podman; spring-boot,Reto de Desarrollo de Software del Inditex Recruiment Workshop 2024 
780515920,rahul-ojha-07/openai-demo,https://github.com/rahul-ojha-07/openai-demo,flag:name:demo; flag:description:how to,chatgpt; chatgpt-api; java; openai; openi-api; spring-boot,demo on how to use openai-api
774887318,TmaneChouaib/spring-boot-rest-api-demo,https://github.com/TmaneChouaib/spring-boot-rest-api-demo,flag:name:demo,api-design; exception-handling; restful-api; restful-webservices; spring-boot; spring-data-jpa; swagger,"This repository serves as foundational Spring Boot REST API, showcasing RESTful architecture fundamentals :octocat:"
779222540,ruviniramawickrama/demo-bdd-with-cucumber-and-spring-boot,https://github.com/ruviniramawickrama/demo-bdd-with-cucumber-and-spring-boot,flag:name:demo; flag:description:how to,bdd; behavior-driven-development; cucumber; gherkin; liquibase; rest-api; spring-boot; spring-data-jpa,This project highlights how to write Behavior-Driven Development (BDD) test cases with Cucumber and Spring Boot.
770271893,TmaneChouaib/spring-data-rest-api-Demo,https://github.com/TmaneChouaib/spring-data-rest-api-Demo,flag:name:demo,restful-api; spring-boot; spring-data-rest,This project demonstrates the usage of Spring Data REST to create A RESTful API from JPA data models :octocat:
773564853,pjborowiecki/CASH-CARDS-TDD-Java-Spring-Boot-REST-API,https://github.com/pjborowiecki/CASH-CARDS-TDD-Java-Spring-Boot-REST-API,flag:description:course,authentication; crud; gradle; java-tdd; jwt; jwt-authentication; react; rest-api; spring-boot; spring-boot-authentication; spring-security; tdd; test-driven-development,"This repository contains what one should have after completing free official SpringAcademy courses on SpringBoot authentication. Although currently without added value, I decided to keep it as a reference for future project and with an aim of extending it and adding front-end in React or Angular."
771060472,vytaux/ea-project,https://github.com/vytaux/ea-project,flag:description:course,activemq; docker; java; junit; maven; postresql; restassured; spring-boot; student-project,Electronic Badge/Attendance System for CS544-EA course. 
776858495,patbaumgartner/spring-boot-open-ai-demo-entwickler.de,https://github.com/patbaumgartner/spring-boot-open-ai-demo-entwickler.de,flag:name:demo,ai; demo; java; openai; spring-boot,Spring Boot integration with OpenAI APIs — companion code for the JavaMagazin article on AI-powered applications.
778397469,Vishnuka084/Swagger_demo,https://github.com/Vishnuka084/Swagger_demo,flag:name:demo,java; spring-boot; swagger; swagger-ui,This is to learn swagger ui .spring boot
778974460,Vishnuka084/RabbitMQ_Demo,https://github.com/Vishnuka084/RabbitMQ_Demo,flag:name:demo,email-sender; hibernate; java; rabbit-mq; rabbitmq; rabbitmq-consumer; spring-boot; sql,This project is a simple mail service implemented using Spring Boot and RabbitMQ. It provides a scalable solution for sending emails asynchronously using message queuing.
773554352,HappyMary16/springdi-example,https://github.com/HappyMary16/springdi-example,flag:name:example,dependency-injection; spring-boot; spring-web,
775302611,fprh13/spring-mogodb-demo,https://github.com/fprh13/spring-mogodb-demo,flag:name:demo,mongodb; spring-boot,spring mongodb test 입니다.
777825929,ghodkekrishna/springboot-rabbitmq-tutorials,https://github.com/ghodkekrishna/springboot-rabbitmq-tutorials,flag:name:tutorial,rabb; rabbitmq-management; spring-boot,SpringBoot & RabbitMQ Demo Application
777194133,HappyMary16/springweb-example,https://github.com/HappyMary16/springweb-example,flag:name:example,docker; docker-compose; html; spring-boot; spring-web,Spring web usage in Spring Boot service. Docker container creation. Simple html client to interact with service 
772930436,ruviniramawickrama/demo-liquibase-with-spring-boot,https://github.com/ruviniramawickrama/demo-liquibase-with-spring-boot,flag:name:demo; flag:description:how to,liquibase; postgresql; rest-api; spring-boot; spring-data-jpa,This project highlights how to evolve a database schema with Liquibase and Spring Boot.
778205128,mchangpi/spring-boot-100steps,https://github.com/mchangpi/spring-boot-100steps,flag:description:tutorial; flag:description:course,spring-boot,Project for https://www.udemy.com/course/spring-boot-tutorial-for-beginners
775940253,yingzhuo/spring-cloud-aws-examples,https://github.com/yingzhuo/spring-cloud-aws-examples,flag:name:example; flag:name:examples,aws; aws-lambda-java; dynamodb; java; spring; spring-boot; spring-cloud,examples of SpringBoot/SpringFramework and AWS
772489755,iammahesh123/spring-cloud-aws-demo,https://github.com/iammahesh123/spring-cloud-aws-demo,flag:name:demo,java; spring-boot,spring cloud aws demo - project using Java.
780215892,justin-tay/mockpass-spring-boot-example,https://github.com/justin-tay/mockpass-spring-boot-example,flag:name:example,corppass; java; mockpass; oidc; singpass; spring; spring-boot,Spring Boot example using Spring Security to integrate with Mockpass
774878239,ruviniramawickrama/demo-graphql-custom-directive-with-spring-boot,https://github.com/ruviniramawickrama/demo-graphql-custom-directive-with-spring-boot,flag:name:demo,graphql; postgresql; spring-boot; spring-data-jpa,This project demonstrates the implementation of a GraphQL Custom Directive using Spring Boot. We are using an uppercase directive that can be used to convert field values to uppercase.
772970505,jcilacad/student-rest-api,https://github.com/jcilacad/student-rest-api,flag:description:how to,hibernate; junit5; mockito; postgres; spring-boot; spring-data-jpa; testcontainers,"An exercise showcasing how to test a Spring Boot app using JUnit, Mockito, and Testcontainers."
774744403,harshrp/springboot3-batch-csv-processor,https://github.com/harshrp/springboot3-batch-csv-processor,flag:description:how to,spring-boot,This is a simple Spring Boot application that demonstrates how to process CSV file using Spring batch. It provides endpoint for invoking batch job to process sample CSV file provided in resources.
779312761,OmKumarBhardwaj/LearningNavigator,https://github.com/OmKumarBhardwaj/LearningNavigator,flag:name:learning,java; rest-api; spring-boot,"Learning-management REST service — Java, Spring Boot"
776216615,foliageh/itmo-web-lab4-back-spring,https://github.com/foliageh/itmo-web-lab4-back-spring,flag:description:course,hibernate; java; jpa; jwt; rest-api; spring-boot; spring-security; swagger,"ITMO Web Programming Course, lab work #4 (backend)"
770060925,antea-p/IT355-Spring-Homeworks,https://github.com/antea-p/IT355-Spring-Homeworks,flag:description:course,apache-poi-library; aspect-oriented-programming; aspectj; bootstrap; h2-database; jsp; jsp-taglib; spring; spring-boot; spring-data-jpa; spring-mvc; springframework; thymeleaf,Homeworks done as part of the CS330 Spring course.
779634824,FranzMV/SpringBootGraphQL,https://github.com/FranzMV/SpringBootGraphQL,flag:description:course,graphql; spring-boot,Spring Boot GraphQL Course
773886275,ghodkekrishna/springboot-docker-demo,https://github.com/ghodkekrishna/springboot-docker-demo,flag:name:demo,docker; docker-compose; docker-image; spring-boot,Spring boot docker image demo
773050074,waelantar/Spring-Boot-Multi-Datasource,https://github.com/waelantar/Spring-Boot-Multi-Datasource,flag:description:how to,spring-boot,"This project explains how to configure multiple data sources in a Spring Boot application. It covers setup, configuration, usage, and troubleshooting, including setting up application properties, data source beans, and entity management for different databases. The guide aims to simplify working with multiple databases in Spring Boot."
778629217,Vishnuka084/Email-Service-Spring-Boot-,https://github.com/Vishnuka084/Email-Service-Spring-Boot-,flag:description:how to,email; java21; rabbitmq; service; spring-boot,This Spring Boot application demonstrates how to send emails with attachments using Spring Boot's email functionality. It provides a REST API endpoint to send emails with attachments programmatically.
778994801,RicardoSilv28/Crossword_Collaborative_Game,https://github.com/RicardoSilv28/Crossword_Collaborative_Game,flag:description:course,collaborative-computing; spring-boot,"Collaborative crossword game developed for the Social & Collaborative Computing course. It promotes teamwork and knowledge exchange between local and remote participants. Built with Java, Spring Boot, Thymeleaf, and WebSockets."
772920583,mehdizebhi/spring-boot-oauth-resource-server-demo,https://github.com/mehdizebhi/spring-boot-oauth-resource-server-demo,flag:name:demo,auth0; iam; java; oauth; okta; spring-boot,"Spring Boot test project for resource server implementation. To implement the authorization server, IAM solutions such as okta and Auth0 are used."
774478555,ruviniramawickrama/demo-graphql-with-spring-boot,https://github.com/ruviniramawickrama/demo-graphql-with-spring-boot,flag:name:demo; flag:description:how to,crud; graphql; postgresql; spring-boot; spring-data-jpa,This project highlights how to perform CRUD operations with GraphQL and Spring Boot.
775425392,ruviniramawickrama/demo-graphql-custom-scalar-with-spring-boot,https://github.com/ruviniramawickrama/demo-graphql-custom-scalar-with-spring-boot,flag:name:demo,graphql; lombok; postgresql; spring-boot; spring-data-jpa,"This project demonstrates the implementation of a GraphQL custom DateTime Scalar using Spring Boot, which facilitates the conversion between 'Milliseconds' (Long) and 'LocalDateTime' (String)."
776135852,Singhaashish01/Student-Database-Management-System,https://github.com/Singhaashish01/Student-Database-Management-System,flag:description:course,database-management; java; spring-boot; spring-mvc,"The Student Database Management System (DBMS) is a comprehensive software solution developed using JAVA Spring Boot to facilitate efficient management of student-related data. The system is designed to streamline the process of managing courses, reviews, and passport details for students in an educational institution or similar setting."
773473298,ImamBiplob/Elasticsearch-Demo,https://github.com/ImamBiplob/Elasticsearch-Demo,flag:name:demo,caching; elasticsearch; hazelcast; java; spring-boot,Using Elasticsearch and Hazelcast caching in Spring Boot application
772536125,hsakilahamadgit/Course_Rest_Api,https://github.com/hsakilahamadgit/Course_Rest_Api,flag:name:course,hibernate; java; mysql; spring-boot; springdata-jpa,"I developed this Api using spring boot ,java ,Mysql,Spring data JPA,Hibernate"
777366595,CleiltonRocha/oop-spring-app,https://github.com/CleiltonRocha/oop-spring-app,flag:description:course,java; spring-boot,This project is part of the activities for the Object-Oriented Programming III course I am taking at college.
778702454,rahul-ojha-07/micrometer-tracing-demo,https://github.com/rahul-ojha-07/micrometer-tracing-demo,flag:name:demo,java; java17; java17-spring-boot; micrometer; spring-boot; spring-boot-3; springboot3; tracing,The micrometer-tracing-demo project showcases the integration of Micrometer for enhanced performance monitoring and tracing in a Spring Boot application. 
770850151,RajeshKancharapoo/KafkaExample,https://github.com/RajeshKancharapoo/KafkaExample,flag:name:example,kafka; kafka-consumer; kafka-producer; lombok; spring-boot; springweb,Implementation of Kafka producer and consumer in spring boot using Kafka
776907173,hkankyilmaz/su-course-services,https://github.com/hkankyilmaz/su-course-services,flag:name:course,spring-boot; spring-rest; spring-security,
777382689,dc7devs/demo-base-scope-bean,https://github.com/dc7devs/demo-base-scope-bean,flag:name:demo,dio-bootcamp; lombok; prototype; singleton; spring-boot,implementation of a simple report generation application to illustrate the difference in scope use between singleton and prototype
779552796,Thitikorn-Nupan/spring-boot-cloud-netflix-eureka-server-many-services-discover,https://github.com/Thitikorn-Nupan/spring-boot-cloud-netflix-eureka-server-many-services-discover,flag:description:how to,eureka-client; eureka-server; h2-database; java; jdbc-driver; jpa-hibernate; logback; lombok; microservices; postgresql-database; spring-boot; spring-cloud-netflix-eureka,(remind) learn about spring cloud. i choose the spring cloud netflix eureka topic. i think it's not hard to understand. So i have knew the way to build eureka server and client i still know how to config services to server. look at netfilx-eureka-client project. it can call(request) many microservices on eureka server by new domian. 
770890730,iammahesh123/spring-cloud-heroku-demo,https://github.com/iammahesh123/spring-cloud-heroku-demo,flag:name:demo,java; postgresql; spring-boot,spring cloud heroku demo - project using Java.
774612891,ghodkekrishna/springboot-kafka-demo,https://github.com/ghodkekrishna/springboot-kafka-demo,flag:name:demo,kafka; spring-boot,Springboot Kafka demo application.
772228671,DevSouza/uml-diagrama-de-classes,https://github.com/DevSouza/uml-diagrama-de-classes,flag:description:course,database; git; h2-database; jpa; json; modelagem-de-dados; oop; oriented-object-programming; poo; rest-api; spring-boot; uml,Aplicação desenvolvida no curso - https://www.udemy.com/course/uml-diagrama-de-classes
780315321,WhiteKIM/msa_example,https://github.com/WhiteKIM/msa_example,flag:name:example,docker; docker-compose; microservice; msa; nginx; spring; spring-boot,Micro Service Architecture 연습
771449985,ruviniramawickrama/demo-caching-with-redis-and-spring-boot,https://github.com/ruviniramawickrama/demo-caching-with-redis-and-spring-boot,flag:name:demo; flag:description:how to,caching; crud; postgresql; redis; rest-api; spring-boot; spring-data-jpa,This project highlights how to implement caching for a web service with the use of Redis and Spring Boot.
774885044,wjlee0908/spring-user-demo,https://github.com/wjlee0908/spring-user-demo,flag:name:demo,spring; spring-boot,Demo program of user authentication developed with the Spring Framework.
780385729,justin-tay/spring-authorization-server-example,https://github.com/justin-tay/spring-authorization-server-example,flag:name:example,spring; spring-authorization-server; spring-boot,Spring Boot Example using Spring Authorization Server
771761757,c-kiplimo/microservices-rabbitmq-kubernetes,https://github.com/c-kiplimo/microservices-rabbitmq-kubernetes,flag:description:how to,config-server; docker; eureka; gateway; kubernetes; postgresql; rabbitmq; spring-boot; zipkin,This is a spring  boot microservice to demontrate the functioning of rabbitmq and  how to deploy microservice application
776896425,HoangThong37/JWT-security-springboot,https://github.com/HoangThong37/JWT-security-springboot,flag:description:how to,intellij; jwt; postgresql; spring-boot; spring-security,Project on how to implement JWT security based using Spring boot 3 and Spring security 6.
784859874,devleo-m/scholar-core-engine,https://github.com/devleo-m/scholar-core-engine,flag:description:course,dto; java; postgresql; spring-boot; spring-security; trello,"The Educational System is a robust back-end Rest API developed in Java, using the Spring Boot framework. It was designed to efficiently manage the academic operations of educational institutions, offering a complete solution for managing users, teachers, classes, courses, materials and grades."
781540993,sirkaue/demo-park-api,https://github.com/sirkaue/demo-park-api,flag:name:demo,java; mysql; spring-boot,"Aplicação Spring Boot para gerenciamento de estacionamento, com operações de CRUD, autenticação, geração de relatórios em PDF, documentação com Swagger, e arquitetura monolítica. "
790641523,anicetkeric/spring-boot-k8s,https://github.com/anicetkeric/spring-boot-k8s,flag:description:how to,docker; kubernetes; maven; minikube; spring-boot,This series of stories shows how to use Kubernetes in the Spring ecosystem.
784795427,mongodb-developer/simple-movie-microservice,https://github.com/mongodb-developer/simple-movie-microservice,flag:description:tutorial,atlas; azure; java; kubernetes; mongodb; spring; spring-boot,"This repo is supporting material for a tutorial that guides you through deploying a simplistic Java Spring Boot microservice application on the Azure Kubernetes Service (AKS). It aims to showcase the power and flexibility of microservices architecture, particularly when combined."
788846783,Kavithma-Thushal/Spring-Boot-With-Basic-Authentication,https://github.com/Kavithma-Thushal/Spring-Boot-With-Basic-Authentication,flag:description:how to,basic-authentication; spring-boot; spring-security,Simple Spring Boot application demonstrating how to implement basic authentication ( username/password) for securing REST APIs.
789236757,sonnees/dkhp-iuh-edu-vn,https://github.com/sonnees/dkhp-iuh-edu-vn,flag:description:course,dkhp; docker-compose; grpc; iuh; jwt-authentication; microservices; reactivemongo; sonnees; spring-boot; webflux,Course Manager
787421675,keramiozsoy/spring-boot-multiple-db,https://github.com/keramiozsoy/spring-boot-multiple-db,flag:description:how to,custom-entity-manager; custom-transaction-manager; java-17; java17-spring-boot; maven; mssql; multiple-databases; postgres; spring-boot,An example of how to connect to multiple databases with a Spring Boot application.
787729259,duongminhhieu/KafkaLearning,https://github.com/duongminhhieu/KafkaLearning,flag:name:learning,event-driven-architecture; h2-database; java; kafka; microservice; sample-project; spring-boot,This project is a learning project about Kafka.
790471701,Drako01/bootcamp_java_educacionit,https://github.com/Drako01/bootcamp_java_educacionit,flag:description:bootcamp,css3; eclipse-ide; html5; java; javascript; json; jsp; maven; servlet; spring-boot; sql,Repositorio de Todas la Actividades del Bootcamp de JAVA
791123584,stojsavljevic/spring-grpc-example,https://github.com/stojsavljevic/spring-grpc-example,flag:name:example,grpc; grpc-client; grpc-server; java; spring; spring-boot,gRPC Spring Boot Application Example
787206666,JoanaColl/Codeki-TravelAgency-API,https://github.com/JoanaColl/Codeki-TravelAgency-API,flag:description:bootcamp,api-rest; crud; crud-application; java; jpa-hibernate; maven; mysql; rest-template; spring-boot; springboot,"API REST CRUD que consume API externa realizado con Java, Spring Boot, JPA Hibernate, Maven, MySQL y RestTemplate para el Bootcamp Java 2024 - Iniciativa que la Agencia de Aprendizaje a lo largo de la vida organiza junto a IT Patagonia y la academia educativa Codeki."
788090528,kalyani-kadam/PGDAC,https://github.com/kalyani-kadam/PGDAC,flag:description:course,corejava; cpp; css; dbt; dotnet; expressjs; hibernate; html; j2ee; javascript; jdbc; linux; mongodb; mysql; nodejs; react-redux; reactjs; rest-api; servlet; spring-boot,CDAC's PGDAC course study material and assignments
784578618,barbaracalderon/fmt-educonnect,https://github.com/barbaracalderon/fmt-educonnect,flag:description:course,api; crud-application; flywaydb; insomnia; java; java-17; maven; postgresql; rest; rest-api; spring-boot; spring-jpa; spring-security-jwt,"EduConnect Application is a RESTful API for educational management, handling students, teachers, courses, grades, subjects, and more. Developed in Java with Spring Boot and PostgreSQL, it provides CRUD operations and access control using JWToken."
783886584,tharindu1998/rate-limiting-example,https://github.com/tharindu1998/rate-limiting-example,flag:name:example; flag:description:how to,java; rate-limiting; spring-boot; springboot,"In this example, we’ll explore how to add rate limiting to a Spring Boot API using Bucket4j. Applying Rate limiting will help control the number of requests a client can make to your API within a certain period to protect server resources and ensure fair usage."
788903036,Kavithma-Thushal/Spring-Boot-With-JWT-Authentication,https://github.com/Kavithma-Thushal/Spring-Boot-With-JWT-Authentication,flag:description:how to,jwt-authentication; spring-boot; spring-security,Simple Spring Boot application demonstrating how to implement JWT (JSON Web Token) based authentication for securing REST APIs.
787759820,daschaa/spring-dynamodb-example,https://github.com/daschaa/spring-dynamodb-example,flag:name:example,aws; backend; dynamodb; spring; spring-boot,Example application to integrate Java Spring with AWS DynamoDB
787265475,mehdizebhi/spring-boot-s3-upload-demo,https://github.com/mehdizebhi/spring-boot-s3-upload-demo,flag:name:demo,aws-s3; java; mongodb; spring-boot,A simple API to upload/download files to S3 buckets.
782269713,NMandisa/e-commerce-spring-boot-angular-demo,https://github.com/NMandisa/e-commerce-spring-boot-angular-demo,flag:name:demo,angular17; bootstrap5; esbuild; material-ui; microservice; rest-api; spring-boot; spring-data-jpa; typescript,Sample demo reference [Proof of Concept] Angular 17 + Spring Boot 3
788876017,Reednar/spring-boot-api-example,https://github.com/Reednar/spring-boot-api-example,flag:name:example,api; java; pdf; recipe; spring; spring-boot; template,"Ce projet est un template pour la création d'une API utilisant Spring Boot. Il comporte notamment des fonctionnalités de test pour mes futurs projets, comme l'export en PDF."
789793888,MaheshBabu11/shedlock-demo,https://github.com/MaheshBabu11/shedlock-demo,flag:name:demo; flag:description:how to,java; scheduler; shedlock; spring-boot,This is a simple project to demonstrate how to use Shedlock to handle schedulers in spring boot
789264851,pgprajwal/LearningNavigator,https://github.com/pgprajwal/LearningNavigator,flag:name:learning,exception-handling; hibernate; java; lld; mysql; spring-boot,A RESTful API service to manage the exam enrollment process for a Learning Management System
787582514,00blowup/2024azureaidemo,https://github.com/00blowup/2024azureaidemo,flag:name:demo,ai; artifi; azure; azure-ai; openai-api; spring-boot,스프링 부트와 Azure OpenAI API 연동 연습을 위한 레포지토리
789841862,jonasmzsouza/ds-send-email,https://github.com/jonasmzsouza/ds-send-email,flag:description:course,java; sendgrid-api; spring-boot; spring-web,RESTful API for sending email via the SendGrid API developed through the implementation of Java code with Spring Boot structure as content for course integrations at DevSuperior.
781779310,leandrofcr/estudos-java,https://github.com/leandrofcr/estudos-java,flag:description:course,java; jdbc; jpa-hibernate; maven; oop; postgres; spring; spring-boot,Repository with exercises regarding the Java course - Object-Oriented Programming
790554728,arhostcode/travel-agency-coursework,https://github.com/arhostcode/travel-agency-coursework,flag:name:course,java; junit5; jwt; spring; spring-boot; springsecurity; tourism; vue,"🌐 Курсовая работа ""Туристическое агентство"""
784457088,hazemsabdallah/student-management-system-backend-api-java-spring-boot,https://github.com/hazemsabdallah/student-management-system-backend-api-java-spring-boot,flag:description:course,java; spring-boot,"A backend REST API using Java Spring Boot to manage student, teacher, quiz, and course data."
786064641,NRuslanR/spring-cloud-contract-example,https://github.com/NRuslanR/spring-cloud-contract-example,flag:name:example,consumer-driven-contract-testing; eureka-discovery-service; open-feign; spring-boot; spring-cloud-contract,The Spring Cloud Contract using for Consumer-Driven Integration Tests example
785152887,babudevandla/microservices_demo,https://github.com/babudevandla/microservices_demo,flag:name:demo,authentication-backend; eureka-discovery-service; hibernate-jpa; java-8; mysql-database; spring-boot; springbootadmin-server; springcloud; springsecurity; zuul-api-gateway,Microservices demo project for students or beginner's to learn understanding simple microservice . I configured Spring Boot Admin server for monitoring and metrics of all microservices
786124934,BHIMAVARAPU-MANOJ-KUMAR/Spring-Boot-Demo-Application-for-PII-Data-Masking,https://github.com/BHIMAVARAPU-MANOJ-KUMAR/Spring-Boot-Demo-Application-for-PII-Data-Masking,flag:name:demo,personal-identifiable-information; pii-data; spring-boot,"PII masking, is a technique that protects personal data by hiding it from public view. PII stands for Personal Identifiable Information."
790799245,LuisFelipeFrancisco/Java-e-Spring-Boot,https://github.com/LuisFelipeFrancisco/Java-e-Spring-Boot,flag:description:course,flyway; hibernate; java; jpa; lombok; maven; spring-boot, Repo for my course of Spring Boot where I will be uploading the code and my notes 
786508483,d0u6ur45u/master-microservices,https://github.com/d0u6ur45u/master-microservices,flag:description:how to,docker; docker-compose; google-kubernetes-engine; grafana; helm; java; kafka; kubernetes; loki; oauth2; openapi; openid-connect; prometheus; promtail; rabbitmq; resilience4j; spring-boot; swagger; tempo,"Project about microservices architecture and how to build it using SpringBoot, Spring Cloud components, Docker and Kubernetes."
789064428,Himanshu-srihsk/Spring_Security_Demo,https://github.com/Himanshu-srihsk/Spring_Security_Demo,flag:name:demo,java; spring-boot; spring-security,
784329584,MehdiJmlkh/Software-Engineering1-Course-Assignments,https://github.com/MehdiJmlkh/Software-Engineering1-Course-Assignments,flag:name:course; flag:description:course,artemis; matching-engine; refactoring; spring-boot; unit-testing,"Software Engineering 1 course, University of Tehran, Dr. R Khosravi, Spring 2024"
787108097,varela-s-matheus/Back-end--UniSenai,https://github.com/varela-s-matheus/Back-end--UniSenai,flag:description:course,academic-project; java; mysql; rest-api; spring-boot,"Academic backend project (Distributed Systems course, UniSenai) — REST API in Java with Spring Boot, Spring Data JPA and MySQL, following the MVC pattern."
786071760,CanberkTimurlenk/RobotDreams-Spring-Course-Assignments,https://github.com/CanberkTimurlenk/RobotDreams-Spring-Course-Assignments,flag:name:course; flag:description:course,docker; java; mysql; rest-api; spring-boot; spring-data-jpa,Assignments completed as part of the RobotDreams Java & Spring Framework Course
784064351,withwooyong/demo-security,https://github.com/withwooyong/demo-security,flag:name:demo,java; jwt; spring-boot; spring-security; study,JWT 토큰 발급과 갱신을 갖춘 Spring Security 학습용 스파이크 (2024).
788041666,only2dhir/spring-security-6-example,https://github.com/only2dhir/spring-security-6-example,flag:name:example,jwt-authentication; spring-boot; spring-security,"Create a REST API-based Spring Boot application to demonstrate the use of Spring Boot 3, Spring Security 6, and the latest version of JWT."
790987630,Maxixee/bootplay-backend,https://github.com/Maxixee/bootplay-backend,flag:description:bootcamp,basic-auth; docker; java; junit5; mock; postgres; rabbitmq; spotify-web-api; spring-boot; spring-security,Backend project of a record sales system made during the 4th Sysmap Solutions fullstack bootcamp
788021691,AZapata27/grpc-examples,https://github.com/AZapata27/grpc-examples,flag:name:example; flag:name:examples,grpc-java; protobuf; quarkus; spring-boot,gRPC examples built with Spring Boot and Quarkus.
784232160,mgunawardhana/call-rest-api-using-web-client,https://github.com/mgunawardhana/call-rest-api-using-web-client,flag:description:how to,external-api; java; rest-api; spring-boot; webflux,This Java package demonstrates how to call a REST API using the Spring WebFlux WebClient.
781960730,iammahesh123/spring-getAll-beans-demo,https://github.com/iammahesh123/spring-getAll-beans-demo,flag:name:demo,java; spring-boot,spring getAll beans demo - project using Java.
780797982,iammahesh123/spring-dockerization-demo,https://github.com/iammahesh123/spring-dockerization-demo,flag:name:demo,docker-container; docker-image; dockerfile; spring-boot; tomcat-server,"This demo showcases the process of containerizing a Spring Boot application using Docker, allowing for easy deployment and scaling in various environments."
788217144,Luiggi-piero/demofutbolista-backend,https://github.com/Luiggi-piero/demofutbolista-backend,flag:name:demo,java; spring-boot,Backend del aplicativo Futbolistas
784020965,withwooyong/demo-openai,https://github.com/withwooyong/demo-openai,flag:name:demo,java; openai; spike; spring-ai; spring-boot,Spring AI 로 OpenAI 를 붙여 본 단일 기능 스파이크 (2024).
781033488,BHIMAVARAPU-MANOJ-KUMAR/Spring-Boot-GraphQL-Demo-Project,https://github.com/BHIMAVARAPU-MANOJ-KUMAR/Spring-Boot-GraphQL-Demo-Project,flag:name:demo,crud-application; graphql-client; spring-boot; spring-graphql; spring-mvc,"This is a basic CRUD Operation (Create, Read, Update, Delete) Demo Project for Spring Boot GraphQL"
786207787,R-SNGH/microservices-demo,https://github.com/R-SNGH/microservices-demo,flag:name:demo,api-gateway; eureka-server; lombok; microservices; mysql; rest-api; spring-boot,
783426572,HappyMary16/springbootdatajpa-example,https://github.com/HappyMary16/springbootdatajpa-example,flag:name:example,postgresql; spring-boot; spring-data-jpa; sqllite,Приклади взаємодії з базою даних в Java програмах використовуючи Spring Boot Data JPA
794041658,nguyenkhanhquy/bookstore-api,https://github.com/nguyenkhanhquy/bookstore-api,flag:description:course,final-term; mobile-programming; restful-api; spring-boot,"Final term project of the ""Mobile Programming"" course - Book Store API"
791987009,FelixDes/java-dop-example,https://github.com/FelixDes/java-dop-example,flag:name:example,dop; gradle; java; security; spring-boot,Simple example of fine access implemented with new Java DOP paradigm
799402225,DharshiBalasubramaniyam/Springboot-Microservices-Example,https://github.com/DharshiBalasubramaniyam/Springboot-Microservices-Example,flag:name:example,eureka-server; microservices; mongodb; spring-boot,"This repository contains the code example, I used in my blog article 'Getting started with microservices'."
799144455,DeveloperSpiritTeam-95/Authorization-Spring-Security,https://github.com/DeveloperSpiritTeam-95/Authorization-Spring-Security,flag:description:how to,crud-application; java; sample-code; security; spring-boot,"The Authorization-Spring-Security project demonstrates how to implement robust authorization mechanisms using Spring Security within a Spring Boot application. It includes features like role-based access control (RBAC), permission management, and secure endpoints, ensuring that only authorized users can access specific resources. This project serve"
799168109,Prabhakar-Naik/spring-boot-demo,https://github.com/Prabhakar-Naik/spring-boot-demo,flag:name:demo,collection; demo-app; framework; hibernate-jpa; java; java-8; java-demo; jdbc-driver; nosql; orm-framework; restful-api; spring-boot; sql,"The spring-boot-demo project is a comprehensive example application that showcases three different modules, each demonstrating unique aspects of Spring Boot code implementation. These modules might include examples such as RESTful API development, database integration with Spring Data JPA, and messaging with Spring Cloud Stream."
800710396,sandeepbegudem/angular-fullstack-application-jwt-spring-boot,https://github.com/sandeepbegudem/angular-fullstack-application-jwt-spring-boot,flag:description:course,angular; css; globalexceptionhandler; html; java17-spring-boot; jpa-associations; jwt; jwt-refresh-token; jwt-token; lombok; maven; mysql-database; spring-boot; spring-data-jpa; springboot-validation; typescript,"This Fullstack application is developed using Angular, Typescript and Java17, Spring Boot, JPA, MySQL DB. The backend application is a student-courses-instructor-user-role business model and contains association mappings between the models/entities. It also contains the pagination including the matching keyword for pulling the results from backend."
794253090,ewertondrigues02/workshopp-spring-boot-mongodb,https://github.com/ewertondrigues02/workshopp-spring-boot-mongodb,flag:description:workshop,boas-praticas; eclipse-ide; java; lambda-functions; mongodb; postman; regex; spring; spring-boot; spring-mvc,O Workshopmongo é uma aplicação Spring Boot que utiliza o MongoDB para armazenar e manipular dados relacionados a usuários e posts.  Gerenciamento de usuários e posts Integração com o MongoDB para armazenamento de dados Implementação de endpoints 
792830006,SelahattinSert/spring-boot-sample-rest-api,https://github.com/SelahattinSert/spring-boot-sample-rest-api,flag:name:sample,azure-blob-storage; docker; github-actions; java; java-rest-api; liquibase; mock; postgres; spring-boot; test; unit-testing,"This Spring Boot application provides a REST API for managing camera onboarding. It uses PostgreSQL for data storage, Azure Blob Storage for image handling, and includes Swagger documentation for API interaction."
797020411,diana180102/Backend-Academy,https://github.com/diana180102/Backend-Academy,flag:description:course,java; java17; lombok; maven; postgresql; spring-boot,"Project to manage student enrollment records at an academy. We need to store data of students and courses, and manage student enrollment in each course"
802084665,zeinab-dashti/spring-boot-kafka-streams-demo,https://github.com/zeinab-dashti/spring-boot-kafka-streams-demo,flag:name:demo,avro; kafka-streams; spring-boot,Kafka Streams processing topology for data enrichment
795166123,yofujitsu/lootheaven-server,https://github.com/yofujitsu/lootheaven-server,flag:description:course,discord; docker; e-market; java; oauth2; postgresql; rest-api; spring-boot,course work for the client-server apps development course (backend) | 6th semester of bachelors at RTU MIREA
795851093,officiallysingh/spring-boot-web-auth-demo,https://github.com/officiallysingh/spring-boot-web-auth-demo,flag:name:demo,authorization; jwt-token; oauth2-resource-server; spring-boot; spring-security,Demo Spring Boot project using Spring security for Authorization
799169812,Prabhakar-Naik/spring-boot-crud-mongodb,https://github.com/Prabhakar-Naik/spring-boot-crud-mongodb,flag:description:how to,crud-application; hibernate-jpa; java; mongodb; nosql; nosql-database; orm-framework; spring-boot,"The spring-boot-mongodb project integrates Spring Boot with MongoDB to create a scalable and flexible application for managing data in a NoSQL database. It demonstrates essential CRUD operations, schema design, and repository pattern using Spring Data MongoDB. This project serves as a practical example of how to leverage MongoDB's powerful features"
798346254,cheng000/BlazingSpringBootDemo,https://github.com/cheng000/BlazingSpringBootDemo,flag:name:demo,demo; spring-boot,SpringBoot示例工程
799336015,wguia03/spring-data-demo,https://github.com/wguia03/spring-data-demo,flag:name:demo,postgresql; spring-boot; spring-data,Demo para aprender conceptos de Spring Data JPA y persistencia en bases de datos
794585738,mgckaled/rocketseat-course-java-todolist,https://github.com/mgckaled/rocketseat-course-java-todolist,flag:name:course,h2-database; java; jpa-hibernate; lombok; spring-boot; webservice,Webservice TodoList simples com Java e Spring Boot (Minicurso Java 2024 - Rocketseat).
800640662,iammahesh123/spring-image-demo,https://github.com/iammahesh123/spring-image-demo,flag:name:demo,java; spring-boot,spring image demo - project using Java.
793651198,emersonjps/java-learn,https://github.com/emersonjps/java-learn,flag:description:bootcamp,java; jpa; spring-boot,Bootcamp DIO - Estudo em Java
799169994,Prabhakar-Naik/spring-boot-crud-sql,https://github.com/Prabhakar-Naik/spring-boot-crud-sql,flag:description:how to,crud-application; hibernate-jpa; java; orm-framework; spring; spring-boot; sql,"The spring-boot-crud-sql project showcases a basic implementation of CRUD operations using Spring Boot with SQL database integration. It includes functionalities such as creating, reading, updating, and deleting records from the database. This project serves as a foundational example of how to build a RESTful API backend with Spring Boot, demonstra"
800062158,timlien/spring-graphql,https://github.com/timlien/spring-graphql,flag:description:how to,gradle; graphql; spring-boot,This project is a simple example of how to use GraphQL with Spring Boot
799282893,Cluuny/OAuth2-Practice-Demo,https://github.com/Cluuny/OAuth2-Practice-Demo,flag:name:demo,oauth2; spring-boot; spring-security,This repository contains a Demo project that seeks to put into practice the key concepts to have an authentication and authorization flow based on Spring boot.
800065388,Rajatsinha05/Learning-Navigator,https://github.com/Rajatsinha05/Learning-Navigator,flag:name:learning,gradle; java; mysql; spring-boot,"This API empowers educational institutions to efficiently manage exams, subjects, and students. With its intuitive endpoints and powerful features, educators can focus on delivering exceptional learning experiences."
794235471,mirko0/ElectricScooterRentingApplication,https://github.com/mirko0/ElectricScooterRentingApplication,flag:description:course,java; jwt; rest-; spring; spring-boot; spring-data-jpa; spring-security,Backend of project for final test at Java Web Development course.
796343888,HappyMary16/kafka-example,https://github.com/HappyMary16/kafka-example,flag:name:example,kafka; spring-boot,Integration with Kafka in Spring Boot service
794033465,Paja123/Isa-Backend,https://github.com/Paja123/Isa-Backend,flag:description:course,hibernate-jpa; java; spring-boot; spring-security,Spring Web application Back-end for my ISA(Internet Software Architectures) course.
795417298,bintrn2703/spring-commerce,https://github.com/bintrn2703/spring-commerce,flag:description:course,java; mysql; spring-boot; spring-mvc; thymeleaf,"A simple ecommerce web app for my Java Techonology course, TDTU Spring 2024"
795425793,amadr-95/customer-api-example,https://github.com/amadr-95/customer-api-example,flag:name:example,api-rest; docker-compose; java; jpa-hibernate; postgresql; spring-boot,CRUD API example using Spring Data JPA and PostgreSQL
794723913,kozjulia/security-jwt-example,https://github.com/kozjulia/security-jwt-example,flag:name:example,docker-compose; hibernate; java; junit5; liquibase; mockito; postgresql; security; spring-boot; swagger,Security jwt service
800641970,iammahesh123/OpenFeign-Demo,https://github.com/iammahesh123/OpenFeign-Demo,flag:name:demo,java; mongodb; spring-boot,OpenFeign Demo - project using Java.
799927416,Abhinav0915/Excel-File-Generation,https://github.com/Abhinav0915/Excel-File-Generation,flag:description:how to,apache-poi-library; excel-generation; java; mysql; spring-boot,Spring Boot application that demonstrates how to generate an Excel file from a list of users and download it using a RESTful API endpoint.
801733299,iamkavindu/spring-boot-microservices,https://github.com/iamkavindu/spring-boot-microservices,flag:description:tutorial,java; microservices; spring-boot,This is a tutorial project
795044617,Norbertoooo/ms-checkout,https://github.com/Norbertoooo/ms-checkout,flag:description:workshop,aws; aws-eventbridge; aws-sqs; java; spring-boot,microserviço desenvolvido para o workshop de arquitetura orientada a eventos da linuxtips
792302591,van1164/spring-webflux-security-example,https://github.com/van1164/spring-webflux-security-example,flag:name:example,kotlin; reactive-programming; spring-boot; webflux; webflux-security,spring security (form + google OAuth2.0) example in spring boot 3.x webflux  
799169512,Prabhakar-Naik/spring-kafka-app,https://github.com/Prabhakar-Naik/spring-kafka-app,flag:description:how to,docker; docker-compose; java; kafka; kafka-consumer; kafka-producer; pom; restful-api; spring-boot; xml,"Kafka application using spring boot The ""spring-kafka-app"" project is a Spring Boot application that demonstrates the integration of Apache Kafka with Spring Kafka for building scalable and reactive messaging systems. It showcases how to produce and consume messages asynchronously using Kafka topics and Spring Kafka's template and listener componen"
795143911,FelixMairamhof/Java-Spring-SpringBoot,https://github.com/FelixMairamhof/Java-Spring-SpringBoot,flag:description:course,aws; docker; eclipse; gradle; intellij; java; junit; maven; mockito; spring; spring-boot,"This repository hosts projects from the ""Master Spring Boot 3 & Spring Framework 6 with Java"" course. Learn Spring and Spring Boot from scratch, focusing on hands-on projects to build web applications, REST APIs, and full-stack solutions"
795305094,squidrolls/SpringBootExample,https://github.com/squidrolls/SpringBootExample,flag:name:example,actuator-spring-boot; lombok; openfeign; spring-boot; unit-testing,A Spring Boot example project demonstrating the basics of Spring Boot
792533903,rewenila/compra-service,https://github.com/rewenila/compra-service,flag:description:bootcamp,docker; java; messaging; microsservices; postgresql; rabbitmq; rest-api; spring-boot,"Purchase microsservice developed as the final project for the Agile and Software Architecture II module of the <Dev>ª Program, an Ada Tech bootcamp in partnership with B3."
800680229,joaopcouto/record-sales-system-backend,https://github.com/joaopcouto/record-sales-system-backend,flag:description:bootcamp,docker; java; postgres; rabbitmq; spotify-web-api; spring-boot; spring-security,"Backend project of a record sales system, developed during the 4th Fullstack Bootcamp hosted by Sysmap Solutions."
799168468,Prabhakar-Naik/spring-boot-graphql-app,https://github.com/Prabhakar-Naik/spring-boot-graphql-app,flag:description:how to,crud-application; dbms-project; graphql; java; mongodb; mysql; oracle-database; restful-api; spring-boot; sql,"The ""spring-boot-graphql-app"" is a Spring Boot application that integrates GraphQL, a query language for APIs, with Spring Boot's web framework. It allows clients to query and manipulate data using a single endpoint and a flexible schema. This project showcases how to define GraphQL queries, mutations, and subscriptions, as well as how to map them "
795441504,Aziz-Ennaciri/ProjectAdmin-SpringBoot,https://github.com/Aziz-Ennaciri/ProjectAdmin-SpringBoot,flag:description:course,java; spring-boot; spring-data,Develop an back end for managing Instructor and students and courses and their role with help spring boot
808890302,syamala-likith/JFSD-PROJECT,https://github.com/syamala-likith/JFSD-PROJECT,flag:description:course,bootstrap; css; html; javafullstack; js; jsp; monolithic-architecture; mysql; servelet; spring-boot; springdatajpa,"A Library Management System (LMS) was developed in a Java full-stack web development course using Spring Boot, servlets, JSP, HTML, CSS, and Java in a monolithic architecture. Admins, librarians, and users have distinct roles in managing books, users, and borrowing."
803023479,OmerJuve2023/JpsOwnStarted,https://github.com/OmerJuve2023/JpsOwnStarted,flag:description:tutorial; flag:description:how to,dockerfile; graalvm; http-client; java; json; junit5; learn; spring-boot; testing,In this tutorial you will learn how to call a REST API using the JDK's Http Client. In this example you will call a public REST API and build out an entire CRUD service complete with tests using JUnit 5.
807664796,CristianLopez3/spring-microservices,https://github.com/CristianLopez3/spring-microservices,flag:description:course,educational-project; java; microservices; spring-boot; spring-cloud; spring-security; testing,My takeaways for my udemy course of spring boot microservices and spring cloud
802676362,Drako01/desafio-final-bootcamp-java,https://github.com/Drako01/desafio-final-bootcamp-java,flag:description:bootcamp,boostrap; css3; git; html5; java; javascript; maven; spring-boot; sql,Proyecto Final de Java-Bootcamp
806688350,ShlokMane/Learning_SpringBoot,https://github.com/ShlokMane/Learning_SpringBoot,flag:name:learning,java; spring-boot,In this Git Repository I would be keeping a track off all the small/practice projects I create while learning Spring Boot.
812051733,JuanCarlosAguilarB/apigateway-with-auth-server-spring-boot,https://github.com/JuanCarlosAguilarB/apigateway-with-auth-server-spring-boot,flag:description:how to,api-gateway; auth-server; config-server; eureka-discovery-service; microservice; spring-boot,This project demonstrates how to set up an API Gateway with an Authentication Server using JWT (JSON Web Tokens) authentication. It utilizes Spring Boot along with Eureka Server for service discovery and Config Server for centralized configuration management.
808940963,robjo82/froome,https://github.com/robjo82/froome,flag:description:course,bootstrap; bootswatch; eureka-client; eureka-server; microservice; modelmapper; mysql-database; spring-boot; spring-cloud-config; spring-cloud-gateway; vuejs,"Project carried out as part of a microservices course, which covers a wide range of technologies and showcases my skills, mainly on the back with Spring boot, but also a little on the front with vue.js."
812810286,hendisantika/spring-boot-rabbitmq-sample,https://github.com/hendisantika/spring-boot-rabbitmq-sample,flag:name:sample,amqp; java; rabbitmq; spring-boot,Send and receive messages from a Spring boot applications using RabbitMQ
804543773,upc-pre-202401-si729-sw57/learning-center-platform,https://github.com/upc-pre-202401-si729-sw57/learning-center-platform,flag:name:learning,cqrs-pattern; domain-driven-design; java; open-api-specification; spring-boot; spring-data-jpa,"ACME Learning Center Platform, illustrating development with Java, Spring Boot Framework, and Spring Data JPA on MySQL Database. It also illustrates open-api documentation configuration and integration with Swagger UI."
809418831,jmihaljevic04/spring-boot-demo,https://github.com/jmihaljevic04/spring-boot-demo,flag:name:demo,best-practices; clean-code; java; microservice; spring-boot,Still learning :)
803559766,upc-pre-202401-si729-wx55/learning-center-platform,https://github.com/upc-pre-202401-si729-wx55/learning-center-platform,flag:name:learning,cqrs-pattern; domain-driven-design; java; mysql-database; spring-boot; spring-data-jpa,"ACME Learning Center Platform, illustrating development with Java, Spring Boot Framework, and Spring Data JPA on MySQL Database. It also illustrates open-api documentation configuration and integration with Swagger UI."
805277778,sergei-gots/Hibernate-n-Spring-Data-JPA-from-beginner-to-Guru.-chapters-1-to-8,https://github.com/sergei-gots/Hibernate-n-Spring-Data-JPA-from-beginner-to-Guru.-chapters-1-to-8,flag:description:course,assertj; h2; hibernate; jpa; jpa-hibernate; mysql; spring-boot,John Thompson Java Persistence API Course
807008881,nidabaser/Pet_Clinic_Management_System,https://github.com/nidabaser/Pet_Clinic_Management_System,flag:description:bootcamp,constructor-injection; dependency-injection; inversion-of-control; ioc-container; java; postgresql; rest-api; spring-boot,Patika+ Java Backend Web Development Bootcamp Final Project | Java | Spring Boot | REST API | IoC | DI | PostgreSQL
805052262,zahidayturan/operating-systems-23-24,https://github.com/zahidayturan/operating-systems-23-24,flag:description:course,java; operating-system; os; process; spring-boot; thread,The school assignments for the Operating Systems course focus on thread and process synchronization and optimization.
809121812,huaseynzade/DemoCaloryProject,https://github.com/huaseynzade/DemoCaloryProject,flag:name:demo,jwt; oauth2; spring-boot; springsecurity,It's a little calorimeter project that works with mail activation and OAUTH. Databases are uploading with liquibase. Can see Exercises (Workouts) and choose one. After make that exercise just write the duration that you done that exercise. You can see your calori (also kg) after that. Check your weekly calori.
805734676,iammahesh123/securing-RESTful-API-Demo,https://github.com/iammahesh123/securing-RESTful-API-Demo,flag:name:demo,java; mysql; spring-boot; spring-security,securing RESTful API Demo - project using Java.
809789735,rabestro/epam-introduction-to-microservices-coursework,https://github.com/rabestro/epam-introduction-to-microservices-coursework,flag:name:course; flag:description:course,educational-project; epam; microservices; spring-boot,This repository contains coursework for EPAM's 'Introduction to Microservices' course. It includes two Java Spring Boot microservices: Resource Service for handling MP3 files and Song Service for managing song metadata.
803862272,aastrandemma/photoz-clone,https://github.com/aastrandemma/photoz-clone,flag:description:tutorial,h2-database; spring-boot; spring-jdbc,Project during Spring Boot Tutorial
804244127,darociion/literalura,https://github.com/darociion/literalura,flag:description:course,alura-latam; challenge; gutendexapi; java; jpa-hibernate; library; postgresql; spring-boot,"This repository contains the Java Back-End solution to the challenge proposed in the Alura Latam / Oracle Java Back-End course, part of the ONE program. The challenge involves creating a library application that consumes the Gutendex-API to retrieve book and author information."
807266844,mbocsi/java-api-demo,https://github.com/mbocsi/java-api-demo,flag:name:demo,docker; java; restful-api; spring-boot,A repo that has a test springboot application
807817872,pholdahl/kinobilletter,https://github.com/pholdahl/kinobilletter,flag:description:course,bootstrap; css3; dockerfile; h2-database; html5; java; javascript; jquery; maven; spring-boot,"kinobilletter is a demo web application of a cinema ticket system created in intelliJ. It is based on an obligatory assignment from the Web Programming course at OsloMet in 2022. This project expands significantly on the original assignment, providing a more polished and functional user experience."
808237799,edpelaezc/springboot-microservices-eda,https://github.com/edpelaezc/springboot-microservices-eda,flag:description:how to,rabbitmq; spring-boot,How to build RabbitMQ Producer and Consumer to exchange different formats of data such as String and JSON. - How to use RabbitMQ as a message broker for Async communication between multiple Microservices (Event-Driven Architecture).
803649993,mbrnas/graphql-spring-demo,https://github.com/mbrnas/graphql-spring-demo,flag:name:demo,grafana; graphql; prometheus; spring-boot,Spring Boot GraphQl Demo with performance measured using Grafana and Prometheus
803948137,Perl-Ma/example-book-aws-springboot,https://github.com/Perl-Ma/example-book-aws-springboot,flag:name:example,example-project; jpa-hibernate; jquery; migration; mustache; spring-boot; springsecurity-oauth2,스프링 부트와 AWS로 혼자 구현하는 웹 서비스 최신 Migration (Spring Boot 3.2.5)
809712379,maulikam/netflixdgs-example,https://github.com/maulikam/netflixdgs-example,flag:name:example; flag:description:how to,dgs-framework; graphql; netflix-dgs; spring-boot,"This project demonstrates how to use Netflix DGS (Domain Graph Service) with Spring Boot to build a GraphQL API. The project includes a simple library management system with entities such as Book, Author, and Reader."
808873023,wguia03/reactive-mysql-demo,https://github.com/wguia03/reactive-mysql-demo,flag:name:demo,mysql; spring-boot; spring-r2dbc; spring-webflux,"Demo para aprender programación reactiva con Spring WebFlux, MySQL y R2DBC"
805425392,slikkerno66/springboot-restaurant,https://github.com/slikkerno66/springboot-restaurant,flag:description:course,api; h2-database; java; jpa-hibernate; spring-boot; spring-security,This is the spring boot showcase project base on the final project requirement of this codeacademy course I studied. https://www.codecademy.com/learn/paths/create-rest-apis-with-spring-and-java
810431072,ubs-sharma/Runners-Java,https://github.com/ubs-sharma/Runners-Java,flag:description:tutorial,java-17; spring-boot,Java Sprintboot application tutorials
809912306,denisbuserski/kafka-demo,https://github.com/denisbuserski/kafka-demo,flag:name:demo,java; kafka; spring-boot,Demo project - Kafka
807022445,bertuginal/kitapyurdum-microservices,https://github.com/bertuginal/kitapyurdum-microservices,flag:description:bootcamp,java; microservice; restful-api; spring-boot,"Bookstore backend ecosystem based on the Kitapyurdum model, built with Java and Spring Boot Microservices architecture. Developed during the FMSS Bilişim & Patika.dev Bootcamp Program."
802822753,anmol111pal/Courses-App,https://github.com/anmol111pal/Courses-App,flag:name:course; flag:description:course,api; backend; java; junit5; mockito; mysql; spring-boot; unit-testing,"Course App API is a Java-based backend service for managing courses, students, and enrollments. Powered by Spring Boot and MySQL, it offers features like course and student management, enrollment handling, and seamless integration for educational platforms. Simplify course administration and enhance student experience with Course App API."
803435894,erebelo/spring-mysql-demo,https://github.com/erebelo/spring-mysql-demo,flag:name:demo,java; mysql; spring-boot,Java REST API project using Spring Boot 3 and MySQL database.
804884547,MuthukannanK56/Camel_ActiveMQ_Demo,https://github.com/MuthukannanK56/Camel_ActiveMQ_Demo,flag:name:demo,activemq; camel; java; spring-boot,Camel with Activemq multiple message
806242521,jvitors23/cashcards-rest-api,https://github.com/jvitors23/cashcards-rest-api,flag:description:course,java; rest-api; spring-boot,Spring academy course: Building a REST API with Spring Boot
805890136,nosetr/firebase-auth-webflux,https://github.com/nosetr/firebase-auth-webflux,flag:description:how to,firebase-auth; junit; lombok; spring; spring-boot; spring-security; webflux,"This project demonstrates how to integrate Firebase Authentication with a Spring WebFlux application. It shows how to decode Firebase tokens, extract user information, and use it within a reactive Spring Boot application."
808222021,RaihanFuadSyakir/eventuate-tram-example,https://github.com/RaihanFuadSyakir/eventuate-tram-example,flag:name:example,java; kafka; message-broker; microservice; spring-boot,A personal Project to simulate message broker
809929082,NamanG22/firebase-crud-application,https://github.com/NamanG22/firebase-crud-application,flag:description:how to,crud-application; firebase; java; rest-api; spring-boot,"A simple and robust CRUD application built with Spring Boot and Firebase as the database. This project demonstrates how to perform Create, Read, Update, and Delete operations using Spring Boot and Firebase Realtime Database."
809043237,AkshatSrivastava0312/Courses-API,https://github.com/AkshatSrivastava0312/Courses-API,flag:name:course; flag:description:course,java; maven; mysql; mysql-database; pom; spring; spring-boot; springboot; xml,A Simple Courses API using Spring Boot
802581856,vineetaparodkar/spring-boot3-microservices-udemy-coursework,https://github.com/vineetaparodkar/spring-boot3-microservices-udemy-coursework,flag:name:course,microservices; spring; spring-boot; spring-cloud; spring-cloud-gateway; spring-cloud-netflix,Microservices using Spring Cloud
812419358,rudikone/async-adapter-demo,https://github.com/rudikone/async-adapter-demo,flag:name:demo,java; junit; junit5; kafka; spring-boot; spring-test; testcontainers; testing,Примеры реализаций сервисных тестов для асинхронного Spring Boot сервиса
807036410,akikr/webapp-scaling-demo-proj,https://github.com/akikr/webapp-scaling-demo-proj,flag:name:demo,api-client; docker; docker-compose; java; spring-boot; testcontainers; virtual-threads,A spring-boot application using java-virtual-threads
802439437,Buljic/eLearning,https://github.com/Buljic/eLearning,flag:name:learning,docker; fullstack; jwt; learning-management-system; mysql; react; spring-boot; webrtc; websocket,"Full-stack tutoring platform: Spring Boot backend with JWT sessions, role-based access, MySQL, WebSocket chat and WebRTC signaling; React/Vite frontend with MUI."
803806376,upc-pre-202401-si729-sw51/learning-center-platform,https://github.com/upc-pre-202401-si729-sw51/learning-center-platform,flag:name:learning,cqrs-pattern; domain-driven-design; java; mysql-database; spring-boot; spring-data-jpa,"ACME Learning Center Platform, illustrating development with Java, Spring Boot Framework, and Spring Data JPA on MySQL Database. It also illustrates open-api documentation configuration and integration with Swagger UI."
803454622,PolukovY/mongo-simple-example,https://github.com/PolukovY/mongo-simple-example,flag:name:example,crud-application; docker; docker-compose; mongodb; spring-boot; web,Simple Web Application with CRUD operation
805512538,martinhova01/finance-vision,https://github.com/martinhova01/finance-vision,flag:description:course,java; javafx; maven; rest-api; spring-boot,"A desktop budget app built with Maven using JavaFX. Made as a project for the course IT1901 - Informatics, Project 1"
803373676,bertuginal/kitapyurdum-console-app,https://github.com/bertuginal/kitapyurdum-console-app,flag:description:bootcamp,api-rest; java; microservice; restful-api; spring-boot,"An object-oriented console simulation platform based on the Kitapyurdum bookstore ecosystem, showcasing core Java design principles and domain business logic. Developed during the FMSS IT & Patika.dev Bootcamp Program."
805631628,shilohooo/spring-boot-shiro-authentication-example,https://github.com/shilohooo/spring-boot-shiro-authentication-example,flag:name:example,apache-shiro; examples; java; learning; spring-boot,SpringBoot + Shiro authentication example:)
807594769,Prabhakar-Naik/spring-boot-mongo-atlas,https://github.com/Prabhakar-Naik/spring-boot-mongo-atlas,flag:description:how to,cloud; crud-application; java; mongodb-atlas; nosql-database; rest-api; restful-api; sample-project; spring-boot,"The spring-boot-mongo-atlas project demonstrates the integration of Spring Boot with MongoDB Atlas, a cloud-based MongoDB service. It showcases how to connect Spring Boot applications to MongoDB Atlas clusters, perform CRUD operations on MongoDB documents, and leverage features like document validation and indexing. This project provides a practica"
810849233,Sammy192/WorkshopMongoDB,https://github.com/Sammy192/WorkshopMongoDB,flag:description:workshop,java; mongodb; spring-boot,Projeto desenvolvido durante workshop da devSuperior. Mongo DB com JAVA Sringboot
817787423,bekalhan/microservices,https://github.com/bekalhan/microservices,flag:description:how to,api-gateway; blog; communication; config-server; configuration; docker; email-sender; eureka-server; event-streaming; java; jwt-authentication; kafka; microservice; microservices; mongodb; postgresql; rabbitmq; spring-boot,"This project is a blog application built using a microservices architecture with Spring Security. It demonstrates how to integrate various services and technologies to create a robust, scalable blogging platform."
814381732,caioslopes/backend-apollo,https://github.com/caioslopes/backend-apollo,flag:description:course,api; api-rest; ddd; design-patterns; java; spring-boot,Apollo Music is a project developed for the OOD (Object-Oriented Development) class of the Internet Systems course at the São Paulo Federal Institute of Science and Technology.
817012873,feltex/login-demo,https://github.com/feltex/login-demo,flag:name:demo,github; google; java; java-21; java21; spring-boot; spring-security; springboot,Este repositório contém um projeto Spring Boot com Spring Security que implementa autenticação e autorização usando login via GitHub e Google. O objetivo deste projeto é fornecer um exemplo funcional de como integrar provedores de autenticação OAuth2 populares em uma aplicação Spring.
817800506,gentjankolicaj/spring-boot-samples,https://github.com/gentjankolicaj/spring-boot-samples,flag:name:sample; flag:name:samples,spring; spring-batch; spring-batch-jobs; spring-boot; spring-boot-microservice; spring-data-jpa; spring-integration; spring-jdbc; spring-kafka; spring-security; spring-statemachine; spring-test; spring-testcontainers; spring-webflux,Spring boot samples with different tech.
821131330,erebelo/spring-neptune-demo,https://github.com/erebelo/spring-neptune-demo,flag:name:demo,graph-database; java; neptune; spring-boot; tinkergraph; tinkerpop,"Java REST API project using Spring Boot 3, Neptune and TinkerGraph database."
815547280,azhur12/User-Registration-Service,https://github.com/azhur12/User-Registration-Service,flag:description:course,hibernate; kafka; postgres; spring-boot,The project implemented as part of the Java Technologies course at the University
815225354,ubs-sharma/EmsCrudSpringBoot,https://github.com/ubs-sharma/EmsCrudSpringBoot,flag:description:tutorial,java-17; mysql; spring-boot,Java Sprintboot application tutorials - Employee management system
815042784,BZIvanov/Learning-SpringBoot,https://github.com/BZIvanov/Learning-SpringBoot,flag:name:learning,hibernate; java; spring; spring-boot,"A structured learning path with hands-on examples covering Spring Boot, Web, Security, Data, Testing, and more."
816406377,LudwigAndreas/Backend-Academy-2023,https://github.com/LudwigAndreas/Backend-Academy-2023,flag:description:course,docker; docker-compose; gradle; java; kafka; maven; mongodb; postgresql; redis; spring-boot; spring-security; sql; webflux,This repository contains solutions to the homework assignments from the Tinkoff Backend Academy Java Programming Course.
820999538,DarioCM/graphQL-api-example,https://github.com/DarioCM/graphQL-api-example,flag:name:example,gradle; graphql; spring-boot,DarioCM/graphQL-api-example
822794625,misoft-pro/demo-spring-stripe-integration,https://github.com/misoft-pro/demo-spring-stripe-integration,flag:name:demo,spring-boot; spring-mvc; stripe; stripe-checkout; stripe-payment-gateway; stripe-payment-intent; stripe-payments,This repository demonstrates the integration of Spring Web MVC with Stripe Payments.
814324564,atricap/bankingdemo,https://github.com/atricap/bankingdemo,flag:name:demo,java; jpa; spring-boot; spring-data-jpa,A banking themed Spring demo application
814192106,GabrielGRS0206/app-spring-docker-example,https://github.com/GabrielGRS0206/app-spring-docker-example,flag:name:example,docker; spring-boot,Basic project with spring boot and useful docker commands 
816477570,SantanaSJ/spring-boot-rest-assured-demo,https://github.com/SantanaSJ/spring-boot-rest-assured-demo,flag:name:demo,cucumber; java; rest-assured; spring; spring-boot; spring-security,"A REST API project using Spring Boot, Rest Assured, Cucumber, Faker "
818305508,zeinab-dashti/spring-boot-kafka-streams-windowing-demo,https://github.com/zeinab-dashti/spring-boot-kafka-streams-windowing-demo,flag:name:demo,docker-compose; hopping-window; kafka-streams; sliding-window; spring-boot; tumbling-window; windowing,Time-windowed stream processing with Kafka Streams in Spring Boot
820857188,Pruthvik007/SampleEcommerceApplication,https://github.com/Pruthvik007/SampleEcommerceApplication,flag:name:sample,authentication; authorization; containerization; docker; docker-compose; entity-relationships; junit5; jwt-authorization; maven; mockito; mysql; spring; spring-boot; spring-data-jpa; spring-security,
819879770,leoferreiralima/testcontainers-example,https://github.com/leoferreiralima/testcontainers-example,flag:name:example,integration-testing; junit; mongodb; spring-boot; test-automation; testcontainers; testing,Examplo de como utilizar testcontainers com SpringBoot e Mongo DB
821215999,DhirajJadhav5775/Daily_Learnings,https://github.com/DhirajJadhav5775/Daily_Learnings,flag:name:learning,algorithms; api; arrays-and-strings; crud; database; datastructures; object-oriented-programming; rest-api; spring; spring-boot,This Is A Daily Learning Folder.
817293157,Likhith-Aningi/kafkaSimpleDemo,https://github.com/Likhith-Aningi/kafkaSimpleDemo,flag:name:demo,kafka; kafka-consumer; kafka-producer; microservices; spring-boot; swagger-ui; websocket,"This is Simple Spring boot app for webSocket,Kafka and microservices"
815706191,edsonwade/demo-cucumber,https://github.com/edsonwade/demo-cucumber,flag:name:demo,cucumber; cucumber-java; h2-database; java; jpa-hibernate; mockito-junit-test; postgresql; spring-boot,This repository contains a demonstration of testing using Behavior-Driven Development
814157196,rabestro/epam-gen-ai-bootcamp-coursework,https://github.com/rabestro/epam-gen-ai-bootcamp-coursework,flag:name:course; flag:description:course,genai-chatbot; spring-boot,This repository contains my coursework for the 'GenAI Foundations for Java Developers' course by EPAM Systems. The course focuses on creating generative applications using Large Language Models with the Semantic Kernel SDK. The repo includes practical tasks and a final graduation task of a simple RAG application.
817943593,abakudev/auth-service,https://github.com/abakudev/auth-service,flag:description:how to,authentication; authorization; docker; docker-compose; jwt; postgresql; spring-boot; spring-security,Sample project on how to implement JWT security based using Spring boot 3 and Spring security 6
820318187,nicklasbekkevold/fullstack-spring-react-demo,https://github.com/nicklasbekkevold/fullstack-spring-react-demo,flag:name:demo,react; spring-boot,Fullstack RESTful API Spring Boot with React.js frontend
821550102,ericcasane/ByteLearn-Spring-Backend,https://github.com/ericcasane/ByteLearn-Spring-Backend,flag:description:course,java; mysql; spring-boot; spring-security; swagger-ui; swagger2,ByteLearn | Course platform Spring REST API with React frontend | University Project
818234665,semusings/spring-boot-demo,https://github.com/semusings/spring-boot-demo,flag:name:demo; flag:description:how to,spring-boot,Demonstrate how to's with Spring Boot
821280594,Alemato/Banking-Micro-SOA-System,https://github.com/Alemato/Banking-Micro-SOA-System,flag:description:how to,apache-cxf; docker; maven; micorservices; rest; soa; soap; spring-boot,"A modern banking system that implements a service-oriented architecture (SOA) using microservices and REST and SOAP technologies.  This project demonstrates how to build a scalable, modular application that can handle common banking operations. It uses Spring Boot, Apache CXF, Docker, and Maven."
815091563,LeakyAbstractions/result-example-spring-boot,https://github.com/LeakyAbstractions/result-example-spring-boot,flag:name:example,demo-app; example; gradle; pet-store; rest-api; result; spring-boot; springframework,🎱 Example Spring Boot application using results
819484184,adamnestor/serviceTally,https://github.com/adamnestor/serviceTally,flag:description:bootcamp,css; full-stack; hibernate; html; java; javascript; jpa; learning-project; mvc; mysql; spring-boot; spring-security; student-management; student-tracking; thymeleaf; web-application,"Service tracking application from Coders Campus bootcamp. Full-stack Java/Spring Boot with user authentication, activity logging, calendar scheduling, and MySQL database. Demonstrates MVC architecture and Spring Security fundamentals."
816233929,GoyalNikita/Learning-Navigator,https://github.com/GoyalNikita/Learning-Navigator,flag:name:learning,gradle; mysql; restful-api; spring-boot,A RESTful API service using Spring Boot  and MySQL to manage the exam enrollment process for a Learning Management System (LMS). 
819168272,lucasdengcn/spring-web-jpa-gradle-demo,https://github.com/lucasdengcn/spring-web-jpa-gradle-demo,flag:name:demo,demo; gradle; jacoco; spring-boot,"Practices on Spring with JPA, Gradle, JaCoco etc."
825078631,Rapter1990/rolepermissionexample,https://github.com/Rapter1990/rolepermissionexample,flag:name:example,authentication; authorization; docker; docker-compose; dockerfile; github-actions; intergration-test; java; java21; junit; jwt; lombok; maven; mockito; monolith; mysql; spring-boot; spring-security; test-container; token,"Spring Boot with Spring Security (Role Permission) (Spring Boot, Java 21, Spring Security, Docker, Maven, JUnit Test, Integration Test, Test Container, MySql, Github Actions, Spring Open Api)"
825093126,jonathan-foucher/spring-boot-redis-stream-example,https://github.com/jonathan-foucher/spring-boot-redis-stream-example,flag:name:example,java; queued-jobs; redis-stream; spring-boot; valkey,An example of queueing jobs with a redis stream
823444152,dashaun/spring-ai-multimodal-example,https://github.com/dashaun/spring-ai-multimodal-example,flag:name:example,spring-ai; spring-boot,"From live stream on July 2nd, 2024"
823442791,dashaun/opencvcapture-example,https://github.com/dashaun/opencvcapture-example,flag:name:example,opencv; spring-boot,"From live stream on July 2nd, 2024"
830976529,DarioCM/kafka-producer-example,https://github.com/DarioCM/kafka-producer-example,flag:name:example,avro; avro-schema; docker; gradle; kafka-producer; lombok-gradle; spring-boot,kafka producer example
828856351,BrodyGaudel/user-role-management-demo,https://github.com/BrodyGaudel/user-role-management-demo,flag:name:demo,java; java-jwt; jwt; jwt-auth; jwt-authentication; jwt-token; spring-boot; spring-security; springboot; springboot3; springsecurity; springsecurity-jwt,"user role management whith Spring Security, java-jwt and Spring Boot 3.3.0"
831484447,zeinab-dashti/spring-boot-kafka-streams-processor-demo,https://github.com/zeinab-dashti/spring-boot-kafka-streams-processor-demo,flag:name:demo,custom-processor; docker-compose; kafka-streams; processor-api; spring-boot; state-store,Build custom Kafka Streams processor-topologies with Spring Boot
833125979,p01nileshkupr/msrv_incubator_demo,https://github.com/p01nileshkupr/msrv_incubator_demo,flag:name:demo,intellij-idea; java; maven; maven-plugin; microservice; spring-boot; spring-mvc,A project of micro-service for incubator training.
824684336,eyeganeshgupta/spring-learning-phase,https://github.com/eyeganeshgupta/spring-learning-phase,flag:name:learning,spring-boot; spring-core; spring-data-jpa; spring-jdbc; springframework,"This repository is designed to help developers get started with the Spring Framework, covering its core features and providing practical examples."
828157453,UchithmaSenevirathne/Spring-Boot-Learning,https://github.com/UchithmaSenevirathne/Spring-Boot-Learning,flag:name:learning,java; jpa; rest-api; spring-boot,"This project aims to provide a comprehensive hands-on learning experience with Spring Boot, a powerful framework for building Java-based enterprise applications. The project will cover essential concepts, from creating simple RESTful APIs to integrating databases and implementing security. "
825965171,bertuginal/estate-saas-platform,https://github.com/bertuginal/estate-saas-platform,flag:description:bootcamp,hibernate; java; maven; model-mapper; open-feign; postgresql; rabbitmq; spring-boot; swagger,"A scalable multi-service real estate SaaS platform enabling ad creation, balance tracking, and package billing via microservices communication. Developed during the FMSS Bilişim & Patika+ Fullstack Bootcamp Program."
825004645,jonathan-foucher/spring-boot-redis-topic-example,https://github.com/jonathan-foucher/spring-boot-redis-topic-example,flag:name:example,java; redis-pubsub; spring-boot; valkey,An example of Redis pub/sub on Spring Boot
828324366,apbadaro/ONE-Final-Challenge-Forum,https://github.com/apbadaro/ONE-Final-Challenge-Forum,flag:description:course,api-rest; authentication-backend; crud; java; spring-boot,"A robust Java Spring Boot application for building an interactive forum platform. Includes CRUD operations for managing topics, users, and courses, integrated with PostgreSQL for data persistence. Features JWT-based authentication, role-based access control, and comprehensive API endpoints."
830671752,YakubOzten/Spring-Examples,https://github.com/YakubOzten/Spring-Examples,flag:name:example; flag:name:examples,aop; elesticsearch; graphql; java; jwt-token; mongodb; postgresql; rabbitmq; spring-boot; spring-data; spring-data-jpa; spring-security; spring-websocket; swagger,Spring Boot Examples
828387134,beneite/SpringBootBasics,https://github.com/beneite/SpringBootBasics,flag:description:how to,controller; mvc-architecture; rest-api; spring-boot,"This repo contains the basics of spring boot, how to create APIs, JDBC"
826805455,Asterdev-03/photoclone,https://github.com/Asterdev-03/photoclone,flag:description:how to,maven; spring-boot,"This project is a simple photo management application that allows users to upload photos, display all uploaded photos, view specific photos, and delete selected photos. It demonstrates the core functionalities of a basic photo gallery and provides an example of how to build a web application."
825103554,jdegand/webhook-demo,https://github.com/jdegand/webhook-demo,flag:name:demo,java; spring-boot; webhooks,Simple Spring Boot Webhook app
823462573,JuanCarlosAguilarB/bordify-cqrs-example,https://github.com/JuanCarlosAguilarB/bordify-cqrs-example,flag:name:example,cqrs; cqrs-pattern; ddd-architecture; hexagonal-architecture; jwt; nosql; postgresql; redis; spring-boot,This project is an example of CQRS (Command Query Responsibility Segregation) architecture implementation in a Spring Boot based system. The objective is to separate read and write operations on the database to improve the scalability and efficiency of the system.
831506118,nil4587/microservice-demo,https://github.com/nil4587/microservice-demo,flag:name:demo,intellij-idea; intellij-platform; intellij-plugin; java; maven; maven-plugin; microservice; spring-boot,A microservice project using Spring Boot & Java
833135936,Kapil7982/College-Directory-Application,https://github.com/Kapil7982/College-Directory-Application,flag:description:course,hibernate-jpa; java-8; jwt-authentication; postgresql; postman; spring-boot; swagger-ui,"The College Directory API is a comprehensive system for managing student, faculty, and administrative data for a college. It provides secure endpoints for various operations including user authentication, profile management, course administration, and departmental organization."
823686887,JorgeRoniel/Simple-Clients-API-SpringBoot,https://github.com/JorgeRoniel/Simple-Clients-API-SpringBoot,flag:description:bootcamp,api-rest; java; spring-boot; swagger,"A simple clients api with Spring Boot developed as a DIO bootcamp project challenge. It contains integration with an external API that provides addresses based on the client CEP, and it is also documented with Swagger."
831377978,abchatterjee7/spring-boot-modulith-demo,https://github.com/abchatterjee7/spring-boot-modulith-demo,flag:name:demo,modulith; spring-boot,A modular monolith application in Spring Boot is when a traditionally monolithic application (with all code in one project/module) is broken up into distinct modules while still maintaining a single codebase and deployment.
830286515,gocove/cashcard,https://github.com/gocove/cashcard,flag:description:course,java; rest-api; spring-boot,Spring Academy's Building a REST API with Spring Boot course
824036683,scalekit-developers/scalekit-springboot-example,https://github.com/scalekit-developers/scalekit-springboot-example,flag:name:example,authentication; demo; enterprise; java; mvc; spring-boot; spring-security; sso,Spring Boot SSO example - Java enterprise authentication with Spring Security integration
833088299,rajsaurabh78/CollegeDirecotryManagementSystem,https://github.com/rajsaurabh78/CollegeDirecotryManagementSystem,flag:description:course,github; java; mysql; spring-boot; springsecurity-jwt; sts,"The College Directory Management System is designed to manage and streamline the information related to students, faculty, administrators, courses, and departments within a college. "
829605476,FrontczakA/MebloTrack-java-spring,https://github.com/FrontczakA/MebloTrack-java-spring,flag:description:workshop,angular; basicauthentication; drools; jpa-hibernate; json-schema; spring-boot; xml; xsd-schema,"MebloTrack is an app for furniture stores and carpentry workshops to manage orders, customers, installations, and progress tracking. Features include inventory monitoring, CSV export, FTP/SFTP integration, and inventory management via Drools. Works with PostgreSQL or in XML storage mode. Built with Spring Boot and Angular."
832903020,dfm18/spring-boot-firebase-upload,https://github.com/dfm18/spring-boot-firebase-upload,flag:description:how to,cloud; firebase; firebase-storage; java; junit; maven; spring; spring-boot; upload-file,A demonstration of how to upload files to Firebase Storage using Spring Boot.
828293963,youssefGamalMohamed/spring-boot-graphQL,https://github.com/youssefGamalMohamed/spring-boot-graphQL,flag:description:how to,graphql; mysql; spring-boot; spring-data-jpa,This Repo demonstrate how to use Spring Boot with GraphQL in Blog App example
823484088,SabarishAV/course_app_rest_springboot,https://github.com/SabarishAV/course_app_rest_springboot,flag:name:course; flag:description:course,jpa-persistence-applications; spring-boot,"This is a Spring Boot-based application that enables the management of courses through basic CRUD operations. This backend service provides endpoints to create, read, update, and delete course records."
831206083,raphael-ps/basic-CRUD,https://github.com/raphael-ps/basic-CRUD,flag:description:how to,api-rest; flyway; java; lombok; maven; mysql; spring; spring-boot,"Learning how to do a basic CRUD in Java with Spring Boot, based on a live coding."
826890281,DouglasIde/PlayStream,https://github.com/DouglasIde/PlayStream,flag:description:bootcamp,crud-application; generation-brasil; imsomnia; java; spring; spring-boot; store,"[🎯Challenge] Desenvolvimento de um sistema back-end para uma loja de games, projetado para manipular os dados dos produtos disponíveis. Este projeto é um desafio proposto pelo Bootcamp da Generation Brasil."
823930336,RidhaAF/UserAPIDemo,https://github.com/RidhaAF/UserAPIDemo,flag:name:demo,crud; java; rest-api; spring-boot,Rest API using Spring Boot
826776141,27b/springboot-srp-example,https://github.com/27b/springboot-srp-example,flag:name:example,java; spring-boot; spring-data,Spring Boot SRP Example.
830470920,p01nileshkupr/microservice-demo,https://github.com/p01nileshkupr/microservice-demo,flag:name:demo,intellij; intellij-idea; java; jdk17; maven; maven-dependency; maven-plugin; spring-boot,A project for MSRV with Spring Boot Web and Spring Data JPA
823982337,liuyuhe666/spring-boot-examples,https://github.com/liuyuhe666/spring-boot-examples,flag:name:example; flag:name:examples,java; spring-boot,😎 Useful Spring Boot Examples
825284377,srprashant4/sample-docker-application,https://github.com/srprashant4/sample-docker-application,flag:name:sample; flag:description:how to,docker; java; postgresql; spring-boot,"This project is a sample Spring Boot application demonstrating how to connect to a PostgreSQL database and perform basic CRUD operations. The application includes a RESTful API to add entries to a sample table, showcasing the integration of Spring Data JPA for data persistence."
824586378,harunsefainan/weather-api,https://github.com/harunsefainan/weather-api,flag:description:bootcamp,java; maven; spring-boot,Patika.dev -> FMSS Bilişim Teknoloji Fullstack Web Bootcamp - Cohort - Homework 3
822880860,likeyellow/demo,https://github.com/likeyellow/demo,flag:name:demo,jpa; react; spring-boot; typescript,"React, TypeScript를 사용한 Todo 리스트의 백엔드 소스입니다.(스프링부트, JPA로 구성됨)"
827506807,souzafcharles/nlw-journey-java,https://github.com/souzafcharles/nlw-journey-java,flag:description:course,flyway; h2-database; java; jpa-hibernate; lombok; spring-boot; spring-web,"☕ Rocketseat Course: NLW Journey | Java. Presented by Fernanda Kipper - Software Enginner Itáu, Microsoft MVP"
823450936,sahilvadia7/Java-Spring-Boot,https://github.com/sahilvadia7/Java-Spring-Boot,flag:description:course,java; maven; maven-pom; spring-boot,"I'm following the ""Master Java, Spring 6 and Spring Boot 3"" course from Telusko on Udemy and upload my practice code to GitHub. Contributions and pull requests for improvements are welcomed and appreciated."
823274074,DouglasIde/blogpessoal,https://github.com/DouglasIde/blogpessoal,flag:description:bootcamp,api; api-rest; database; imsomnia; java; spring; spring-boot,"[🎯Challenge] Blog pessoal, desenvolvido durante o Bootcamp da Generation Brasil. O projeto abrange habilidades em Spring Boot, consumo de APIs, conexão com banco de dados e uso de Insomnia para testes de API."
828726572,KarlaSilvaDev/forum-hub,https://github.com/KarlaSilvaDev/forum-hub,flag:description:course,bean-validation; data-jpa; flyway; java; lombok; maven; spring-boot; spring-security,"ForumHub is a REST API built with Spring Boot that allows users to manage topics and share ideas on a forum. Each topic is associated with a user and a course. Additionally, the API ensures that only authenticated users can access the resources."
828434510,ynnckth/dddemo,https://github.com/ynnckth/dddemo,flag:name:demo,clean-architecture; ddd; java; spring-boot,A simple example application applying concepts from DDD and Clean Architecture
824673964,erebelo/spring-neo4j-demo,https://github.com/erebelo/spring-neo4j-demo,flag:name:demo,graph-database; java; neo4j; spring-boot,Java REST API project using Spring Boot 3 and Neo4j graph database.
826136445,SRRayhan066/Learning-Spring-Boot,https://github.com/SRRayhan066/Learning-Spring-Boot,flag:name:learning,java; rest-api; spring-boot,"This repository contains my journey and projects as I delve into Spring Boot, exploring its features and building robust web applications."
840384333,Rapter1990/foreignexchangeexample,https://github.com/Rapter1990/foreignexchangeexample,flag:name:example,docker; docker-compose; dockerfile; github-actions; h2-database; in-memory-database; integration-test; java21; junit; mapstruct; maven; mockito; monolith; openapi; rate-limiter; resilience4j; resttemplate; spring-boot; spring-cache,"Case Study - Openpayd Foreign Exchange Example (Spring Boot, Java 21, Docker, Maven, JUnit Test, Integration Test, In-Memory Database (H2 Database), Github Actions, Spring Open Api, Mapstruct, Spring Cache, Resillience4j (Rate Limiter))"
837460194,miller79/spring-security-demo,https://github.com/miller79/spring-security-demo,flag:name:demo; flag:description:how to,java; oauth2; security; spring; spring-boot; spring-framework; spring-security,Demonstrates how to use Spring Security with common production patterns.
836273021,dhan-profile/Spring-Boot-Demo-CRUD-Operation,https://github.com/dhan-profile/Spring-Boot-Demo-CRUD-Operation,flag:name:demo,java; java-8; spring-boot; spring-mvc,"A simple Spring Boot application demonstrating CRUD (Create, Read, Update, Delete) operations using a MySQL, Postman."
837636792,bkudaibergenov/tarantool-client-java-example,https://github.com/bkudaibergenov/tarantool-client-java-example,flag:name:example,java; spring-boot; tarantool-client; tarantool-connector; tarantool-crud; tarantool-database; tarantool-driver; tarantool-operator; tarantool-pagination; tarantoollibrary,"An example Java Spring application integrating with Tarantool using the tarantool-client library, demonstrating CRUD operations, pagination, and custom annotation-based configuration."
841088541,dhrupad17/SpringBoot3-with-Spring-6,https://github.com/dhrupad17/SpringBoot3-with-Spring-6,flag:description:course,spring-aop; spring-boot; spring-data-jpa; spring-jdbc; spring-mvc; spring-security,This is a Practice Repository for my Spring Boot revision from Telusko's recent course.
842125889,DawidStankiewicz/microservices-java-example,https://github.com/DawidStankiewicz/microservices-java-example,flag:name:example,java; microservices; microservices-architecture; microservices-demo; spring; spring-boot; spring-cloud; spring-cloud-config,Example of microservices architecture and best practices using Java and Spring Cloud & Spring Boot
840885071,ZenyCero/DemoSocialMedia,https://github.com/ZenyCero/DemoSocialMedia,flag:name:demo,apigateway; docker-compose; kafka; microservices; security; spring-boot; webflux,Proyecto demo de Red Social en spring boot reactive con arquictura de microservicio (status: en proceso)
834476799,dhan-profile/Spring-Boot-Demo,https://github.com/dhan-profile/Spring-Boot-Demo,flag:name:demo,java; spring-boot; spring-mvc,Spring Boot Demo application for practice. Basics of Spring Boot.
837663959,kritsel/tado-api-demo-java,https://github.com/kritsel/tado-api-demo-java,flag:name:demo; flag:description:how to,java; oauth2; openapi-generator; restclient; spring-boot; tado; tado-api,"Java application showcasing how to interact with the tado API v2, via a generated REST API client"
836338771,Vishwajeet-29-pro/reactive-webflux-example,https://github.com/Vishwajeet-29-pro/reactive-webflux-example,flag:name:example,java; java-8; postgresql; r2dbc-postgresql; reactive-programming; reactive-webflux; spring; spring-boot,Reactive programming with Spring boot using Reactive Webflux dependency
838377930,deeksha-tech-sol/spring-security-demo,https://github.com/deeksha-tech-sol/spring-security-demo,flag:name:demo,maven; maven-pom; spring; spring-boot; spring-security; spring-security-6,Spring Security 6
837220918,Prabhakar-Naik/axon-cqrs-event-driver-ddd-example,https://github.com/Prabhakar-Naik/axon-cqrs-event-driver-ddd-example,flag:name:example,axon; axon-consol-cloud; axon-framework; axoniq; cqrs-pattern; ddd-architecture; http-server; iq-console; java; kotlin; requests; response; spring; spring-boot; todolist,TODO on Axon-framework using CQRS DDD pattern Using axon server as well SQL RDBMS will implement cloud base AxonIQ console
843597615,xTiz02/springAi-examples,https://github.com/xTiz02/springAi-examples,flag:name:example; flag:name:examples,java; ollama; spring-ai; spring-boot,"Normal chat, Rag con pdf y consultas con pgvector "
842518980,Lukasveiga/spring-localstack-aws,https://github.com/Lukasveiga/spring-localstack-aws,flag:description:tutorial,aws; java; localstack; spring-boot,Repository for professor Thomás da Costa's tutorials updated for Spring Cloud AWS 3.1.1 and Spring Boot 3.3.2
837203818,ekocbiyik/demo-etl,https://github.com/ekocbiyik/demo-etl,flag:name:demo,docker; dockerfile; multi-module; multimodule; multithreading; spring-boot,Multi module spring boot demo
842998605,miusarname2/Emazon,https://github.com/miusarname2/Emazon,flag:description:bootcamp,backend; java; pragma; spring-boot; springboot,"Explore PragmaBackend, the backend developed with passion for Java bootcamp and Spring Boot! Built with precision in this first stage, it is your ideal ally to create robust and modern applications. Customisable, efficient and ready to take off, join the adventure and transform your development with PragmaBackend! 🌟 #Java #SpringBoot #BackendMagic"
838045682,maxjdev/Example-Simple-Spring-Kafka-Producer-Consumer,https://github.com/maxjdev/Example-Simple-Spring-Kafka-Producer-Consumer,flag:name:example,docker-compose; kafka; spring-boot; spring-for-kafka; spring-web; zookeeper,Kafka creation and configuration example with producer and consumer
843540713,qchera/demo-spring-boot-testing,https://github.com/qchera/demo-spring-boot-testing,flag:name:demo,junit5; spring-boot; spring-mvc; testing,Demo of using JUnit with Spring Boot (MVC)
834599531,bercezar/JavaTrail,https://github.com/bercezar/JavaTrail,flag:description:bootcamp,backend; java; poo; spring-boot,Projetos - Trilha Java com Spring Boot bootcamp 
840448449,lsmcodes/java-notes-api,https://github.com/lsmcodes/java-notes-api,flag:description:course,challenge; gradle; jwt; spring-boot; spring-security,"Simple REST API for notes management created as a challenge for the ""Publicando Sua API REST na Nuvem Usando Spring Boot 3, Java 17 e Railway"" course from DIO."
836174680,leejhlouis/molley-spring,https://github.com/leejhlouis/molley-spring,flag:description:course,java; spring; spring-boot,The repository of Frank P Moley III's Spring Boot course
840267897,feyyazkarakoc/spring-unittest-demo,https://github.com/feyyazkarakoc/spring-unittest-demo,flag:name:demo,junit5; mockito; spring-boot; spring-boot-testing,
843013851,viveknaskar/neon-db-demo,https://github.com/viveknaskar/neon-db-demo,flag:name:demo,java; neondb; postgresql; spring-boot,A simple illustration of a spring boot project using Neon Postgres database 
840263028,valarpirai/spring-demo,https://github.com/valarpirai/spring-demo,flag:name:demo,demo-app; graphql-server; shadow-jar; spring-boot,Learning Spring boot. Observability etc
834157962,giselle-ferreira/desafio-dio-java-bootcamp-design-patterns,https://github.com/giselle-ferreira/desafio-dio-java-bootcamp-design-patterns,flag:description:bootcamp,design-patterns; facade-pattern; java; jpa; singleton-pattern; spring; spring-boot; strategy-pattern; swagger; swagger-ui,"Repositório criado para envio de desafio de API criada exemplificando o o use dos design patterns Singleton, Strategy e Facade, para o Bootcamp de Java na DIO."
838551449,amachlou/azure-spring-boot-samples,https://github.com/amachlou/azure-spring-boot-samples,flag:name:sample; flag:name:samples,active-directory; azure; entra-id; java; keyvault; keyvault-secrets; oauth2; spring-boot; terraform,Implementation of OAuth2 Entra ID authentication in Azure
836296348,ReginaBDR/spring-boot-demo,https://github.com/ReginaBDR/spring-boot-demo,flag:name:demo,docker-compose; gradle; java; jdbc; jpa-hibernate; liquibase; postgresql; spring-boot,Spring Boot demo project for goal
842063785,saumojit/SpringBoot-Demo,https://github.com/saumojit/SpringBoot-Demo,flag:name:demo,spring-boot,SpringBoot - Starter
841030794,mahadev-chaurasiya/demo-graphql,https://github.com/mahadev-chaurasiya/demo-graphql,flag:name:demo,git; graphql; java; mysqli; spring-boot,Example of  integration graphql in springboot
840078789,paneladev/keycloak-example,https://github.com/paneladev/keycloak-example,flag:name:example,java; jwt; jwt-token; keycloak; spring-boot; spring-security,
835382182,Dazaur-eDev/Bootcamp_Java_FullStack,https://github.com/Dazaur-eDev/Bootcamp_Java_FullStack,flag:description:bootcamp,apache-tomcat; api-rest; bootstrap5; css3; git-github; html5; java; javascript; mockito-junit-test; mvc-architecture; postgresql; postman; servlet-jsp; spring-boot; spring-data-jpa; sql; thymeleaf,Activities generated about this bootcamp.
842348688,kedarkamthe/spring-authentication-by-example,https://github.com/kedarkamthe/spring-authentication-by-example,flag:name:example,basic-authentication; jwt-authentication; oauth2; spring-boot; spring-security,This project explores various methods of implementing authentication using Spring Security.
837850739,khangng2611/spring-kafka-demo,https://github.com/khangng2611/spring-kafka-demo,flag:name:demo,kafka; reactive-streams; spring-boot,Reactive Project Demo Using Spring Boot & Kafka
842087164,tiennm99/qr-attendance-demo,https://github.com/tiennm99/qr-attendance-demo,flag:name:demo,attendance; demo; java; qrcode; spring-boot,QR code attendance demo — Java Spring Boot app with geolocation check; the original Python Flask version is preserved in history
844832633,trunganhvu/tutorials,https://github.com/trunganhvu/tutorials,flag:name:tutorial,aws-cloudwatch; aws-s3; beans; cache; email-sender; exception-handling; git; java; jpa; logging; lombok; mysql; reactor-core; spring-boot; sql-tuning; swagger; test; version-control,"Knowledges of development cycle software (code test, deploy)"
852445849,Brayan-22/ACM-Backend-Java-Spring,https://github.com/Brayan-22/ACM-Backend-Java-Spring,flag:description:course,java; jwt; spring-boot; springframework,This repository contains the coursework of the ACM Java Spring course.
852936854,emreaknci/SpringSecurityExample,https://github.com/emreaknci/SpringSecurityExample,flag:name:example,java; jwt; refresh-token; spring-boot; spring-security,
852822650,NLxAROSA/zoom-calendar-vsdk-example,https://github.com/NLxAROSA/zoom-calendar-vsdk-example,flag:name:example,java; spring-boot; zoom-api; zoom-calendar; zoom-video-sdk,Example of an app to use the Zoom Calendar API to schedule a Zoom Video SDK session
851514807,CodeCshekhar/spring-boot-example,https://github.com/CodeCshekhar/spring-boot-example,flag:name:example,application; maven; spring-boot,This repository contains Spring-Boot concepts to illustrate its advantages 
845547112,zeinab-dashti/spring-boot-kafka-streams-exceptions-demo,https://github.com/zeinab-dashti/spring-boot-kafka-streams-exceptions-demo,flag:name:demo,docker-compose; exception-handling; kafka-streams; spring-boot,Robust exception handling in Kafka Streams with Spring Boot
845588936,zeinab-dashti/spring-boot-kafka-streams-interactive-demo,https://github.com/zeinab-dashti/spring-boot-kafka-streams-interactive-demo,flag:name:demo,docker-compose; interactive-queries; kafka-streams; spring-boot; state-store,Interactive Queries for Kafka Streams with Spring Boot – real‐time state access
844803917,maxjdev/Order_Flow_MS-with-RabbitMQ-MongoDB,https://github.com/maxjdev/Order_Flow_MS-with-RabbitMQ-MongoDB,flag:description:how to,devtools; docker-compose; java; junit; lombok; maven; mockito; mongodb; rabbitmq; spring-boot,Order Flow MS is a microservice application designed to handle order management with integration of RabbitMQ for messaging and MongoDB for data storage. This application demonstrates how to use these technologies together within a Spring Boot application.
851407582,b1a9id/secretmanagerjdbcdemo,https://github.com/b1a9id/secretmanagerjdbcdemo,flag:name:demo,aws-secrets-manager; java; jdbc-driver; spring-boot,aws-secretmanager-jdbcのデモ
844822024,MrXian763/RocketMQ-Flash-Sale-Demo,https://github.com/MrXian763/RocketMQ-Flash-Sale-Demo,flag:name:demo,mysql; redis; rocketmq; spring-boot,RocketMQ 秒杀+分布式锁案例
853291488,heymouad/ElearnON,https://github.com/heymouad/ElearnON,flag:description:course,elearning; elearning-system; flyway-postgresql; rest-api; restapi-framework; restful-api; spring-boot; spring-security; springboot,"A Spring Boot API for managing eLearning platforms, featuring course management, user authentication, and enrollment handling."
848075212,eltatata/Spring-Cloudinary-MongoDB,https://github.com/eltatata/Spring-Cloudinary-MongoDB,flag:description:how to,cloudinary; java; spring-boot,Exercise on how to list and upload images with Java Spring Boot and the Cloudinary Java SDK
844197694,siphokazi-duma/demo-kafka-streaming,https://github.com/siphokazi-duma/demo-kafka-streaming,flag:name:demo,apache-kafka; java; rest-api; spring-boot,"This Spring Boot application is an Apache Kafka demo, showcasing real-time data streaming. It includes configurations for Kafka topics, producers, and consumers, illustrating message handling in an event-driven architecture."
854270894,Ratnesh2003/spring-boot-socketio,https://github.com/Ratnesh2003/spring-boot-socketio,flag:description:how to,authentication; java; socket-io; spring-boot; websocket,A demo application demonstrating how to configure your Spring Boot application with WebSockets through Socket.IO along with authentication.
850809565,devrave/ManagementCourses,https://github.com/devrave/ManagementCourses,flag:name:course,java; spring-boot,
848579461,jiwhiz/spring-boot-angular-keycloak-oauth2-demo,https://github.com/jiwhiz/spring-boot-angular-keycloak-oauth2-demo,flag:name:demo,angular; keycloak; keycloak-angular; oauth2; spring-boot; spring-security,Demo system for OAuth2 learning
848750761,vishvasg14/mongoo-db-exp,https://github.com/vishvasg14/mongoo-db-exp,flag:description:how to,mongodb; mvc; mvc-framework; spring-boot,"This project is a demonstration of a basic CRUD (Create, Read, Update, Delete) application built using the MVC (Model-View-Controller) architecture, with MongoDB as the database. The project highlights the integration of MongoDB with a Spring Boot backend, showcasing how to efficiently manage data in a NoSQL database."
851335606,Herreran903/api-user,https://github.com/Herreran903/api-user,flag:description:bootcamp,bcrypt; hexagonal-architecture; java; junit5; jwt; mapstruct; microservices; mysql; openapi; rest-api; spring-boot; spring-security,"Microservicio de autenticacion y gestion de usuarios en Java 17 y Spring Boot con arquitectura hexagonal. Emite los JWT del sistema, con BCrypt y control de acceso por roles. Reto Emazon del Bootcamp Power Up de Pragma."
844068149,siphokazi-duma/demo-spring-batch,https://github.com/siphokazi-duma/demo-spring-batch,flag:name:demo; flag:description:how to,batch-processing; java; spring-boot,"This Spring Boot application demonstrates batch processing, showcasing how to configure and execute batch jobs efficiently. It includes examples of job scheduling, chunk processing, and error handling, making it ideal for learning Spring Batch fundamentals."
843815875,GuilhermeRSouza34/BraJavaCloudNat,https://github.com/GuilhermeRSouza34/BraJavaCloudNat,flag:description:bootcamp,java; javascript-library; kubernetes; spring-boot; spring-mvc; spring-security,Repositorio desenvolvido para controle de todas as atividades e aulas desenvolvidas pelo bootcamp Java Cloud Native pela Santander
849474082,YunusEmreNalbant/spring-webflux-reactive-weather-app-example,https://github.com/YunusEmreNalbant/spring-webflux-reactive-weather-app-example,flag:name:example,java; reactive; reactive-programming; spring; spring-boot; webflux,Spring Boot-based reactive web application using WebFlux to provide weather information. 
850294377,MohamedAbotalb/Spring_Boot_Luv2code,https://github.com/MohamedAbotalb/Spring_Boot_Luv2code,flag:description:course,hibernate; spring; spring-aop; spring-boot; spring-data-jpa; spring-mvc; spring-security; thymeleaf,"This is a repo for demos of Spring Boot 3, Spring 6 & Hibernate Course from Luv2code (Chad Darby)"
854006145,Srinath176/spring-security-jwt-example,https://github.com/Srinath176/spring-security-jwt-example,flag:name:example,jjwt-api; jjwt-impl; jjwt-jackson; mysql; mysql-database; spring; spring-boot; spring-security,spring boot security
844261173,Herreran903/api-stock,https://github.com/Herreran903/api-stock,flag:description:bootcamp,hexagonal-architecture; java; junit5; jwt; mapstruct; microservices; mockito; mysql; openapi; rest-api; spring-boot; spring-security,"Microservicio de catalogo e inventario en Java 17 y Spring Boot con arquitectura hexagonal. Marcas, categorias, articulos y abastecimiento, con seguridad por roles via JWT. Reto Emazon del Bootcamp Power Up de Pragma."
843849894,Subhashchandra-Birajdar/spring-batch-example,https://github.com/Subhashchandra-Birajdar/spring-batch-example,flag:name:example,spring-batch-application; spring-batch-example; spring-batch-jobs; spring-boot,"Developed using spring boot 3, spring batch 5 and java 17"
846948156,franco-oropel/Financial-Hub,https://github.com/franco-oropel/Financial-Hub,flag:description:bootcamp,java; jpa-hibernate; junit-jupiter; maven; spring-boot,RESTful API in Java with Spring Boot. Development as a final bootcamp project.
847742037,ProeungChiso/cstad_ite2_e_learning_api_v1,https://github.com/ProeungChiso/cstad_ite2_e_learning_api_v1,flag:name:learning,cstad; e-learning; homework; mongodb; spring-boot; spring-data-mongodb,Spring Data MongoDB
847132089,carlosmgv02/Oauth2-github-example,https://github.com/carlosmgv02/Oauth2-github-example,flag:name:example,github; java; oauth2; security; spring-boot; thymeleaf,"A simple web app that lets users log in with GitHub OAuth2 and view detailed profile information fetched from their GitHub account, including name, bio, avatar, and repository stats, all in a modern UI."
845593433,zeinab-dashti/spring-boot-kafka-streams-test-demo,https://github.com/zeinab-dashti/spring-boot-kafka-streams-test-demo,flag:name:demo,docker-compose; integration-tests; kafka-streams; spring-boot; testing; topologytestdriver; unit-tests,Test Kafka Streams apps effectively in Spring Boot (unit + integration)
860517955,spring-guides/top-observing-graphql-in-action,https://github.com/spring-guides/top-observing-graphql-in-action,flag:description:tutorial,graphql; spring-boot,Observing GraphQL in action :: Tutorial on GraphQL and Observability
856147357,jiwhiz/keycloak-spring-security-oauth2-token-exchange-demo,https://github.com/jiwhiz/keycloak-spring-security-oauth2-token-exchange-demo,flag:name:demo,angular; keycloak; oauth2; rfc8693; spring; spring-boot; spring-security; token-exchange,Demo system for Keycloak OAuth2 Token Exchange 
860401634,DevDario/nonstop-backend,https://github.com/DevDario/nonstop-backend,flag:description:course,api; backend; backend-api; backend-infrastructure; e-learning-platform-backend; java; mysql; non-stop; spring; spring-boot; spring-data; spring-data-jpa,Backend For a Free Courses Platform
865519599,CAPELLAX02/spring-data-jpa-bouali,https://github.com/CAPELLAX02/spring-data-jpa-bouali,flag:description:course,docker; jakarta-persistence; java; postgresql; spring-boot; springdata-jpa,This project serves as the backend for an e-learning platform and is associated with a comprehensive Spring Data JPA course led by instructor Ali Bouali.
856913157,Kode-Sastra/java-tutorials,https://github.com/Kode-Sastra/java-tutorials,flag:name:tutorial,java; spring-ai; spring-ai-open; spring-boot,The repository hosts all the source code created for the articles published on www.kodesastra.com
860758739,CodeCshekhar/spring-boot-hibernate-jpl-example,https://github.com/CodeCshekhar/spring-boot-hibernate-jpl-example,flag:name:example,annotations; hibernate-jpl; lombok; spring-boot,This repository contains spring-boot-hibernate-jpl-example concepts to illustrate its advantages 
861593837,lucasdengcn/bookstore-demo,https://github.com/lucasdengcn/bookstore-demo,flag:name:demo,integration-testing; spring; spring-boot; unit-testing,"Demo project over Spring boot, JPA, Gradle, Unit Test, Integration Test, OAS etc."
854603637,charlybutar21/clean-architecture-example,https://github.com/charlybutar21/clean-architecture-example,flag:name:example; flag:description:how to,clean-architecture; css; javascript; jsp; rest-api; spring-boot,This repository provides a practical example of implementing Clean Architecture using Spring Boot and JSP. It is designed to help understand the principles of Clean Architecture while also learning how to create front-end views with JSP.
864284161,colindeseroux/ai-game-programming-mqtt,https://github.com/colindeseroux/ai-game-programming-mqtt,flag:description:course,java; mqtt; spring-boot,📡MQTT wrapper for AI game programming course
856996341,CodeCshekhar/spring-boot-application-runner-example,https://github.com/CodeCshekhar/spring-boot-application-runner-example,flag:name:example,application; runner; spring-boot,This repository contains spring-boot-application-runner concepts to illustrate its advantages
857615734,CodeCshekhar/spring-boot-scheduler-example,https://github.com/CodeCshekhar/spring-boot-scheduler-example,flag:name:example,config; custom; scheduler; spring-boot; tasks,This repository contains spring-boot-scheduler-example concepts to illustrate its advantages
858810199,sevillacesar/bankingDemoJava,https://github.com/sevillacesar/bankingDemoJava,flag:name:demo,banking; docker; java; microservices; mysql; rest-api; spring-boot; swagger,Banking Demo Project
860929238,GabrielBClaudino/CourseStorm,https://github.com/GabrielBClaudino/CourseStorm,flag:name:course; flag:description:course,api; postgresql; spring-boot; spring-security,CourseStorm API | Spring Boot | PostgreSQL
865686623,nogueiraDani/Learning_SpringDataJPA-Udemy,https://github.com/nogueiraDani/Learning_SpringDataJPA-Udemy,flag:name:learning,backend; java; persist; spring-boot; springdata-jpa; udemy-course,"Repositório criado para documentar e consolidar meus estudos do curso ""Formação Spring Data JPA com Spring Boot"" da Udemy. Este projeto explora conceitos fundamentais e avançados do Spring Data JPA, integrados ao Spring Boot, com foco em boas práticas e aplicação em projetos reais."
857035378,CodeCshekhar/spring-boot-commandLine-runner-example,https://github.com/CodeCshekhar/spring-boot-commandLine-runner-example,flag:name:example,application; commandline; runner; spring-boot,This repository contains spring-boot-commandLine-runner concepts to illustrate its advantages
857704304,CodeCshekhar/spring-boot-hibernate-example,https://github.com/CodeCshekhar/spring-boot-hibernate-example,flag:name:example,annotations; h2-database; hibernate; spring-boot,This repository contains spring-boot-hibernate-example concepts to illustrate its advantages 
864400677,CodeCshekhar/spring-boot-aop-example,https://github.com/CodeCshekhar/spring-boot-aop-example,flag:name:example,aop-aspectj; caching; spring-boot,This repository contains spring-boot-aop to illustrate its concepts
859825459,CodeCshekhar/spring-boot-hibernate-jpa-example,https://github.com/CodeCshekhar/spring-boot-hibernate-jpa-example,flag:name:example,h2-database; hibernate-jpa; lombok; spring-boot,This repository contains spring-boot-hibernate-jpa concepts to illustrate its advantages 
856697581,thegera4/crud-employee-demo-api,https://github.com/thegera4/crud-employee-demo-api,flag:name:demo,java; mysql; rest-api; spring-boot,employee crud rest api with spring 
857656506,RinatMambetov/spring-boot-app-ver2,https://github.com/RinatMambetov/spring-boot-app-ver2,flag:description:course,hibernate; jpa; postgresql; spring; spring-boot; thymeleaf; validation,My homework of project2 from Alishev Spring course with SpringBoot
865620027,salahbnh/Project-DevOps,https://github.com/salahbnh/Project-DevOps,flag:description:course,devops; java; jpa; maven; mysql; rest-api; spring-boot; swagger,"Spring Boot REST API for ski-station management (subscribers, instructors, courses, pistes) with JPA/MySQL and Swagger docs — base app for a CI/CD pipeline. Java."
864951062,jonathan-foucher/spring-boot-tzatziki-example,https://github.com/jonathan-foucher/spring-boot-tzatziki-example,flag:name:example,cucumber-java; integration-testing; java; spring-boot; tzatziki,An example of integration testing with tzatziki
861002683,WilmerOcampo/SpringBoot-Files-Example,https://github.com/WilmerOcampo/SpringBoot-Files-Example,flag:name:example,files; java; java-files; spring; spring-boot; spring-mvc; thymeleaf,Aplicación web en Spring Boot que permite cargar y descargar archivos. Incluye validaciones para asegurar que los archivos no estén vacíos y cumplan con el límite de tamaño. Interfaz intuitiva con Thymeleaf.
860426512,zeinab-dashti/spring-boot-kafka-streams-versionedStateStore-demo,https://github.com/zeinab-dashti/spring-boot-kafka-streams-versionedStateStore-demo,flag:name:demo,docker-compose; kafka-streams; spring-boot; state-store,Implement versioned state stores in Kafka Streams with Spring Boot for robust out-of-order data handling
857980772,Herreran903/api-transaction,https://github.com/Herreran903/api-transaction,flag:description:bootcamp,hexagonal-architecture; java; junit5; jwt; mapstruct; microservices; mysql; openapi; openfeign; rest-api; spring-boot; spring-security,Microservicio de ventas y abastecimiento en Java 17 y Spring Boot con arquitectura hexagonal. Coordina existencias con el catalogo via OpenFeign. Reto Emazon del Bootcamp Power Up de Pragma.
854820786,kamil20020/Students-spring-cloud_09-2024,https://github.com/kamil20020/Students-spring-cloud_09-2024,flag:description:course,docker; docker-compose; lombok; pgadmin; postgresql; rabbitmq; spring; spring-amqp; spring-boot; spring-boot-validation; spring-cloud; spring-cloud-config; spring-cloud-gateway; spring-cloud-loadbalancer; spring-cloud-netflix-eureka; spring-data-jpa; spring-web; zipkin,"Simple students management backend app for learning purposes. It is possible to manage students, courses and classes. The app was created in microservice architecture using Spring Cloud and its popular modules e.g. eureka support"
864827536,SirajChaudhary/basic-springboot-kafka-example,https://github.com/SirajChaudhary/basic-springboot-kafka-example,flag:name:example; flag:description:how to,apache-kafka; backend; event-driven; java; kafka; messaging; microservices; rest-api; spring-boot,"A Spring Boot + Apache Kafka example showing how to produce and consume messages using Kafka, configure Kafka topics, and support event-driven communication."
861725807,shrutisaxena17/spring-boot-actutator-demo,https://github.com/shrutisaxena17/spring-boot-actutator-demo,flag:name:demo,actuator; spring; spring-boot,spring boot actuator demo project
858499965,thegera4/thymeleaf-demo,https://github.com/thegera4/thymeleaf-demo,flag:name:demo,java; spring; spring-boot; thymeleaf,simple demo to practice thymeleaf and spring
860210191,elauso/spring-cloud-config-example,https://github.com/elauso/spring-cloud-config-example,flag:name:example,spring-boot; spring-cloud-config; spring-cloud-config-server,Aplicação para testar o spring-cloud-config-server.
861212333,saarthak08/FeatureFlagsWithSpringBoot,https://github.com/saarthak08/FeatureFlagsWithSpringBoot,flag:description:how to,aspect; feature-flags; java; spring-boot,A demonstration of how to create custom feature flags in Spring Boot.
862419511,alaugks/spring-messagesource-db-example,https://github.com/alaugks/spring-messagesource-db-example,flag:name:example,database; internationalization; l18n; messagesource; spring; spring-boot,Example: Custom Database Spring MessageSource
861729767,shrutisaxena17/spring-boot-actuator-security,https://github.com/shrutisaxena17/spring-boot-actuator-security,flag:description:how to,actuator; spring; spring-boot,Spring boot actuators and how to secure endpoints
862868422,SONA0007/LearningspringBoot,https://github.com/SONA0007/LearningspringBoot,flag:name:learning,java; mvc-architecture; spring-boot,The project is used for learning and experimenting with the Spring Boot framework It includes a backend part that has been updated to include HTML content Technology Stack Java Spring Boot
865781295,hrbds/jwt-demo-with-spring-boot,https://github.com/hrbds/jwt-demo-with-spring-boot,flag:name:demo,access-token; jwt; refresh-token; rtr; spring-boot,
857412110,mgunawardhana/dockerizing-spring-boot-sample,https://github.com/mgunawardhana/dockerizing-spring-boot-sample,flag:name:sample,containerization; depoloyment; docker; docker-hub; dockerization; java; spring-boot,This project is a Spring Boot application that has been Dockerized. It uses Maven for build automation and includes a Dockerfile to create a Docker image of the application.
855277356,peter-szrnka/spring-boot-with-sensitive-request-response-logging,https://github.com/peter-szrnka/spring-boot-with-sensitive-request-response-logging,flag:description:how to,java; logging; maven; spring; spring-boot; springboot,Sample Spring Boot application to demonstrate how to log request and response body and mask all sensitive (PII) data with a customized Jackson ObjectMapper.
861065961,Shreyas-Kothari/webapp,https://github.com/Shreyas-Kothari/webapp,flag:description:course,aws; cloud; infra-terraform; spring-boot; spring-security,The repositry for CSYE6225 Cloud Computing course containing the cloud infrastructure for web app API using Spring Boot framework
856638125,SirajChaudhary/springboot-jkube-example,https://github.com/SirajChaudhary/springboot-jkube-example,flag:name:example; flag:description:how to,backend; cloud-native; containerization; devops; docker; eclipse-jkube; java; kubernetes; kubernetes-manifests; spring-boot,A Spring Boot + Eclipse JKube example showing how to containerize a Spring Boot application and generate Kubernetes manifests for deployment to Kubernetes and OpenShift.
858662787,jalen0x/spring-boot-demo,https://github.com/jalen0x/spring-boot-demo,flag:name:demo,java; maven; postgresql; spring-boot; spring-data-jpa,A spring boot demo
854848822,egch/springboot-azure-Integration,https://github.com/egch/springboot-azure-Integration,flag:description:how to,azure; azure-functions; functions; java; spring-boot,"A Proof of Concept (POC) demonstrating the integration of Spring Boot with Microsoft Azure SDK. This project explores how to connect a Spring Boot application with Azure services such as storage, databases, and messaging, using Azure SDK libraries for seamless cloud interaction."
858048035,MLT93/UNIR,https://github.com/MLT93/UNIR,flag:description:course,css; dao-design-pattern; database; html; informatica; information-system; java; javabean; markup-language; mvc-pattern; programming; spring-boot,Course and Explanations of DAW
863470243,BatuhanBaysal/spring-boot-learning-journey,https://github.com/BatuhanBaysal/spring-boot-learning-journey,flag:name:learning,java-testing; mvc; rest-api; spring-boot; spring-jpa; spring-jwt-authentication; spring-security,"Spring Boot Learning Journey (Model View Controller, Field Validation, Three Layer Codebase, Testing, Rest API, Spring Boot JPA, Spring Security and JWT Authentication.)"
864418760,jonathan-foucher/spring-boot-redis-lock-example,https://github.com/jonathan-foucher/spring-boot-redis-lock-example,flag:name:example,java; redis-lock; spring-boot; valkey,An example of managing resource lock with a redis
860964577,kirkster96/spring-cloud-gateway-demo,https://github.com/kirkster96/spring-cloud-gateway-demo,flag:name:demo; flag:description:how to,backend; cloud; integration; rest-api; spring; spring-boot; spring-mvc; springcloud,This is my take on how to use the spring cloud gateway project
865703448,DSGS76/Spring-PokeApi-ACM,https://github.com/DSGS76/Spring-PokeApi-ACM,flag:description:course,backend; frontend; java; maven; spring-boot; springframework; sql; web,This repository contains the first work for ACM Java Spring course
864926860,Know-Program/Spring-Boot-Examples,https://github.com/Know-Program/Spring-Boot-Examples,flag:name:example; flag:name:examples,cloud; gateway-microservice; junit5; microservice; mockito; redis; redis-cache; spring; spring-boot; spring-mvc; spring-security; springboot; swagger-ui,Spring Boot Examples | Spring Boot Core | Spring Data JPA | Spring Rest | Spring Boot Rest Security | Spring Batch | Spring Microservices
857017968,Mahdiyeh98/University,https://github.com/Mahdiyeh98/University,flag:description:course,java; java-17; mysql; mysql-database; spring-boot; springboot,"A practice project using Spring Boot to manage a university, featuring student registrations, course management, and professors' administration."
856766894,ex2uply/RestAPICourseManagement,https://github.com/ex2uply/RestAPICourseManagement,flag:name:course,hibernate; java; lombok; maven; spring-boot,Restful API Demo
861297024,alvdela/Shopping-Cart,https://github.com/alvdela/Shopping-Cart,flag:description:course,java; spring-boot; spring-data-jpa; spring-security,"Spring Boot, Spring Security, JWT Course – Shopping Cart Backend Java Project"
861523152,xTiz02/vertexAi-spring-examples,https://github.com/xTiz02/vertexAi-spring-examples,flag:name:example; flag:name:examples,gemini; java; spring-boot; vertex-ai,Using Vertex Ai from Google
861581986,Herreran903/api-cart,https://github.com/Herreran903/api-cart,flag:description:bootcamp,hexagonal-architecture; java; junit5; jwt; mapstruct; microservices; mysql; openapi; openfeign; rest-api; spring-boot; spring-security,Microservicio de carrito de compras en Java 17 y Spring Boot con arquitectura hexagonal. Se comunica con catalogo y ventas via OpenFeign propagando el JWT del usuario. Reto Emazon del Bootcamp Power Up de Pragma.
876036146,zhijunio/spring-boot-security-oauth2-samples,https://github.com/zhijunio/spring-boot-security-oauth2-samples,flag:name:sample; flag:name:samples,java; oauth2; spring; spring-authorization-server; spring-boot; spring-security; spring-security-oauth2,基于 Spring Boot 4 + Spring Authorization Server 1.5.0 使用 Maven 构建的 Spring OAuth2 授权和认证服务示例
875947594,tyaga001/java-spring-fine-grained-auth,https://github.com/tyaga001/java-spring-fine-grained-auth,flag:description:how to,authorization; java; permissions; policies; spring-boot,How to Implement Fine-Grained Authorization in Java and SpringBoot
870248950,jonathan-foucher/spring-boot-security-example,https://github.com/jonathan-foucher/spring-boot-security-example,flag:name:example,java; jwt-authentication; spring-boot; spring-security,Examples of security interactions with spring-boot
877910408,Said-Aabilla/spring-boot-keycloack,https://github.com/Said-Aabilla/spring-boot-keycloack,flag:description:how to,authentication; authorization; keycloak; spring-boot; spring-security,"How to integrate Spring Boot 3, Spring Security, and Keycloak"
871285828,bojanm95/vaadin-24-keycloak-example,https://github.com/bojanm95/vaadin-24-keycloak-example,flag:name:example,demo; docker; maven; sample; spring; spring-boot; vaadin-flow; vaadin24,Example of Vaadin 24 and Keycloak integration
871758740,kazvee/learning-spring,https://github.com/kazvee/learning-spring,flag:name:learning,java; spring; spring-boot,🌿 Learning Spring ☕ is a repository for a learning project that uses Spring Boot 3 to explore Spring 6 as a Java framework
871213425,JakubPatkowski/KorepetycjeOnlineBackend,https://github.com/JakubPatkowski/KorepetycjeOnlineBackend,flag:description:course,backend; docker; e-learning; java; jwt; postgresql; rest-api; spring-boot; spring-security,"REST API for e-learning platform with JWT auth, course management, and points system. Engineering thesis project."
874164352,zeinab-dashti/spring-boot-kafka-streams-customStateStore-demo,https://github.com/zeinab-dashti/spring-boot-kafka-streams-customStateStore-demo,flag:name:demo,docker-compose; kafka-streams; rocksdb; spring-boot; state-store,Extend Kafka Streams state store with a custom implementation in Spring Boot
873373011,TiagoFNB/Park20_23-24,https://github.com/TiagoFNB/Park20_23-24,flag:description:course,angular; java; microservices; spring-boot; typescript,Project for LABDSOF subject of the Master in Software Engineering course at ISEP
871893942,jonathan-foucher/spring-boot-kafka-avro-example,https://github.com/jonathan-foucher/spring-boot-kafka-avro-example,flag:name:example,java; kafka; schema-registry; spring-boot; spring-boot-kafka,An example of kafka avro producer and consumer with spring-boot
873521857,webishdev/stopnik-spring-boot-react-demo,https://github.com/webishdev/stopnik-spring-boot-react-demo,flag:name:demo,oauth2; oauth2-authentication; oauth2-client; oauth2-server; react; spring-boot; stopnik,Demo of: STOPnik + Spring Boot + React
869167864,ELMOUADDIBE/kafka-spring-boot-docker-demo,https://github.com/ELMOUADDIBE/kafka-spring-boot-docker-demo,flag:name:demo; flag:description:how to,demo-app; kafka; kafka-topic; spring-boot,"A demo project that showcases how to integrate Spring Boot, Apache Kafka, and Docker to build a real-time data streaming and analytics application. The project includes Kafka producers and consumers, stream processing with Kafka Streams, and real-time data visualization."
869259217,upc-pre-202402-si729-wx55/learning-center-platform,https://github.com/upc-pre-202402-si729-wx55/learning-center-platform,flag:name:learning,domain-driven-design; java; mysql-database; spring-boot; spring-data-jpa,"ACME Learning Center Platform, illustrating development with Java, Spring Boot Framework, and Spring Data JPA on MySQL Database. It also illustrates open-api documentation configuration and integration with Swagger UI."
873452646,Nuraj250/Kafka-SpringBoot-CI-CD-Demo,https://github.com/Nuraj250/Kafka-SpringBoot-CI-CD-Demo,flag:name:demo,apache-kafka; cicd-pipeline; kafka-consumer; kafka-producer; secure-messaging; spring-boot; springsecurity,"A Spring Boot-based Java application demonstrating the integration of Kafka for real-time message streaming, along with secure authentication using Spring Security and JWT. The application showcases Kafka producer and consumer functionality while ensuring secure access through role-based authentication."
868645365,ELMOUADDIBE/DEMO-microservices-billing-system,https://github.com/ELMOUADDIBE/DEMO-microservices-billing-system,flag:name:demo,discovery-service; gateway-services; microservice; spring; spring-boot; springcloud-demo,"A demo project of management system based on microservices architecture using Spring Boot, Spring Cloud, and Eureka for service discovery, with services for managing customers, products, and billing."
874297136,thangtranitwork/api-stu-e-elearning,https://github.com/thangtranitwork/api-stu-e-elearning,flag:name:learning,api; docker; e-learning; jwt; mysql; real-time; spring; spring-boot; websocket,My first personal project which using Spring Boot 3 & Spring Security
871488361,ramanks19/apache-kafka-tutorials,https://github.com/ramanks19/apache-kafka-tutorials,flag:name:tutorial,apache-kafka; java; messaging; rest-api; spring-boot,A repository explaining how apache kafka works
868972205,KarolWes/BusinessProcessModeling,https://github.com/KarolWes/BusinessProcessModeling,flag:description:course,camunda; java; process-modeling; spring-boot; university-course,Camunda+Java/Spring for course @PUT
871640070,rafli-ramadhan/spring-jpa-postgre-example-crud,https://github.com/rafli-ramadhan/spring-jpa-postgre-example-crud,flag:name:example,jpa; spring-boot,Spring JPA with PostgreSQL integration: CRUD example
875938260,shrutisaxena17/oauth2-demo,https://github.com/shrutisaxena17/oauth2-demo,flag:name:demo,java; oauth2; spring; spring-boot; spring-security,Spring security oauth2 login
877395701,Mauro-Pereira/RabbitMQ-Producer,https://github.com/Mauro-Pereira/RabbitMQ-Producer,flag:description:how to,docker; docker-compose; dockerfile; java; queue; rabbitmq; rabbitmq-producer; rest-api; spring-boot,A basic Spring Boot application demonstrating how to send messages to a RabbitMQ queue. It utilizes the spring-boot-starter-amqp dependency to simplify the integration with RabbitMQ. Includes default RabbitMQ configuration and a REST endpoint to send messages.
876815641,suleyman-demir/State-Pattern-Sample,https://github.com/suleyman-demir/State-Pattern-Sample,flag:name:sample,spring-boot; state-pattern,Cargo Management System with State Pattern (Spring Boot)
874802504,shrutisaxena17/JWTDemo,https://github.com/shrutisaxena17/JWTDemo,flag:name:demo,java; jwt; jwt-authentication; jwt-token; security; spring-boot; spring-security,An employee management system that implements JWT Security
871294417,rafli-ramadhan/spring-jdbc-postgre-example-crud,https://github.com/rafli-ramadhan/spring-jdbc-postgre-example-crud,flag:name:example,jdbc-template; spring-boot,Spring JDBC with PostgreSQL integration: CRUD example
872111963,wolvesmentality/sample-spring-boot,https://github.com/wolvesmentality/sample-spring-boot,flag:name:sample,docker; docker-compose; hibernate; hypersistence; jakarta; java; jdbctemplate; jpa; liquibase; lombok; lombok-maven; mapstruct; maven; postgresql; rest; spring-boot; spring-data-jpa; spring-rest; zonky,A simple spring boot application
867868875,gazolla/PizzaOnLine,https://github.com/gazolla/PizzaOnLine,flag:description:bootcamp,dio-bootcamp; eclipse-ide; java; spring-boot,"Minha implementação do desafio ""Publicando Sua API REST na Nuvem Usando Spring Boot 3, Java 17 e Railway"" para o bootcamp da dio.me"
870330214,upc-pre-202402-si729-sw57/learning-center-platform,https://github.com/upc-pre-202402-si729-sw57/learning-center-platform,flag:name:learning,cqrs; domain-driven-design; hashing; open-api; spring-boot; spring-data-jpa; spring-security; token,"ACME Learning Center Platform, illustrating development with Java, Spring Boot Framework, and Spring Data JPA on MySQL Database. It also illustrates open-api documentation configuration and integration with Swagger UI."
867251746,alaugks/spring-messagesource-json-example,https://github.com/alaugks/spring-messagesource-json-example,flag:name:example,internationalization; json; messagesource; spring; spring-boot,Example: Custom JSON Spring MessageSource
873770643,MousseTikk/pae,https://github.com/MousseTikk/pae,flag:description:course,hibernate-jpa; java; spring-boot; thymeleaf,Small project to learn Java Spring in course
868505129,alejandro945/jwt-spring-security,https://github.com/alejandro945/jwt-spring-security,flag:description:how to,java-17; jwt; spring-boot,"This repository provides an implementation of JWT (JSON Web Token) authentication and authorization using Spring Security. It aims to demonstrate how to secure RESTful APIs with JWT, allowing for stateless user sessions."
875224858,barisyenigun07/Spring-Boot-Apache-Kafka-Example,https://github.com/barisyenigun07/Spring-Boot-Apache-Kafka-Example,flag:name:example,apache-kafka; java; spring-boot,An example for Spring Boot with Apache Kafka
876039233,hamutahana/todo-api,https://github.com/hamutahana/todo-api,flag:description:course,java; openapi; spring-boot; swagger,【Udemy講座】https://www.udemy.com/course/poco-tech-spring-boot-web-api)
871545666,jonathan-foucher/spring-boot-kafka-json-example,https://github.com/jonathan-foucher/spring-boot-kafka-json-example,flag:name:example,java; kafka; spring-boot; spring-boot-kafka,An example of kafka json producer and consumer with spring-boot
873262071,MaxiCracker/T1Courses,https://github.com/MaxiCracker/T1Courses,flag:name:course,java; spring-boot; spring-cloud; testing,Tasks from the T1.Debut IT camp
877208103,raho0/spring-batch-demo,https://github.com/raho0/spring-batch-demo,flag:name:demo,spring; spring-batch; spring-boot,
873757691,TiagoFNB/GorgeousSandwich,https://github.com/TiagoFNB/GorgeousSandwich,flag:description:course,csharp; dotnet; java; microservices; monolith; monolithic-application-migration; spring-boot,Project for ARQSOFT subject of the MSc in Software Engineering course at ISEP
872896420,Ismailalkouz94/spring-minio-example,https://github.com/Ismailalkouz94/spring-minio-example,flag:name:example,minio; s3; spring-boot,
874079557,zeinab-dashti/spring-boot-kafka-streams-externalDataSource-demo,https://github.com/zeinab-dashti/spring-boot-kafka-streams-externalDataSource-demo,flag:name:demo,database; docker-compose; external-data-sources; jdbc; kafka-streams; spring-boot; state-store,Kafka Streams external data-store integration with Spring Boot
869247864,CyrilleLyam/spring-learning,https://github.com/CyrilleLyam/spring-learning,flag:name:learning,java; spring; spring-boot,Spring framework document and practice 
868061625,vladovsiychuk/microservice-demo-java,https://github.com/vladovsiychuk/microservice-demo-java,flag:name:demo,java; microservice; mongodb; postgresql; redis; spring-boot,"Demo API service in Java with all necessary settings. Integrates PostgreSQL, MongoDB and Redis."
876914126,TommyFurgi/Object-oriented-technologies-lab,https://github.com/TommyFurgi/Object-oriented-technologies-lab,flag:description:course,java; javafx; rxjava; spring-boot,"Resources and tasks for the Object-Oriented Technologies course at AGH, covering advanced OOP concepts and modern development practices."
871294374,rafli-ramadhan/spring-r2dbc-postgre-example-crud,https://github.com/rafli-ramadhan/spring-r2dbc-postgre-example-crud,flag:name:example,r2dbc-postgresql; spring-boot,Spring R2DBC with PostgreSQL integration: CRUD example
877366853,Myan0316/Java_LearningNotes,https://github.com/Myan0316/Java_LearningNotes,flag:name:learning,java; mysql; spring-boot; spring-mvc; spring-security; springcloudalibaba,Java_LearningNote
876963505,ViniciusMassari/gestao_cursos_ignite,https://github.com/ViniciusMassari/gestao_cursos_ignite,flag:description:course,java; spring-boot,Solution for rocketseat ignite java course
877519488,Mauro-Pereira/RabbitMQ-Consumer,https://github.com/Mauro-Pereira/RabbitMQ-Consumer,flag:description:how to,docker; docker-compose; dockerfile; java; rabbitmq; rabbitmq-consumer; spring-boot,A basic Spring Boot application demonstrating how to receive messages from a RabbitMQ queue. It utilizes the spring-boot-starter-amqp dependency to simplify the integration with RabbitMQ. Includes default RabbitMQ configuration.
883032887,HS-How/old-university,https://github.com/HS-How/old-university,flag:description:course,docker; elderly-care; management-system; mybatis-plus; postgres; spring-boot,"基于Spring Boot的老年大学管理系统，提供服务站点管理、课程管理、教师管理、学员报名等功能的后端服务 | Senior University Management System based on Spring Boot, providing backend services for service site management, course management, teacher management, and student registration"
883800127,BHIMAVARAPU-MANOJ-KUMAR/Spring-Boot-Kafka-Basic-Producer-Consumer-Demo,https://github.com/BHIMAVARAPU-MANOJ-KUMAR/Spring-Boot-Kafka-Basic-Producer-Consumer-Demo,flag:name:demo,apache-kafka; kafka; kafka-broker; kafka-cluster; kafka-consumer; kafka-producer; kafka-topic; spring-boot,Spring Boot Kafka Basic Producer Consumer
889248243,imsma/sb-multi-module,https://github.com/imsma/sb-multi-module,flag:description:how to,java; maven; spring-boot,This is a multi-module project using Spring Boot. It demonstrates how to structure a Spring Boot application with multiple modules.
879234523,jsa4000/Workflow-Engine-Example,https://github.com/jsa4000/Workflow-Engine-Example,flag:name:example,bpmn; camunda; camunda-bpm-platform; spring-boot; workflow,A worflow engine example using Camunda and BPMN and DMN notations
886702863,imsma/springboot-sqlite,https://github.com/imsma/springboot-sqlite,flag:description:how to,java; jpa; spring-boot; sqlite,This repository contains a simple Spring Boot application that demonstrates how to integrate SQLite as an embedded database. This project is perfect for learning and understanding how to work with Spring Boot and an embedded database for development and testing purposes.
883379579,abengl/NTT-Project1,https://github.com/abengl/NTT-Project1,flag:description:bootcamp,fun; functional-programming; mysql; oop; spring-boot,Primer projecto en Java para el Bootcamp Tech Girls de NTT Data Perú. Inicia el desarrollo de una aplicación para el manejo de cuentas bancarias de usuarios.
878947142,stiebo/spring-ai-samples,https://github.com/stiebo/spring-ai-samples,flag:name:sample; flag:name:samples,embeddings; llm; multimodality; rag; spring-ai; spring-boot; vectorstore,"Spring AI, chat client, vector store, RAG, multimodality samples"
882021180,ana-edelinski/only-buns-be,https://github.com/ana-edelinski/only-buns-be,flag:description:course,spring-boot,Academic project for the Internet Software Architectures course | OnlyBuns [Backend]
882287209,m1thrandir225/wp-labs,https://github.com/m1thrandir225/wp-labs,flag:description:course,java; spring-boot; thymleaf,Laboratory Exercsies for the course Web Programming
889257195,sharanggupta/gs-consuming-rest,https://github.com/sharanggupta/gs-consuming-rest,flag:description:how to,resttemplate; resttemplate-configuration; spring-boot,Learn how to retrieve web page data with Spring's RestTemplate.
882319176,burakbehlull/spring-boot-demo,https://github.com/burakbehlull/spring-boot-demo,flag:name:demo,java; spring-boot,A demo and tests of Spring Boot.
889609383,hafeez8165526/Design-Patterns-Code-Examples,https://github.com/hafeez8165526/Design-Patterns-Code-Examples,flag:name:example; flag:name:examples,design-patterns; java; spring-boot,Contains Java Code examples for design patterns
886051030,AllenBastian/redis-rest-springboot,https://github.com/AllenBastian/redis-rest-springboot,flag:description:how to,rest-api; spring-boot; spring-security; spring-session-redis,"Basic springboot application to learn the fundamentals, demonstrating how to use session based authentication using redis at an endpoint without the default login."
882130486,gadoza/langchain4j-demo,https://github.com/gadoza/langchain4j-demo,flag:name:demo,ai; document-chat; generative-ai; java; langchain4j; llm; rag; spring-boot,RAG-powered document Q&A assistant built with LangChain4j and Java — chat with your documents using LLM-driven semantic search
885006294,yfabio/spring-boot-security-demo,https://github.com/yfabio/spring-boot-security-demo,flag:name:demo,backend; jpa; spring-boot; spring-security,"Simple spring boot that uses spring security to register users, login, and logout."
880283988,mohammedelbachiri/upSkillers,https://github.com/mohammedelbachiri/upSkillers,flag:description:course,h2; ioc; spring-boot; spring-data,"This project involves developing a REST API using Spring Boot to manage a professional training platform. The platform will allow for the management of trainees, trainers, training courses, and training sessions."
881870140,anilbolat/nordic-weather,https://github.com/anilbolat/nordic-weather,flag:description:how to,3rd-party-api; bucket4j; java; jwt; postgresql; redis; spring-boot; spring-security; visual-crossing; visual-crossing-api; weather,"Nordic Weather is a Spring Boot application that provides weather data by fetching it from a 3rd party API. This project demonstrates how to securely integrate 3rd party APIs with proper exception handling, caching, rate limiting, user authentication and environment variables. "
887138988,chetsree/springboot-demo-java,https://github.com/chetsree/springboot-demo-java,flag:name:demo,java; login; spring-boot,This Spring Boot project is designed to showcase a RESTful web service for a simple user login.
882604943,daroshchanka/microservices-demo,https://github.com/daroshchanka/microservices-demo,flag:name:demo,demo; demo-app; docker; docker-compose; gitlab; gitlab-ci; grafana; java; loki; maven; microservices; monorepo; nexus; postgresql; prometeheus; sonarqube; sonatype-nexus; spring-boot; tempo,Java + Spring Boot microservices implementation demo. REST API and Kafka used for apps communication. Postgres used as database.
878991004,Autumnnus/spring-boot-tutorials,https://github.com/Autumnnus/spring-boot-tutorials,flag:name:tutorial,backend; java; spring; spring-boot,Spring Boot Multi-projects
885572293,saifcores/query-by-example,https://github.com/saifcores/query-by-example,flag:name:example; flag:description:how to,spring-boot; springdata-jpa,"Transform your Spring Data JPA queries from complex boilerplate into elegant, type-safe search operations with Query By Example. This project demonstrates how to implement dynamic, flexible queries without the overhead of writing multiple repository methods or complex JPQL statements."
886829148,AnirudhSharma777/LearningNavigator,https://github.com/AnirudhSharma777/LearningNavigator,flag:name:learning,containerization; curd-application; docker-compose; dockerfile; java; mysql-database; spring-boot,"The Learning Navigator Application is a Spring Boot-based project for managing students, exams, and their registrations. This project uses Docker for containerization and MySQL as its database."
888885030,anmiralles/springboot-grpc-unary-example,https://github.com/anmiralles/springboot-grpc-unary-example,flag:name:example,flyway; grpc; postgresql; reactive; spring-boot; unary,Couple of spring boot microservices communicating through unary gRPC.
878199082,murilodamarioo/API-Courses,https://github.com/murilodamarioo/API-Courses,flag:name:course,crud-application; junit5; jwt; spring-boot; spring-security,
880756432,anmiralles/springboot-grpc-stream-example,https://github.com/anmiralles/springboot-grpc-stream-example,flag:name:example,async; grpc; postgresql; reactive; spring-boot,Sample application composed of gRPC server and client communicating asynchronously with callback mechanism.
879163492,artemoons/webpush-sample,https://github.com/artemoons/webpush-sample,flag:name:sample,notification-api; push-api; spring-boot,Sample Spring Boot application for sending Web Push notifications
878885949,SATISH-SINGH95/SPRING-BOOT-EMAIL-SERVICE,https://github.com/SATISH-SINGH95/SPRING-BOOT-EMAIL-SERVICE,flag:description:how to,api-response; email; email-attachments; email-with-attachment; exception-handling; global-exception-handling; spring-boot; validation,"This project contains, How to send email to multiple recipients with or without attachment using Spring boot. "
884013475,greglixandrao/desafio-api-spring-railway,https://github.com/greglixandrao/desafio-api-spring-railway,flag:description:bootcamp,digitalinnovationone; dio; dio-bootcamp; java; jpa; railway; spring; spring-boot,Desafio de projeto realizado no Bootcamp da DIO junto com a Claro. Desenvolvi uma API de cadastro de produtos com categorias 
878806916,GoyalNikita/XmemeTest,https://github.com/GoyalNikita/XmemeTest,flag:description:course,java; mongodb; rest; spring-boot; springdata,"XMeme is a simple backend web application where users can post and see memes.  During the course of this project, - Built XMeme by writing necessary GET and POST APIs for fetching and posting the memes. - Built the backend application from scratch using a spring starter template and stored/retrieved the data from MongoDB. "
879213079,Thitikorn-Nupan/spring-boot-security-authentication-and-mockmvc-testing-for-crud-array-list,https://github.com/Thitikorn-Nupan/spring-boot-security-authentication-and-mockmvc-testing-for-crud-array-list,flag:description:how to,junit; mockmvc; spring-boot; spring-security,"(import junit 4.13 on pom.xml) this project i learn more about testing on spring security and i got know the way to use authorities for authentication instead roles , but this case i focus how to mock/test api that is secure , by using @MockMvc(...) annotation. the next time i will apply it with database. Perfect!"
881070487,clintonbrito/address-management-api,https://github.com/clintonbrito/address-management-api,flag:description:bootcamp,docker; java; oracle-database; spring; spring-boot; sql,"This project is the final assessment for the Squadra New Thinkers Bootcamp. It consists of an API for managing addresses, people, and related geographic data."
885677360,DSGS76/Spring-ApiRestfulLibrary-ACM,https://github.com/DSGS76/Spring-ApiRestfulLibrary-ACM,flag:description:course,backend; java; jwt; maven; spring-boot; spring-security; springframework; sql; web,This repository contains the final project of the ACM course of Spring Backend
882210068,delight-HK3/Log_Check_Demo,https://github.com/delight-HK3/Log_Check_Demo,flag:name:demo,dozzle; mariadb; querydsl; redis; spring-boot; spring-data-jpa; thymeleaf,Bulletin board project using JPA
882249280,Yehoshuaro/university-management-system-spring,https://github.com/Yehoshuaro/university-management-system-spring,flag:description:course,css; html; java; jwt-authentication; postgresql; spring-boot; spring-data-jpa; spring-security,"University Management System is a web application designed to streamline university operations, offering separate interfaces for students and teachers. The system provides features for:  Students: Viewing information about their groups, courses, and teachers. Teachers: Managing groups. Viewing and editing lists of students in each group"
895003994,VaradM-17/Spring_CRUD_HibernateMethods,https://github.com/VaradM-17/Spring_CRUD_HibernateMethods,flag:description:how to,crud-operations; hibernate-orm; hql; spring-boot,This repository shows how to create a simple Spring Boot application that performs CRUD operations  using hibernate methods. 
895215706,VaradM-17/SpringBoot_HQL_CRUD,https://github.com/VaradM-17/SpringBoot_HQL_CRUD,flag:description:how to,crud-operation; hibernate; hql; spring-boot,This repository shows how to create a simple Spring Boot application that performs CRUD operations using HQL.
891241774,Gabzers/UptQSProject,https://github.com/Gabzers/UptQSProject,flag:description:course,css; gradle; h2-database; itextpdf; jakarta; jpa; junit; mockito; mysql; spring-boot; thymeleaf,"This project is a full-stack application developed as part of the Software Quality course in the Computer Engineering program (2024-2025). The system aims to streamline the management of academic evaluations at Universidade Portucalense, offering features for the creation, organization, and visualization of evaluation maps."
899150186,ssoready/ssoready-example-app-java-spring-boot-saml,https://github.com/ssoready/ssoready-example-app-java-spring-boot-saml,flag:name:example,example; example-code; example-project; java; saml; saml-service-provider; saml-sp; saml-sso; saml2; single-sign-on; spring-boot; sso,"Example app with SAML support, built with Java + Spring Boot + SSOReady"
899634159,javohirdeveloper0612/crud-generic-example-spring,https://github.com/javohirdeveloper0612/crud-generic-example-spring,flag:name:example,generic; java; slice-jpa; spring-boot,This project for example CRUD Generic using spring boot
890822245,stiebo/openapi-generator-sample,https://github.com/stiebo/openapi-generator-sample,flag:name:sample,jpa; openapi; openapi-generator; spring-boot; spring-security,
900034360,Rohith1888/JFSD_ACTIVITY_HUB_BACKEND,https://github.com/Rohith1888/JFSD_ACTIVITY_HUB_BACKEND,flag:description:course,java; mysql-database; mysql-server; reactjs; spring-boot,"A SDC (Skill Development Course) Project using Java, Spring Boot and React"
900590188,Kcireog/MedVollAPI,https://github.com/Kcireog/MedVollAPI,flag:description:course,api; flyway; java; jpa; spring; spring-boot; sql,Project made during Oracle ONE/Alura course.
893523362,laviprog/pastes,https://github.com/laviprog/pastes,flag:description:tutorial,aws-s3; docker; java; jwt; openapi; postgresql; s3-storage; spring; spring-boot; spring-data-jpa; spring-security," PASTES is a project for creating and viewing posts, such as articles, tutorials, or notes, with the option to attach files."
900091178,udaykiriti/OnlineWorkshopServer,https://github.com/udaykiriti/OnlineWorkshopServer,flag:description:workshop,java; jwt-authentication; mailsender; rest-api; role-based-access-control; spring-boot,"Backend server for the Online Workshop application providing APIs for authentication, workshop management, and attendance tracking."
898014350,seahsz/day18workshopWordDoc,https://github.com/seahsz/day18workshopWordDoc,flag:description:workshop,dockerfile; redis; spring-boot; thymeleaf; validation,Revision for SSF. Instructions included in SSF_Practice_Workshop.docx
892602863,ElinaZoldnere/Dockerized-Microservices-Demo,https://github.com/ElinaZoldnere/Dockerized-Microservices-Demo,flag:name:demo,docker; elasticstack; java; microservices; rabbitmq; spring-boot,"A microservice architecture deployed in Docker containers, demonstrating distributed systems principles and containerization using Spring Boot, RabbitMQ, Docker Compose, and Elastic Stack monitoring."
892642060,janosch24/hivemq-spring-boot-demo,https://github.com/janosch24/hivemq-spring-boot-demo,flag:name:demo; flag:description:how to,hivemq-ce; mqtt; mqtt-broker; spring-boot,A demo application showing how to integrate HiveMQ-CE MQTT message broker with Spring Boot 4
894950726,thirumalx/circuit-breaker,https://github.com/thirumalx/circuit-breaker,flag:description:tutorial,circuit-breaker; resilience4j; spring; spring-boot,Circuit Breaker tutorial with Spring Boot
899787839,praveenamirisetty/JFSD_END_LAB,https://github.com/praveenamirisetty/JFSD_END_LAB,flag:description:course,mvc-architecture; rest-api; spring-boot,This is as part of my Academic course work End Semister lab exam project. Where i got very simple springboot using jpa and just to check whether the data is inserting into the database or not.
891913328,bushraAliArishi/spring-boot-learning-system,https://github.com/bushraAliArishi/spring-boot-learning-system,flag:name:learning; flag:description:course,bean-validation; crud; java; learning-project; lombok; rest-api; spring-boot; spring-mvc,"Spring Boot lab on a learning system, managing Course, Instructor and Student"
896778764,nathan00pdl/crud-angular-spring,https://github.com/nathan00pdl/crud-angular-spring,flag:description:course,angular; docker-compose; flyway; java; jwt; mysql; rest-api; spring-boot; spring-security,"Full-stack courses CRUD: Spring Boot REST API with JWT and Flyway on MySQL, and an Angular 19 frontend (Loiane Groner's course)"
897944531,yenarievilo/API_Rest_SpringBoot_Java,https://github.com/yenarievilo/API_Rest_SpringBoot_Java,flag:description:course,aws; docker; java; spring-boot,"Project to develop a REST API from scratch, based on a Udemy course taught by instructor Leandro Costa"
893529897,aravind452/SPRINGBOOT-EXAMPLES,https://github.com/aravind452/SPRINGBOOT-EXAMPLES,flag:name:example; flag:name:examples,exception-handler; spring-boot; springdata-jpa,"examples of spring boot, spring data jpa, dto, dao, mapper, exception handling and more......"
896417162,janatrelakova/example-monolith,https://github.com/janatrelakova/example-monolith,flag:name:example,dynamic-analysis; invoker; java; microshift; monolith; spring-boot; static-analysis; test-project,Example spring boot project.
893044030,Vrizzo/user-management,https://github.com/Vrizzo/user-management,flag:description:course,cqrs; spring-boot,Just an exercise from Udemy Course
893122618,Mikepn02/selenium-test-demo,https://github.com/Mikepn02/selenium-test-demo,flag:name:demo,java; selenium; spring-boot; testng,
896235175,sharanggupta/gs-uploading-files,https://github.com/sharanggupta/gs-uploading-files,flag:description:how to,spring-boot; upload-file,Learn how to build a Spring application that accepts multi-part file uploads.
895760591,ImSonu2030/end-sem-mini-project,https://github.com/ImSonu2030/end-sem-mini-project,flag:description:course,java; mysql; spring; spring-boot; spring-mvc; spring-security,"ESD course mini project. Student registration, application acceptance and related CRUD for erp system."
899048205,dimitrisstyl7/learning-spring-boot-unit-testing-with-JUnit-Mockito-MockMvc,https://github.com/dimitrisstyl7/learning-spring-boot-unit-testing-with-JUnit-Mockito-MockMvc,flag:name:learning,java; junit; mock-mvc; mockito; spring; spring-boot; unit-testing,"Learning Spring Boot Unit Testing with JUnit, Mockito and MockMvc"
894935321,jraporta/Virtual-Pet,https://github.com/jraporta/Virtual-Pet,flag:description:bootcamp,ddd; hexagonal-architecture; mongodb; postgresql; restful-api; spring-boot; webflux,"Backend of Virtual Pets, a full-stack project from the IT Academy bootcamp. It handles user authentication, database management, and API endpoints for managing virtual pets."
895615092,franpersanchez/small-bank-example,https://github.com/franpersanchez/small-bank-example,flag:name:example,ddd-architecture; hexagonal-architecture; java; spring-boot,hexagonal architecture java application
899798569,ProgrammerSteve/JavaSpringBootManyToManyExample,https://github.com/ProgrammerSteve/JavaSpringBootManyToManyExample,flag:name:example,java; postgresql; spring-boot; spring-data; spring-security,"Spring boot application with a Many-To-Many Example, join table has its own columns. Uses PostgreSQL as a database."
900461757,YashSahsani/Learning-SpringBoot,https://github.com/YashSahsani/Learning-SpringBoot,flag:name:learning,github-actions; java; java-23; kubernetes; lombok-maven; maven; sonarqube; spring; spring-boot; synk,
897971897,SiddhantStark/Alice-and-her-Bakery,https://github.com/SiddhantStark/Alice-and-her-Bakery,flag:description:how to,spring; spring-boot,Practicing how to create Beans and add Dependency Injection
896029344,camunda-academy/c8-develop-workers-spring-lab,https://github.com/camunda-academy/c8-develop-workers-spring-lab,flag:description:course,camunda-8; development; fetch-data; job; output; spring; spring-boot; timeout; worker,"Lab project for the Camunda 8 - Develop Workers (Spring) course | Job worker configurations: timeout, fetchVariables, and output variables"
899478470,HuzaifaBanegar/paymentService,https://github.com/HuzaifaBanegar/paymentService,flag:description:how to,java; maven; payment-gateway; spring-boot; webhooks,This is to learn payment gateways and how to do payment transaction with payment gateways
890006135,SafwatTj/spring-boot-rest-api-example,https://github.com/SafwatTj/spring-boot-rest-api-example,flag:name:example,fullstack; java; rest-api; spring-boot,
901796103,extrawest/movies-ai-search-demo,https://github.com/extrawest/movies-ai-search-demo,flag:name:demo,ai; graph; java21; langchain4j; maven; neo4j; rag; spring; spring-boot; togetherai; vaadin-framework,"LangChain4j Neo4j Graph RAG - Movies Search Demo. An AI-powered movie database application built with Java 21, Spring Boot 3.3.3, and Neo4j. The app uses LangChain4j to enable natural language queries, providing personalized recommendations, interactive graph visualizations, and dynamic data exploration."
908500715,lucasdengcn/spring-web3-demo,https://github.com/lucasdengcn/spring-web3-demo,flag:name:demo,ethers; spring-boot; web3j,demo spring boot application on Web3
901204744,tasszz2k/spring-statemachine-demo,https://github.com/tasszz2k/spring-statemachine-demo,flag:name:demo,java; spring-boot; spring-statemachine,Developing a simple approval workflow using Spring StateMachine
903590382,IKauedev/batch-process-async,https://github.com/IKauedev/batch-process-async,flag:description:how to,batch; java; spring-boot,"This project aims to demonstrate how to optimize Spring Batch jobs using asynchronous processing, achieving significant performance gains. The reduction in work execution time was up to 88%, going from  2m30s301ms to 18s238ms."
904259273,Peppe-elefante/PollAI,https://github.com/Peppe-elefante/PollAI,flag:description:course,css; eggs; html; java; jpa-hibernate; mysql; poultry; responsive; spring-boot; thymeleaf; webapp,"A Java Spring Boot-based web application designed to assist poultry farmers in managing and optimizing their operations. This project was developed as part of the ""Ingegneria del Software"" course at the University of Salerno."
905364029,ELMOUADDIBE/simple_demo_springBatch,https://github.com/ELMOUADDIBE/simple_demo_springBatch,flag:name:demo,hsqldb; java; spring-boot; springbatch,Démonstration simple de Spring Batch avec Spring Boot utilisant HSQLDB comme base de données en mémoire.
907011162,eMahtab/spring-boot-3-microservices-demo,https://github.com/eMahtab/spring-boot-3-microservices-demo,flag:name:demo,api-gateway; distributed-tracing; microservices; service-registry; spring-boot; zipkin,Microservices demo with Spring Boot 3.4.1 and Spring Framework 6.x 
903852214,altafjava/spring-aop-learning,https://github.com/altafjava/spring-aop-learning,flag:name:learning; flag:description:tutorial,aop; aop-aspectj; aop-framework; aspect-oriented-programming; aspectj; spring; spring-aop; spring-aop-annotation; spring-boot,Learning materials and examples for Spring AOP (Aspect-Oriented Programming) in Java. It includes various code samples and tutorials to help understand and implement AOP concepts in Spring.
904778647,kenmarcos/courses-api-rs,https://github.com/kenmarcos/courses-api-rs,flag:name:course,java; spring-boot,🧑‍💻 API fictícia para empresa de cursos de programação. Desafio 02 da formação Java da Rocketseat.
909512202,leonardoraupp/demo-spring,https://github.com/leonardoraupp/demo-spring,flag:name:demo,java; jpa-hibernate; maven; postgresql; spring-boot; spring-mvc; study,A Spring Boot project with an RESTful API. The project is following MCV(Model View Controller) architecture. The project is based on a user entity(customer)  and orders with products and items.
908985595,tutorial-java/How-to-Connect-Apache-Kafka-with-Spring-Boot,https://github.com/tutorial-java/How-to-Connect-Apache-Kafka-with-Spring-Boot,flag:description:how to,apache-kafka; connect; kafka; spring; spring-boot; springboot,How to Connect Apache Kafka with Spring Boot
909927715,yuizho/springboot-otel-demo,https://github.com/yuizho/springboot-otel-demo,flag:name:demo,opentelemetry; otel; spring-boot; springboot,opentelemetry-spring-boot-starter demo
905184727,amarjahiji/simpleBanking,https://github.com/amarjahiji/simpleBanking,flag:description:course,banking-applications; hibernate; java; mvc; mysql; restful-api; spring; spring-boot,"simpleBanking is a university project for my Java course and my first Spring Boot project. It provides a backend system for managing customers, accounts, cards, and transactions with secure authentication and RESTful APIs, utilizing technologies like Spring Security, Spring Data JPA, Hibernate, MySQL, and Bcrypt."
909541554,xanderbilla/Spring-Boot-Demo,https://github.com/xanderbilla/Spring-Boot-Demo,flag:name:demo,caching; docker; kafka; mongodb; redis; sonarqube; spring-boot; spring-security,Practicing Spring Boot concepts by building a simple journal application
909424071,farzan6118/jpa-specifications-sample-project,https://github.com/farzan6118/jpa-specifications-sample-project,flag:name:sample,java; jpa; postgresql; specification; spring-boot,
903696067,Nada-ibrahim12/SWE-LMS-PROJECT,https://github.com/Nada-ibrahim12/SWE-LMS-PROJECT,flag:description:course,java; jwt-authentication; otp; rbac; rest-api; spring-boot; spring-mvc; spring-security,"Learning Management System (LMS) Backend API built with Spring Boot, designed to facilitate online education workflows. The system supports three user roles (Admin, Instructor, Student) with features like course management, assignment submission, attendance tracking, quizzes, and notifications. The API adheres"
909356547,tutorial-java/How-to-Use-Apache-Kafka-with-Spring-Boot,https://github.com/tutorial-java/How-to-Use-Apache-Kafka-with-Spring-Boot,flag:description:how to,apache-kafka; kafka; spring; spring-boot; springboot; use,How to Use Apache Kafka with Spring Boot
902340513,sappChak/library-management-system,https://github.com/sappChak/library-management-system,flag:description:course,docker; spring-boot; sqlite; vuejs,Final Software Development Project – ICT University Course
908143448,Learnathon-By-Geeky-Solutions/binarybrain,https://github.com/Learnathon-By-Geeky-Solutions/binarybrain,flag:description:course,azure; backned; cicd; docker; java; mysql; spring-boot,"Welcome to BinaryBrain 🚀, a powerful Spring Boot-based microservices platform designed to streamline online classroom and course management for teachers and students. This application offers robust tools for task assignments, submissions, peer reviews, course material sharing, and detailed reporting."
902907089,maettuu/21FS-Software-Engineering-Lab-SERVER,https://github.com/maettuu/21FS-Software-Engineering-Lab-SERVER,flag:description:course,backend; game-development; gradle; java; jsonwebtokens; junit; mock; rest-api; software-testing; sonarqube; spring-boot,SERVER Repository for the course Software Engineerng Lab Spring 2021 
905467308,herikerbeth/handling-form-submission,https://github.com/herikerbeth/handling-form-submission,flag:description:how to,java; junit; maven; spring-boot; spring-mvc; spring-web; test-driven-development; thymeleaf,This project demonstrates how to use Spring Framework to create and handle web form submissions.
906331634,vramakrishnaparjanya/Spring_AI,https://github.com/vramakrishnaparjanya/Spring_AI,flag:description:how to,gen-ai; llm; reactjs; spring-ai; spring-ai-ollama; spring-ai-openai; spring-boot; stability-ai,"Spring AI — Ollama & Stability AI - This repository demonstrates how to build AI-powered backend systems seamlessly integrated with REST APIs, making it easy to develop, test, and deploy AI solutions in real-world scenarios."
909665390,Thitikorn-Nupan/spring-boot-webflux-crud-reactive-mongodb-and-testing-with-webflux-client,https://github.com/Thitikorn-Nupan/spring-boot-webflux-crud-reactive-mongodb-and-testing-with-webflux-client,flag:description:how to,logback; lombok; reactive-mongo; spring-boot; spring-webflux; webtestclient,"this project makes me understand more about spring webflux , how to use it with database as mongodb. (no sql) i still understand the concept of it (non-blocking I/O) but when i try to use it insteads spring mvc i think it's quite same. but whatever i know the way to build api and know some configs mongodb that's perfect this time!"
909582219,deepakmali-09/spring-security-p02-role-base-auth,https://github.com/deepakmali-09/spring-security-p02-role-base-auth,flag:description:how to,java; restful-api; role-based-access-control; spring-boot; spring-security,This project is a simple implementation of Role-Based Authentication using Spring Security. It demonstrates how to secure endpoints based on user roles and implement user authentication and authorization effectively.
906147622,evelyn-kk/event-driven-order-platform-demo,https://github.com/evelyn-kk/event-driven-order-platform-demo,flag:name:demo,distributed-systems; event-driven; java; kafka; microservices; outbox-pattern; saga; spring-boot,"Event-driven e-commerce order fulfillment on Kafka: choreographed saga, transactional outbox, effectively-once consumption, and dead-letter recovery. Java 17 / Spring Boot 3."
902332456,bushraAliArishi/spring-boot-jpa-relations-ii,https://github.com/bushraAliArishi/spring-boot-jpa-relations-ii,flag:description:course,java; jpa-relationships; learning-project; mysql; rest-api; school; spring-boot; spring-data-jpa,"Spring Boot exercise on JPA relations, managing Address, Course and Teacher"
903482356,hendisantika/spring-boot-elasticsearch-sample1,https://github.com/hendisantika/spring-boot-elasticsearch-sample1,flag:name:sample,elasticsearch; integration-tests; spring-boot; testcontainers,Spring Boot Elasticsearch Sample1
905221547,surendraura/classroom,https://github.com/surendraura/classroom,flag:description:course,spring-boot,"ClassRoom is an online learning platform that provides students with access to video classes. The application allows users to log in, browse courses, and watch educational videos."
909375629,deepakmali-09/spring-security-p01,https://github.com/deepakmali-09/spring-security-p01,flag:description:how to,authentication; authorization; java; maven; postman; restful-api; spring-boot; spring-security; web,"This project demonstrates the implementation of basic authentication and authorization using Spring Security. It showcases how to secure RESTful APIs, configure access permissions, and use authentication mechanisms like form login and HTTP Basic authentication."
907808372,coder5omkar/Microservices,https://github.com/coder5omkar/Microservices,flag:description:course,java; microservice; postman; spring-boot,"This repo contains accounts,cards,loans microservice created as part of madan redys Microservices course"
907138166,arnomaris/cinema-booling-platform,https://github.com/arnomaris/cinema-booling-platform,flag:description:course,google-cloud; spring-boot,Cinema booking platform University assignment for course Distributed systems
903817416,bushraAliArishi/spring-boot-jpa-relations-iii,https://github.com/bushraAliArishi/spring-boot-jpa-relations-iii,flag:description:course,java; jpa-relationships; learning-project; mysql; rest-api; school; spring-boot; spring-data-jpa,"Spring Boot exercise on JPA relations, managing Address, Course, Student and Teacher"
909475985,thetnaisoe/CashCard_API,https://github.com/thetnaisoe/CashCard_API,flag:description:course,junit; spring-boot; spring-security; test-driven-development-with-java,"CashCard Project from the course ""Building a REST API with Spring Boot"" at Spring Academy"
916178188,VSat08/Java-SpringBoot-REST-Microservices-Learning,https://github.com/VSat08/Java-SpringBoot-REST-Microservices-Learning,flag:name:learning,authentication; authorization; dao-design-pattern; devops; hateoas; hibernate; java; jdbc; jpa; microservices; mvc-framework; rest-api; spring-boot; spring-data-jpa; spring-microservices; spring-mvc; spring-security; spring-service; sql; thymeleaf,"🚀 Java & Spring Boot Learning Warehouse. Welcome! This repository is your go-to resource for mastering Java and Spring Boot, from basics to advanced concepts. Find structured paths, practical examples, and best practices to enhance your skills. Join us to become a proficient Java developer!"
914020306,bivektor/bivektor-product-samples,https://github.com/bivektor/bivektor-product-samples,flag:name:sample; flag:name:samples,enterprise-software; java; java-security; oauth2; openid-connect; pkce-authentication; pkce-flow; proxy-server; spring; spring-boot; spring-oauth2-client; spring-oauth2-security; spring-oauth2-server; spring-security; spring-security-oauth2,Example Java projects using Bivektor tools
916757610,crunchypotata/Java-Developer-Coursera,https://github.com/crunchypotata/Java-Developer-Coursera,flag:name:course,acid; algorithms; aws; database; error-handling; java; jdbc; junit; mvc-architecture; mysql; oop-principles; spring; spring-boot; sql; streams; tdd-java,Amazon Junior Software Developer Professional Certificate
911461896,Ritik-Datey/OnlineLearningSystem,https://github.com/Ritik-Datey/OnlineLearningSystem,flag:name:learning; flag:description:course,hibernate-jpa; java; mysql-database; spring-boot,"""A backend solution for an online learning platform, built with Hibernate, Spring Framework, and Java. It features course management, student enrollment, role-based access control, and progress tracking, with optimizations like pagination and caching to enhance performance and scalability."""
917494620,YunHwa0905/demo-deploy,https://github.com/YunHwa0905/demo-deploy,flag:name:demo,aws; ci-cd; deployment; dev; ec2; github-ac; gradle; java; spring-boot,[2025 SK Shieldus Rookies CI/CD Deploy] GitHub Actions · Gradle 빌드 → AWS EC2 자동 배포 실습
913855344,Gulici/BDGrzyby,https://github.com/Gulici/BDGrzyby,flag:description:course,database; java; mysql; spring-boot; thymeleaf,Semester project from the Database 2 course in the Technical Computer Science program at Wrocław University of Science and Technology.
911835619,Filipe-Samuel-p/Spring-Boot-challenges,https://github.com/Filipe-Samuel-p/Spring-Boot-challenges,flag:description:bootcamp,java; jwt-authentication; jwt-token; mongodb; postgresql; spring-boot; spring-security,This repository is used to store all the challenges of the Java Spring Bootcamp.
916576946,Seniyax/Ticket-simulation,https://github.com/Seniyax/Ticket-simulation,flag:description:course,java; multithreading; reactjs; spring-boot; typescript,OOP coursework
913263453,q1xuanx/microservice-sample,https://github.com/q1xuanx/microservice-sample,flag:name:sample,java; microservices; spring-boot; spring-cloud,Sample implement microservices architecture
912444577,anitalakhadze/spring-cloud-openfeign-demo,https://github.com/anitalakhadze/spring-cloud-openfeign-demo,flag:name:demo,openfeign; spring-boot,Spring Boot application demonstrating the usage of Spring Cloud OpenFeign in practice.
920902768,SharkDario/RP---Sprint-1---order-service,https://github.com/SharkDario/RP---Sprint-1---order-service,flag:description:bootcamp,java; microservice; spring-boot; spring-data-jpa; spring-test,MindHub Bootcamp Java - RP - Sprint 1 - 2 - 3 - 4 - 5 - order-service
920814393,miracciftci/SpringBoot-MongoDb-Demo,https://github.com/miracciftci/SpringBoot-MongoDb-Demo,flag:name:demo,docker; java; mongodb; spring-boot,
920654746,q1xuanx/kafka-demo,https://github.com/q1xuanx/kafka-demo,flag:name:demo,java; kafka; spring-boot,
918355623,Maxim2710/redis-integration-demo,https://github.com/Maxim2710/redis-integration-demo,flag:name:demo,data-jpa; lombok; postgresql; redis; spring-boot,"Demo project showcasing Redis integration with PostgreSQL using Spring Boot. It includes caching, session management, TTL handling, and Redis Pub/Sub features."
921359582,miracciftci/Elasticsearch-Demo,https://github.com/miracciftci/Elasticsearch-Demo,flag:name:demo,docker; docker-compose; elasticsearch; java; lombok; spring-boot,
918377564,Amir-HShahi/photos-clone,https://github.com/Amir-HShahi/photos-clone,flag:description:course,rest-api; spring-boot,My first spring boot API based on Marco Codes crash course
917378210,herikerbeth/scheduling-tasks,https://github.com/herikerbeth/scheduling-tasks,flag:description:how to,integration-testing; java; junit; maven; mockito-junit; spring-boot,This is a Spring Boot application designed to schedule and execute tasks periodically. The application demonstrates how to use the Spring Framework’s @Scheduled annotation to create scheduled tasks that run automatically at regular intervals.
915551859,rrooddooxx/api-adopcion-codigofacilito,https://github.com/rrooddooxx/api-adopcion-codigofacilito,flag:description:bootcamp,backend-api; java; spring-boot,API REST desarrollada con Spring Boot para gestionar adopciones de mascotas. Bootcamp de Spring Boot @ CódigoFacilito.
916842906,drikonmyar/KafkaDemo,https://github.com/drikonmyar/KafkaDemo,flag:name:demo,backend; java; rest-api; spring-boot,Kafka: Produced message and consumed
915800524,drikonmyar/FeignClientDemo,https://github.com/drikonmyar/FeignClientDemo,flag:name:demo,backend; java; microservices; rest-api; spring-boot,Fetching API from source-msvc to target-msvc
914070562,leonardoraupp/demo-mongodb-springboot,https://github.com/leonardoraupp/demo-mongodb-springboot,flag:name:demo,java; spring-boot; study,Demo Spring Boot integrated with MongoDB.
912538292,iDesoftSystems/spring-examples,https://github.com/iDesoftSystems/spring-examples,flag:name:example; flag:name:examples,java; spring-boot,Spring Boot Academy examples
920902638,SharkDario/RP---Sprint-1---product-service,https://github.com/SharkDario/RP---Sprint-1---product-service,flag:description:bootcamp,java; microservice; spring-boot; spring-data-jpa; spring-test,MindHub Bootcamp Java - RP - Sprint 1 - 2 - 3 - 4 - 5 - product-service
912689329,CAPELLAX02/elasticsearch-demo,https://github.com/CAPELLAX02/elasticsearch-demo,flag:name:demo,docker; docker-compose; elasticsearch; spring-boot,Demonstration project for integrating Elasticsearch with Spring Boot using Spring Data Elasticsearch.
920902388,SharkDario/RP---Sprint-1---user-service,https://github.com/SharkDario/RP---Sprint-1---user-service,flag:description:bootcamp,java; microservice; spring-boot; spring-data-jpa; spring-test,MindHub Bootcamp Java - RP - Sprint 1 - 2 - 3 - 4 - 5 - user-service
910971289,EnduranceCode/spring-playground,https://github.com/EnduranceCode/spring-playground,flag:description:tutorial; flag:description:course,java; spring; spring-boot,A collection of code and exercises created while studying the Spring Framework through various courses and tutorials
918874619,Thitikorn-Nupan/spring-boot-and-java-servlet-page-crud-array-list,https://github.com/Thitikorn-Nupan/spring-boot-and-java-servlet-page-crud-array-list,flag:description:how to,javax-servlet; jsp-page; logback; spring-boot; spring-web-mvc,"a project make me clear about jsp i know the way to config web mvc for .jsp files and leaning .jsp files with java code. Ex, fetching data then show it on .jsp file and learn how to use @WebServlet instead @Controller , also know default .jsp folder where i should create ,do basic filter for validate user, know way to import .jsp as component. Cool"
917714530,Maxim2710/custom-annotations-demo,https://github.com/Maxim2710/custom-annotations-demo,flag:name:demo; flag:description:how to,aop; spring-boot,"This repo demonstrates creating and testing custom annotations in a Java Spring Boot app. It includes six custom annotations for validation, logging, and other behaviors, showcasing how to enhance code with reusable and modular functionality."
927983884,MateuszNaKodach/HeroesOfDomainDrivenDesign.EventSourcing.Java.Axon.Spring,https://github.com/MateuszNaKodach/HeroesOfDomainDrivenDesign.EventSourcing.Java.Axon.Spring,flag:description:how to,axon; axonframework; axonframework4; ddd; dddheroes; domain-driven-design; event-sourcing; eventmodeling; eventsourcing; eventstorming; java; spring; spring-boot,"Shows how to use Domain-Driven Design, Event Storming, Event Modeling and Event Sourcing in Heroes of Might & Magic III domain."
927857856,k8s-spring-ai-workshop/talent-arena,https://github.com/k8s-spring-ai-workshop/talent-arena,flag:description:workshop,java; spring; spring-ai; spring-ai-ollama; spring-ai-openai; spring-boot,Workshop for Talent Arena 2025
932106979,asm0dey/pf4j-demo,https://github.com/asm0dey/pf4j-demo,flag:name:demo,demo; gradle; gradle-kotlin-dsl; java; pf4j; pf4j-spring; pf4j-spring-boot; spring; spring-boot,Demo project of Spring boot application with PF4J 
931200406,arvindand/spring-ai-rag-demo,https://github.com/arvindand/spring-ai-rag-demo,flag:name:demo,java; llm; openai; pgvector; rag; spring-ai; spring-boot; vector-database,"Spring AI RAG demo with PGVector, conversation memory, tool calling, and Open WebUI integration"
926217666,neziw/Spring-LoginDemo,https://github.com/neziw/Spring-LoginDemo,flag:name:demo,gradle; gradle-wrapper; jakarta-persistence; java; jpa; spring; spring-boot; spring-boot-web; spring-demo; spring-jpa; spring-login; spring-login-page; spring-sessions; storage; tailwind; tailwind-css; thymeleaf," A demo project showcasing a Spring Boot login system with Thymeleaf, MySQL, and Docker Compose for easy setup and deployment."
925452468,KHAOUITI-Apps/CDN,https://github.com/KHAOUITI-Apps/CDN,flag:description:tutorial,security; spring-boot; streaming; urls; youtube; youtube-api,"A tutorial-based project that walks you through the process of building a YouTube-like video streaming system using Spring Boot, securing video access with signed URLs. This project will help you implement video content delivery with token-based authentication, which ensures secure and time-limited access to video streams."
930250159,Shahriar-0/Internet-Engineering-Course-Projects-S2025,https://github.com/Shahriar-0/Internet-Engineering-Course-Projects-S2025,flag:name:course,bootstrap; docker; docker-compose; google-oauth2; hibernate-orm; java-backend; junit; jwt; kubernetes-deployment; mvc; postman; react; react-router; responsive-design; spring-boot,MioBook is a website for reading and buying e-books
932835296,lzugaj/order-inventory-rabbit-mq-example,https://github.com/lzugaj/order-inventory-rabbit-mq-example,flag:name:example,docker; java; maven; postgresql; rabbitmq; spring-boot; testcontainers,Order Processing System with RabbitMQ
931536064,LePeanutButter/elysium-back,https://github.com/LePeanutButter/elysium-back,flag:description:course,astah; azure-devops-services; cicd; docker; java; junit; jwt; maven; microsoft-azure; model-view-controller; mongodb; mvc; scrum; sdlc; software-development-life-cycle; sonarqube; spring-boot; spring-security; swagger,"Backend project for the Elysium reservation system, developed as part of the Software Development Life Cycles (CVDS) course at the Escuela Colombiana de Ingeniería. Implements a REST API for lab management using Spring Boot, MongoDB, security, CI/CD, and Swagger."
931527375,drikonmyar/GraphQLDemo,https://github.com/drikonmyar/GraphQLDemo,flag:name:demo,backend; java; microservices; rest-api; spring-boot,GraphQL with Spring
930911702,Pronoy-Anirudhya/spring-flowable-event-driven-saga-example,https://github.com/Pronoy-Anirudhya/spring-flowable-event-driven-saga-example,flag:name:example,flowable-examples; kafka; maven; saga-pattern; spring-boot; workflow-engine,Spring Boot SAGA Orchestration with Kafka & Flowable. This project demonstrates a SAGA Orchestration application using Spring Boot and Flowable as the orchestration engine.
924106306,Mohamad-shosha/Spring-Aws-K8s-Edu,https://github.com/Mohamad-shosha/Spring-Aws-K8s-Edu,flag:description:course,aws; css; design-patterns; docker; docker-compose; ec2; elasticbeanstalk; hibernate; html; java; jpa; liquibase; parameter-store; profilesmanager; rds; spring; spring-boot; spring-mvc; spring-security; vpc-security,"SpringAWSEdu is a Spring Boot application that integrates Spring MVC with JPA and Hibernate, hosted on AWS using Docker and Liquibase for database management. It allows CRUD operations on Instructor, Address, and Course entities while ensuring security and scalability with AWS services."
923839008,buzzcosm/udemy-course-1422480-springboot-microservices,https://github.com/buzzcosm/udemy-course-1422480-springboot-microservices,flag:name:course,error-handling; java; maven; spring-boot; validation,Spring Boot Microservices Demo
926168094,DiogoSabec/CadastroDeNinjas,https://github.com/DiogoSabec/CadastroDeNinjas,flag:description:course,api; backend; java; spring-boot; springboot,Public because I need to share the code to the others on the course Java 10X and get their feedback.
930006942,iakshatkumar/springboot-microservices-learning,https://github.com/iakshatkumar/springboot-microservices-learning,flag:name:learning,eureka; eureka-discovery-service; microservices; spring-boot; zipkin,Learning Spring Boot Microservice Architecture
931211840,Joao-Lucas-de-Oliveira-Lima/spring-data-jdbc-example,https://github.com/Joao-Lucas-de-Oliveira-Lima/spring-data-jdbc-example,flag:name:example,java; postgresql; spring-boot; spring-data-jdbc,Spring Data JDBC example with PostgreSQL and OpenFeign Cloud.
924654475,nogueiraDani/Learning_JUnit-Testing-com-Spring-Boot-3_TDD_Junit5_Mockito--Udemy,https://github.com/nogueiraDani/Learning_JUnit-Testing-com-Spring-Boot-3_TDD_Junit5_Mockito--Udemy,flag:name:learning,java; junit5; learning; learning-java; spring-boot,"Repositório dos meus estudos sobre testes unitários e de integração em Java com Spring Boot 3, JUnit 5, Mockito e TestContainers, TDD, mock de dependências e testes automatizados com banco de dados. Aborda desde testes básicos até técnicas avançadas para aplicações reais."
930050231,edgar-code-repository/spring-boot-upload-demo,https://github.com/edgar-code-repository/spring-boot-upload-demo,flag:name:demo,backend; java17; spring-boot,A JSON file is received and processed in a Rest API.
922824328,shin6949/spring-restdocs-sample,https://github.com/shin6949/spring-restdocs-sample,flag:name:sample,gradle; h2-database; java-17; openapi3; spring-boot; spring-data-jpa; spring-rest-docs; swagger-ui,Spring Restdocs Sample
927425754,Aniket205kadam/demo-api,https://github.com/Aniket205kadam/demo-api,flag:name:demo,docker; spring-boot; spring-security,"Streamify is a social media web app where users can upload, share, and engage with short videos (Reels) and traditional posts"
932244643,rob-bl8ke/spring-basic-auth,https://github.com/rob-bl8ke/spring-basic-auth,flag:description:course,authentication; docker-compose; mysql; spring-boot; unit-testing,"Explore Java Spring Boot. Implement basic authentication. Good for testing purposes and local docker implementations, perhaps! This is code written following a Udemy course."
932487963,celerbuild/celerbuild-example-java,https://github.com/celerbuild/celerbuild-example-java,flag:name:example,celerbuild; java; spring-boot,A simple Java application deployment example using SpringBoot framework and CelerBuild.
926487053,chrisp1985/PactDemo,https://github.com/chrisp1985/PactDemo,flag:name:demo; flag:description:how to,consumer-driven-contracts; docker-compose; pact; spring-boot; spring-mvc,An example Spring Boot project showing how to use Pact between 2 services.
930297979,daniel-frak/contract-testing-sample,https://github.com/daniel-frak/contract-testing-sample,flag:name:sample,contract-testing; spring-boot; spring-cloud-contract; testing,A sample project demonstrating contract testing between two Spring Boot applications using Spring Cloud Contract. The project showcases both HTTP and message-based (SQS) contract testing.
922541269,alievaleila/spring-boot-demo-app-1,https://github.com/alievaleila/spring-boot-demo-app-1,flag:name:demo; flag:description:how to,modelmapper; spring-boot; spring-framework,This is a foundational Spring Boot application created to demonstrate a clear understanding of the Layered Architecture. It serves as a boilerplate project showcasing how to organize a backend application using industry-standard package structures.
930243443,0xthomasit/book-loan-microservices,https://github.com/0xthomasit/book-loan-microservices,flag:description:how to,cqrs; ddd; docker; event-sourcing; github-actions; java; kafka; keycloak; kong-gateway; kubernetes; microservices; redis; spring-boot,A demo project of book-loan service illustrating a modern Java-based Micro-services backend. It shows how to build an application using Java and Spring Boot with contemporary practices.
930921763,DukiDuki2000/My_Car_Specialist,https://github.com/DukiDuki2000/My_Car_Specialist,flag:description:workshop,docker; nodejs; postgresql; react; spring-boot,This is a project for a system that facilitates communication between customers and the car workshop regarding vehicle maintenance and repairs.
931832472,nyirurugoomar/springboot-e_learning-app,https://github.com/nyirurugoomar/springboot-e_learning-app,flag:name:learning,java; spring-boot,
921996208,hendisantika/spring-cloud-consul-sample,https://github.com/hendisantika/spring-cloud-consul-sample,flag:name:sample,consul; discovery-server; microservices; spring-boot,Spring Boot applications microservices demo using Consul discovery & config
932863030,danielbartl/wicket-forms-example,https://github.com/danielbartl/wicket-forms-example,flag:name:example,java; spring-boot; ssr; wicket,Spring Boot +Apache Wicket working with forms
930506857,alex-chabatar/flowable-bpm-examples,https://github.com/alex-chabatar/flowable-bpm-examples,flag:name:example; flag:name:examples,bdd; flowable; jgiven; spring-boot,
925781297,tushar-swarnkar/quizApp-demo,https://github.com/tushar-swarnkar/quizApp-demo,flag:name:demo,eureka-client; eureka-server; feign-client; java; maven; mysql; pom-xml; spring-boot; spring-data-jpa; spring-mvc,Demo micro-services project using Spring Boot
922376240,arturbomtempo-learning/todo-list,https://github.com/arturbomtempo-learning/todo-list,flag:description:course,bcrypt; data-jpa; h2-database; java; lombok; spring-boot,Project developed during Rocketseat’s Java and Spring Boot mini-course.
933219389,bs-public/spring-boot-virtual-threads-demo,https://github.com/bs-public/spring-boot-virtual-threads-demo,flag:name:demo,java; spring-boot; virtualthreads,Demo of a Spring Boot app using Virtual Threads
922594608,mansimm/Hibernate-And-JPA,https://github.com/mansimm/Hibernate-And-JPA,flag:description:how to,hibernate; java; jpa; spring-boot,This repository contains hands-on examples demonstrating the use of Hibernate and Java Persistence API (JPA) for object-relational mapping (ORM) in Java applications. It serves as a practical guide for understanding how to map Java objects to relational database tables and manage data persistence effectively.
922505151,lizhanmit/spring-boot-rest-api-example,https://github.com/lizhanmit/spring-boot-rest-api-example,flag:name:example,java; rest-api; spring-boot,An example of using Spring Boot to build REST API.
921628021,esQueues/elearning-ai-api,https://github.com/esQueues/elearning-ai-api,flag:name:learning,flyway; gemini-api; modular-monolith; rest-api; session-cookie; spring-boot; swagger-ui,
922601430,kkivilahti/bookstore,https://github.com/kkivilahti/bookstore,flag:description:course,java; spring-boot,Bookstore-exercise for Backend Programming course
924807491,souzafcharles/fullstack-spring-react-app,https://github.com/souzafcharles/fullstack-spring-react-app,flag:description:tutorial,intellij-idea; java; javaspring; javaspringboot; lombok; maven; postgresql; postman; react; reactjs; spring; spring-boot; springdata-jpa; springweb; typescript,⚛️ Project developed based on tutorials by Fernanda Kipper: Building a Full-Stack Application with Java Spring and React
922666881,drikonmyar/MongoDBDemo,https://github.com/drikonmyar/MongoDBDemo,flag:name:demo,backend; java; microservices; mongodb; rest-api; spring-boot,MongoDB CRUD Operations with Spring Boot
945688021,rahult18/springcommerce,https://github.com/rahult18/springcommerce,flag:description:how to,grafana; keycloak; kubernetes; loki; microservices; prometheus; spring-boot; spring-cloud; spring-gateway; spring-mvc; spring-security; tempo,"This repository contains code for a microservices-based e-commerce application developed using Spring Boot. This project demonstrates how to build, test, and deploy microservices using Spring Cloud and Docker."
942934234,maxisandoval37/demo-extentreports-spring-boot,https://github.com/maxisandoval37/demo-extentreports-spring-boot,flag:name:demo,ci-cd; extentreports; java; spring-boot; test,maxisandoval37.github.io/demo-extentreports-spring-boot
942942141,cellineb/dio-decola-tech-2025,https://github.com/cellineb/dio-decola-tech-2025,flag:description:bootcamp,angular; api; api-rest; css; html; java; spring; spring-boot; typescript,Projetos e desafios de código desenvolvidos no bootcamp Decola Tech 2025
945176548,JuanFelipeRestrepoBuitrago/HerzonTEIS,https://github.com/JuanFelipeRestrepoBuitrago/HerzonTEIS,flag:description:course,html; java; render; spring-boot,This project is the first and second deliverable for the Special Topics in Software Engineering course at EAFIT. This project is about Herzon a Jewelry shop which acquires its jewels in Colombia and sells them in Switzerland. This repository contains the code for Herzon's e-commerce platform.
943226796,chirag-rathod-dev/spring-boot-with-H2-DataBase,https://github.com/chirag-rathod-dev/spring-boot-with-H2-DataBase,flag:description:how to,exception-handling; h2-database; in-memory-database; jpa-hibernate; spring-boot,"🚀 Spring Boot with H2 Database – Lightweight & Fast Development! This repository demonstrates how to integrate H2 in-memory database with Spring Boot for quick prototyping, testing, and development. Includes setup, configurations, and example queries."
942420064,chirag-rathod-dev/Keycloak-Integration-with-Spring-Boot-3,https://github.com/chirag-rathod-dev/Keycloak-Integration-with-Spring-Boot-3,flag:description:how to,authentication; authorization; keycloak; oauth2-resource-server; spring-boot,"🚀 Secure your Spring Boot 3 application with Keycloak! This repository demonstrates how to integrate Keycloak for authentication and authorization in a Spring Boot 3 project. Includes setup, configurations, and examples for seamless security."
946268260,raulrobinson/solid-cqrs-clean-architecture,https://github.com/raulrobinson/solid-cqrs-clean-architecture,flag:description:how to,clean-architecture; crud-api; java; junit5; solid-principles; spring-boot,API RESTFul service for a simple example of how to implement a CQRS architecture with Spring Boot and H2 Database embedded.
944619242,jonathan-foucher/spring-boot-csv-api-example,https://github.com/jonathan-foucher/spring-boot-csv-api-example,flag:name:example,csv-export; csv-import; jackson-dataformat-csv; java; spring-boot,An example of HTTP API consuming and producing CSV files with spring-boot
934861926,lmlouis/spring_aop_demo,https://github.com/lmlouis/spring_aop_demo,flag:name:demo,aop-aspectj; java; spring-boot,Springboot AOP with @AspectJ Style
936143992,mehdizebhi/spring-boot-crypto-wallet-demo,https://github.com/mehdizebhi/spring-boot-crypto-wallet-demo,flag:name:demo,bitcoin; bitcoinj; java; spring-boot; web3,A simple cryptocurrency wallet implemented in Java. The goal is to fully support Bitcoin.
944752418,rahult18/spring-boot-microservices,https://github.com/rahult18/spring-boot-microservices,flag:description:how to,microservices-architecture; observability; spring-boot; spring-data-jpa; spring-security; telemetry,"This repository contains code for a microservices-based e-commerce application developed using Spring Boot. This project demonstrates how to build, test, and deploy microservices using Spring Cloud and Docker."
945138150,jonathan-foucher/spring-cloud-mvc-gateway-example,https://github.com/jonathan-foucher/spring-cloud-mvc-gateway-example,flag:name:example,java; rest-assured; spring-boot; spring-cloud-gateway; wiremock,An example of MVC gateway with spring-cloud
945519031,jonathan-foucher/spring-boot-http-example,https://github.com/jonathan-foucher/spring-boot-http-example,flag:name:example,http; java; spring-boot,Examples of HTTP interactions with spring-boot
943577809,souzafcharles/bookstore-api,https://github.com/souzafcharles/bookstore-api,flag:description:tutorial,dotenv; java; jpa-hibernate; jpa-persistence-applications; jpa-repository; maven; postgresql; spring; spring-boot; spring-web; validation,☕  Java Spring Data JPA project developed based on a tutorial by Michelli Brito - Decoder
943333737,mm-camelcase/task-api-demo,https://github.com/mm-camelcase/task-api-demo,flag:name:demo,api; backend; error-handling; graphql; java; open-api; rest-api; spring-boot; swagger; validation,"A fully featured Task Management API built with Spring Boot, supporting both REST and GraphQL."
943254010,farzan6118/spring-boot-kafka-examples,https://github.com/farzan6118/spring-boot-kafka-examples,flag:name:example; flag:name:examples,kafka; kafka-consumer; kafka-producer; spring-boot,spring boot kafka sample
946272080,jonathan-foucher/spring-boot-multithread-shared-mdc-example,https://github.com/jonathan-foucher/spring-boot-multithread-shared-mdc-example,flag:name:example,java; mdc; spring-boot; thread-pool,Example of shared MDC between executed sub threads with spring-boot
933762583,twinik/springboot-api-rest-example,https://github.com/twinik/springboot-api-rest-example,flag:name:example,api-rest; hibernate; java; mysql; spring-boot,API Rest example using Spring Boot
944956854,jonathan-foucher/spring-boot-redis-cache-example,https://github.com/jonathan-foucher/spring-boot-redis-cache-example,flag:name:example,java; redis-cache; spring-boot; valkey,An example of Redis cache with spring-boot
935987647,buzzcosm/ftp-client-integration-example,https://github.com/buzzcosm/ftp-client-integration-example,flag:name:example,ftp-client; java; lombok; spring-boot; unit-tests,Apache FTPClient Integration Example
944598260,souzafcharles/microservice-architecture-java-demo,https://github.com/souzafcharles/microservice-architecture-java-demo,flag:name:demo; flag:description:course,actuator; aop; dotenv; getway; java; load-balancer; lombok; maven; modelmapper; mongodb; mysql; netflix-eureka; openfeign; resilience4j; spring-boot; spring-cloud,"🏗 Course: Microservices with Spring Boot, Spring Cloud, and Netflix Eureka. Presented by Genilson Medeiros Martins | GM2 - Treinamentos e Consultoria."
946235604,ThomasRoyProjects/ExampleSpringbootWebstore,https://github.com/ThomasRoyProjects/ExampleSpringbootWebstore,flag:name:example; flag:name:examples,ci; docker; docker-compose; ecommerce; flyway; integration-tests; java; jpa; mysql; spring-boot; spring-security; thymeleaf,"Java 17/Spring Boot webstore with Flyway, Spring Security, session carts, server-authoritative checkout, Docker, CI, and contract tests."
944855028,zeinab-dashti/spring-boot-kafka-streams-monitoring-micrometerBased-demo,https://github.com/zeinab-dashti/spring-boot-kafka-streams-monitoring-micrometerBased-demo,flag:name:demo,docker-compose; grafana; kafka-streams; metrics; micrometer; prometheus; spring-actuator; spring-boot,"Monitor Kafka Streams apps using Micrometer, Prometheus, and Grafana"
942985053,JuanLopezAranzazu/springboot-api-docker-example,https://github.com/JuanLopezAranzazu/springboot-api-docker-example,flag:name:example,docker; docker-compose; java; mysql; spring-boot,Ejemplo de API REST con spring boot usando docker y docker compose
941107537,rob-bl8ke/spring-kafka-postgres-testing,https://github.com/rob-bl8ke/spring-kafka-postgres-testing,flag:description:how to,docker; docker-compose; java; kafka; maven; mockito; postgres; spring-boot,A prototype being developed to understand how to run integration tests for a Microservice involving Kafka and a Postgres database.
943470728,CleytonW/treina-recife,https://github.com/CleytonW/treina-recife,flag:description:course,full-stack; java; spring-boot,Repository created for learning and practical exercises from the full stack course
933683523,kerimdemir9/demo-auth-and-resource-server-with-redis,https://github.com/kerimdemir9/demo-auth-and-resource-server-with-redis,flag:name:demo,api; authentication; authori; java; jwt-authentication; oauth2-client; oauth2-server; spring-boot; websocket-server,It is a mock-up auth and resource server project with ADMIN and USER roles with redis integrated. WebSocket chatting is also added
936365958,souzafcharles/microservices-rabbitmq-demo,https://github.com/souzafcharles/microservices-rabbitmq-demo,flag:name:demo; flag:description:tutorial,cloudamqp; dotenv; java; maven; postgresql; rabbitmq; smtp-gmail; spring-boot; spring-data-jpa; spring-web; validation,☕ Practical microservices with Java Spring: implementing messaging with RabbitMQ. Project developed based on tutorials by Michelli Brito - Decoder
940290882,gyarsilalsolanki011/spring-boot-docker-demo,https://github.com/gyarsilalsolanki011/spring-boot-docker-demo,flag:name:demo,docker; mongodb; spring-boot,This is my first dockerized spring boot demo application with mongo database
940758747,willaevangelista/blog-pessoal_java,https://github.com/willaevangelista/blog-pessoal_java,flag:description:bootcamp,generation-brasil; insomnia; java; spring-boot; sql,"Repositório do Projeto Blog Pessoal, desenvolvido durante o Bootcamp Fullstack Java da Generation Brasil."
944355598,souvikb03/BootCamp_java,https://github.com/souvikb03/BootCamp_java,flag:description:bootcamp,eclipse-ide; java; mysql-database; netbeans; spring-boot; xampp-server," 💻 Java-bootcamp is a hands-on repository for learning Java development, covering Core Java, OOPs, JSP/Spring web development, and JDBC/MySQL database integration. It’s ideal for beginners and aspiring full-stack developers, offering practical, real-world examples in both desktop and web environments. "
944854456,zeinab-dashti/spring-boot-kafka-streams-monitoring-jmxBased-demo,https://github.com/zeinab-dashti/spring-boot-kafka-streams-monitoring-jmxBased-demo,flag:name:demo,docker-compose; grafana; jmx; jmx-exporter; kafka-streams; metrics; prometheus; spring-actuator; spring-boot,"Monitor Kafka Streams apps via JMX with Spring Boot, Prometheus & Grafana"
937284887,HamzaElzarw-2022/spring-security-rest-jwt-sample,https://github.com/HamzaElzarw-2022/spring-security-rest-jwt-sample,flag:name:sample,auth; authentication; boilerplate; demo; java; jwt; jwt-token; restful-api; sample-code; spring-boot; spring-security; starter-project,sample basic implementation for spring security with jwt
944626245,willaevangelista/smart-rh_java,https://github.com/willaevangelista/smart-rh_java,flag:description:bootcamp,generation-brasil; insomnia; java; spring-boot; sql,"Repositório do Projeto SmartRH, desenvolvido durante o Bootcamp Full Stack da Generation Brasil."
938332503,souzafcharles/parking-control-api,https://github.com/souzafcharles/parking-control-api,flag:description:tutorial,api-rest; api-restful; dotenv; java; maven; postgresql; spring-boot; spring-data-jpa; spring-hateoas; spring-web; validation,☕ Java Spring Boot project developed based on a tutorial by Michelli Brito: Decoder
941672213,jonathan-foucher/spring-boot-rabbit-mq-example,https://github.com/jonathan-foucher/spring-boot-rabbit-mq-example,flag:name:example,java; rabbitmq; rabbitmq-consumer; rabbitmq-producer; spring-boot,An example of RabbitMQ producer and consumer with spring-boot
940713653,marcops/camunda-7-restapi-and-queue-demo,https://github.com/marcops/camunda-7-restapi-and-queue-demo,flag:name:demo,bpmn; camunda; cucumber; java; postgresql; rabbitmq; spring-boot; workflow,"Spring Boot + Camunda 7 demo of a REST-driven order fulfillment workflow, integrated with RabbitMQ, PostgreSQL, and Cucumber BDD tests."
944625413,SwenZ77/SpringBoot-Microservices-Learning,https://github.com/SwenZ77/SpringBoot-Microservices-Learning,flag:name:learning,api; java; microservices; restful-api; spring-boot,A basic spring-boot based microservices repo
942053110,rudney5000/spring-reactive-demo,https://github.com/rudney5000/spring-reactive-demo,flag:name:demo,docker-compose; liquibase; postgresql; r2dbc; reactive-programming; spring-boot; webflux,
933820850,edgar-code-repository/cities-api-demo,https://github.com/edgar-code-repository/cities-api-demo,flag:name:demo,rest-api; spock-framework; spring-boot,Rest API that exposes data about cities of the world.
936252836,vbmelo/NinjaRegistry,https://github.com/vbmelo/NinjaRegistry,flag:description:course,api; backend; java; spring-boot,"An API for registering Ninjas, using modern Spring Boot - For the Java10x Course"
942608361,juleje/RealityLens,https://github.com/juleje/RealityLens,flag:description:course,a-frame; augmented-reality; java; spring-boot; thymeleaf,RealityLens is a mobile web application that enhances real-world exploration through Augmented Reality (AR). Developed as part of The Lab course at KdG.
936022242,Macorfilho/aula-java,https://github.com/Macorfilho/aula-java,flag:description:course,education; java; maven; spring-boot; study,"Study project for a FIAP Java course: a minimal Spring Boot app with a greeting endpoint and a sum calculation endpoint. Java 17, Spring Boot, Maven."
945519067,jonathan-foucher/spring-boot-database-example,https://github.com/jonathan-foucher/spring-boot-database-example,flag:name:example,flyway; hibernate; java; jpa-hibernate; postgresql; spring-boot,Examples of database interactions with spring-boot
934135000,jenilsoni04/Studentcourseregistrationsystem,https://github.com/jenilsoni04/Studentcourseregistrationsystem,flag:name:course; flag:description:course,java; jwt-authentication; postgres; spring-boot,"Student Course Registration System** is a The Student Course Registration System is a software application designed to manage student enrollments, course offerings, and registration processes, allowing students to register for courses, view schedules, and manage their academic information efficiently"
950209080,thorlauridsen/spring-boot-java-sample,https://github.com/thorlauridsen/spring-boot-java-sample,flag:name:sample,docker-compose; gradle; h2-database; jackson; java; liquibase; rest; rest-api; restful-api; spring; spring-boot; springboot; springdoc; swagger,Spring Boot Java multi-project Gradle build sample using Spring Data JPA 
958421270,LearningCrew-LinkUp/be15-2nd-LearningCrew-LinkUp,https://github.com/LearningCrew-LinkUp/be15-2nd-LearningCrew-LinkUp,flag:name:learning,java; mariadb; spring; spring-boot; spring-security,🦁  곽진웅  |  🐱  김여진  |  🐘  박성용  |  🐺 박준서  |  🐻 장건희  |  🦉  최지혜
957288120,dominuuus/bankTransictionAPI,https://github.com/dominuuus/bankTransictionAPI,flag:description:bootcamp,api-rest; java; postgresql; railway; spring-boot,"Este projeto foi desenvolvido como desafio de código do bootcamp Decola Tech 2025, com o objetivo de publicar uma API REST na nuvem utilizando Spring Boot 3, Java 17 e Railway. Trata-se de uma simulação de transferência bancária entre clientes de um banco."
956971971,TechmoNoway/spring-ai-audio-to-text,https://github.com/TechmoNoway/spring-ai-audio-to-text,flag:description:how to,ai; java17; maven; openai; react; restful-api; spring-boot; tailwindcss,This project demonstrates how to use Spring AI to interact with AI models for text-based tasks
946564130,cassxw/MyTutor,https://github.com/cassxw/MyTutor,flag:description:course,admin-dashboard; agile-development; education; full-stack-web-development; java; maven; mysql; oop; rest-api; scalable-architecture; software-development; software-engineering; spring-boot; tutor-management-system; university-management-system; vaadin; web-application,"🎓 MyTutor is a web-based platform that revolutionises University Tutor & TA management. Built with Java, Vaadin, and Spring Boot, it streamlines applications, scheduling, and administration with a secure, modular, and user-friendly design. Featuring role-based access, MyTutor enhances productivity for students, tutors, and course convenors alike."
948442224,gdemirkol315/online-payment-example,https://github.com/gdemirkol315/online-payment-example,flag:name:example,klarna; klarna-api; klarna-checkout; klarna-payments; spring-boot,This Spring Boot application provides REST APIs for integrating with Klarna Payments API for online store payment processing.
958624081,samarkam/ELearningProject.BackEnd,https://github.com/samarkam/ELearningProject.BackEnd,flag:name:learning,spring-boot,school project : Elearning Backend 
955016099,GaneshkumarKarunanidhi/Spring-cloud-examples,https://github.com/GaneshkumarKarunanidhi/Spring-cloud-examples,flag:name:example; flag:name:examples,apache-kafka; java; spring-boot; spring-cloud-stream-kafka,Spring cloud stream examples
955531468,Seba-Aguero/spring-microservices-students-courses,https://github.com/Seba-Aguero/spring-microservices-students-courses,flag:name:course; flag:description:course,docker; java; microservices; mysql; postgresql; rabbitmq; spring-boot,"Microservices system built with Spring Boot for student and course management, implementing a modern distributed architecture."
957579641,kkivilahti/goalplanner,https://github.com/kkivilahti/goalplanner,flag:description:course,java; spring-boot; thymeleaf,Final project for Backend Programming course
951247392,willaevangelista/CRUD-Farmacia,https://github.com/willaevangelista/CRUD-Farmacia,flag:description:bootcamp,crud; generation-brasil; insomnia; java; spring-boot; sql,"Repositório do Projeto CRUD Farmácia, desenvolvido durante o Bootcamp Full Stack da Generation Brasil."
951611544,geanluiz/nlw-certification-api,https://github.com/geanluiz/nlw-certification-api,flag:description:course,docker-compose; java; jpa-hibernate; lombok; maven; mvc-architecture; postgresql; rest-api; spring-boot,Simple REST API made in the RocketSeat's NLW course on Java with Spring and PostgreSQL
948465662,MazenAbonokta/spring-tracing-demo,https://github.com/MazenAbonokta/spring-tracing-demo,flag:name:demo,grafana; loki; opentelemetry; prometheus; spring-boot; tempo,"Spring Tracing Demo is a proof-of-concept project that demonstrates distributed tracing and logging in a Spring Boot application. It integrates with Loki, Promtail, Tempo, and Grafana for efficient log aggregation, monitoring, and distributed tracing."
957416494,aydanrahimova/MongoDBDemoApp,https://github.com/aydanrahimova/MongoDBDemoApp,flag:name:demo,docker; mongodb; spring-boot; spring-data-jpa,"The app performs CRUD (Create, Read, Update, Delete) operations for managing authors and books, with the primary goal of understanding and testing MongoDB functionalities."
953519208,IT21826740/spring-boot-rabbitmq-producer,https://github.com/IT21826740/spring-boot-rabbitmq-producer,flag:description:how to,docker; docker-compose; java; rabbitmq; rabbitmq-producer; spring-boot,"This project demonstrates how to implement a RabbitMQ producer using Spring Boot. The producer sends messages to a RabbitMQ queue, allowing for asynchronous communication between different services."
951587041,Andre-lucs/currency-conversion-microservice,https://github.com/Andre-lucs/currency-conversion-microservice,flag:description:course,circuit-breaker; feign; gateway-api; jpa-hibernate; load-balancing; microservices; resilience4j; spring-boot,Project made folowing a Microservice course using the Spring framework
957218608,rob-bl8ke/spring-service-error-prototype,https://github.com/rob-bl8ke/spring-service-error-prototype,flag:description:how to,downstream; error-handling; microservice; mockoon; rest-client-vscode; rest-template; spring-boot; testcontainers; testcontainers-mockserver,"A prototype developed to understand and adopt best practice error handling and response handling from downstream HTTP services (sync calls) for a Microservices Also, how to test this error handling approach (including the use of Testcontainers for Mock Server). Manual testing approaches using Mockoon and REST Client."
947931187,Projeto-ClientFlow/ClientFlow,https://github.com/Projeto-ClientFlow/ClientFlow,flag:description:bootcamp,generation-brasil; insomnia; java; spring-boot; sql,"Repositório do Projeto ClientFlow, desenvolvido durante o Bootcamp Full Stack da Generation Brasil."
947001705,willaevangelista/cyber-games_java,https://github.com/willaevangelista/cyber-games_java,flag:description:bootcamp,generation-brasil; insomnia; java; spring-boot; sql,"Repositório do Projeto CyberGames, desenvolvido durante o Bootcamp Full Stack da Generation Brasil."
952447086,ubivza/report,https://github.com/ubivza/report,flag:description:bootcamp,gradle; h2-database; java; jpa; junit; lombok; mapstruct; rest-api; spring-boot,Test task for nexign bootcamp 
957447928,denisbuserski/spring-redis-demo,https://github.com/denisbuserski/spring-redis-demo,flag:name:demo,docker; java; mysql; redis; spring-boot, Spring Boot application with Redis
949656282,DCodeMaker07/Java-Hexagonal-Architecture-Example,https://github.com/DCodeMaker07/Java-Hexagonal-Architecture-Example,flag:name:example,hexagonal-architecture; java; mysql; spring-boot,
950473557,sairam468/springboot-rest-api-examples,https://github.com/sairam468/springboot-rest-api-examples,flag:name:example; flag:name:examples,api-development; backend-development; http; java; json; maven; rest-api; spring-boot; spring-web; swagger; xml,"Spring Boot REST API examples demonstrating request handling, JSON/XML processing, path variables, request parameters, and consumer–provider communication."
950942764,LuisGRR/Avalon_Inventory_DEMO,https://github.com/LuisGRR/Avalon_Inventory_DEMO,flag:name:demo,java-17; postgresql; rest-api; spring-boot,Sistema de inventario back-end RESTapi
946612385,farzan6118/spring-boot-keycloak-sample-project,https://github.com/farzan6118/spring-boot-keycloak-sample-project,flag:name:sample,java; keycloak; oath2; spring-boot; springsecurity; springweb,Sample keycloak spring boot authentication and authorization project
950933137,jotabrc/demo-bank-api,https://github.com/jotabrc/demo-bank-api,flag:name:demo,demo-app; java; jwt-authentication; lombok; maven; postgresql; railway; spring; spring-boot; spring-security; spring-web,Demo Project of RESTful API simulating an Bank
946417094,09NINE90/KafkaWebSocketSample-SpringBoot,https://github.com/09NINE90/KafkaWebSocketSample-SpringBoot,flag:name:sample,java; kafka; spring-boot; websocket,
952557696,Prog-Academy-projects/JavaPro_HW12_Spring_Bank,https://github.com/Prog-Academy-projects/JavaPro_HW12_Spring_Bank,flag:description:course,bootstrap3; java; jstl; spring-boot,Task to the lesson 12 of Java Pro course
954244266,Aanandrai/JournalApplication,https://github.com/Aanandrai/JournalApplication,flag:description:how to,java; learning; mongodb; spring-boot,"This project is a simple Journal Application built while learning the basics of Spring Boot. It demonstrates how to create a RESTful web application using Spring Boot with features like CRUD operations, routing, and data handling.  The app allows users to create, view, update, and delete journal entries."
961523533,ngdevc/spring-boot-3-rest-api-example,https://github.com/ngdevc/spring-boot-3-rest-api-example,flag:name:example,spring; spring-boot; springboot,Spring Boot 3 Rest API example that implements CRUD operations - GET / POST / PUT / DELETE and filter requests
971845053,kjyy08/spring-mcp-server-example,https://github.com/kjyy08/spring-mcp-server-example,flag:name:example,mcp; mcp-server; spring-ai; spring-boot,Spring AI MCP 서버 예제입니다.
971430855,kjyy08/langchain4j-tools-example,https://github.com/kjyy08/langchain4j-tools-example,flag:name:example,langchain4j; spring-boot,LangChain4j를 활용하여 LLM(Large Language Model) 응답에 데이터베이스 정보를 참조할 수 있는 기능을 구현한 예제입니다.
969449645,ArnauAregall/testcontainers-zitadel-demo,https://github.com/ArnauAregall/testcontainers-zitadel-demo,flag:name:demo,grpc; java; maven; protobuf; spring-boot; testcontainers; zitadel,Demo project to run a ZITADEL instance on Spring Boot tests using Testcontainers
959818054,anatolii-k/homeowners-association-demo,https://github.com/anatolii-k/homeowners-association-demo,flag:name:demo,clean-architecture; ddd-architecture; java; screaming-architecture; spring-boot; spring-modulith,"Homeowners Association System (HOA). A demo project of Spring Boot, DDD, Clean Code/Architecture"
964084938,tatilimongi/Secure-UserForm,https://github.com/tatilimongi/Secure-UserForm,flag:description:course,audit-logging; bcrypt; code-quality; csrf; dependabot; docker; java; jwt; password-encryption; pbac; rbac; restful-api; secure-development; secure-password-storage; security; session-management; sonarqube; spring-boot; user-authentication; vulnerability-scanner,"A secure user authentication system with JWT, implementing best practices for secure development, including RBAC, PBAC, session expiration, password encryption with BCrypt, simple audit logging, and Docker containerization as part of a Secure Development course project."
961102624,irof/spring-boot-dev-services-sample,https://github.com/irof/spring-boot-dev-services-sample,flag:name:sample,blog; docker-compose; sample-code; spring-boot; testcontainers,Spring Bootの開発時サービスサポートのサンプル実装
970985674,Prog-Academy-projects/JavaPro_FinalProject_InternetBanking,https://github.com/Prog-Academy-projects/JavaPro_FinalProject_InternetBanking,flag:description:course,bootstrap5; google-oauth2; java; mail; retriever; spring-boot; spring-security; thymeleaf,Final project to the Java Pro course emulate Internet Banking system
969168704,phongnghia/example-websocket,https://github.com/phongnghia/example-websocket,flag:name:example,css; docker; docker-hub; gmail; html; java; javascript; maven; mysql; nginx; rest-api; spring-boot; virtual-machine; websocket; yaml; zerossl,"WebSocket-Chat-Lab – A real-time chat application built to explore Full-duplex communication. Focused on mastering WebSocket handshakes, event-driven messaging, and state management."
964436360,09NINE90/Monitoring-Sample-Spring-Boot,https://github.com/09NINE90/Monitoring-Sample-Spring-Boot,flag:name:sample,apache; grafana; java; prometheus; spring-boot,
968197909,ivandronovais/lab-padroes-projeto-spring,https://github.com/ivandronovais/lab-padroes-projeto-spring,flag:description:bootcamp,design-patterns; java; rest-api; spring-boot; spring-cloud,Resolução do desafio sobre Design Patterns do Bootcamp Bradesco - Java Cloud Native
965174027,PouyaPouryaie/feign-client,https://github.com/PouyaPouryaie/feign-client,flag:description:how to,feign-client; microservices; rest-api; spring-boot,This repository demonstrates how to programmatically implement a Feign client in a Spring Boot application
968615687,beyond-sw-camp/be15-2nd-LearningCrew-LinkUp,https://github.com/beyond-sw-camp/be15-2nd-LearningCrew-LinkUp,flag:name:learning,java; mariadb; spring; spring-boot; spring-security,🦁  곽진웅  |  🐱  김여진  |  🐘  박성용  |  🐺 박준서  |  🐻 장건희  |  🦉  최지혜
966276172,tshamsrakhmanov/kafka_springboot_training,https://github.com/tshamsrakhmanov/kafka_springboot_training,flag:description:course,docker-compose; dockerfile; java; kafka; spring-boot,Small training course: springboot + kafka
971274855,javascripthashira/E-Learning-Platform-backend-built-with-java-Springboot,https://github.com/javascripthashira/E-Learning-Platform-backend-built-with-java-Springboot,flag:name:learning,java; lms; spring-boot; sql; website,An E-learning/LMS project built with java springboot 
961091034,EliAbdiel/gemini-chat-app,https://github.com/EliAbdiel/gemini-chat-app,flag:description:how to,api-rest; artificial-intelligence; backend; gemini; gemini-api; java; programming; restful-api; spring-boot; spring-framework; webflux,How to integrate gemini with spring boot
963955319,HiringGo-B04/Manajemen-MataKuliah,https://github.com/HiringGo-B04/Manajemen-MataKuliah,flag:description:course,hiringgo; java; microservice; spring-boot,HiringGo — course management service (Spring Boot).
961232912,dominuuus/Board-de-Tarefas-Java,https://github.com/dominuuus/Board-de-Tarefas-Java,flag:description:bootcamp,java; spring-boot; springboot,"O Board de Tarefas com Java é um projeto desenvolvido como parte do desafio de código do Bootcamp Decola Tech 2025. O objetivo é criar um sistema de gerenciamento de tarefas baseado em um board, com armazenamento persistente em banco de dados."
971537195,KareemEmadElfrargi/Spring-Boot-Web-Demo-003,https://github.com/KareemEmadElfrargi/Spring-Boot-Web-Demo-003,flag:name:demo,controller-model-view; java; java-servlet; jsp; maven-project; spring-boot; spring-mvc; springboot-jsp; web-development,
972883595,ja25-wdr/spring-cloud-stream-demo,https://github.com/ja25-wdr/spring-cloud-stream-demo,flag:name:demo,java; kafka; rabbitmq; spring-boot,Spring Boot with profiles of Kafka And RabbitMQ to switch between either of them
969106340,aydanrahimova/StripePaymentDemo,https://github.com/aydanrahimova/StripePaymentDemo,flag:name:demo,postgresql; spring-boot; spring-data-jpa; stripe-payments,
963361619,Douglasffjw/BancoDigitalEduc360,https://github.com/Douglasffjw/BancoDigitalEduc360,flag:description:bootcamp,java; jpa; maven; mysql; spring-boot; thunderclient,Projeto Final do Bootcamp Educ360!
970755524,KareemEmadElfrargi/SpringBoot-Web-Demo-002,https://github.com/KareemEmadElfrargi/SpringBoot-Web-Demo-002,flag:name:demo,html-css; java; jsp; modelattribute; spring-boot; springboot-jsp; web-development,
960754151,souzafcharles/financial-investment-aggregator,https://github.com/souzafcharles/financial-investment-aggregator,flag:description:tutorial,api-rest; docker-compose; java; jpa-hibernate; manytomany; mysql; onetomany; onetoone; openfeign; spring-boot; spring-framework; spring-jpa; spring-validation,☕ Java Spring Boot project developed based on tutorials by Bruno Garcia - Build & Run
965261732,Qutaeba89/Movie-website-with-Jakarta-EE,https://github.com/Qutaeba89/Movie-website-with-Jakarta-EE,flag:description:course,coursework; java; spring-boot; stripe,"Movie webshop with Stripe checkout — Spring Boot + MySQL (group project, course assignment)."
965650154,Aprendendo-programacao/spring-elk-docker-setup,https://github.com/Aprendendo-programacao/spring-elk-docker-setup,flag:description:how to,elk-stack; logging; spring-boot,"Demo to show how to configure a Spring Boot application to centralize logs using ELK (Elasticsearch, Logstash and Kibana) stack."
972369448,pablovns/springboot,https://github.com/pablovns/springboot,flag:description:bootcamp,api; api-rest; backend; database; postgresql; project-patterns; spring; spring-boot; spring-security; swagger; swagger-ui,Aplicação Spring Boot desenvolvida no bootcamp Java Cloud Native da DIO. 
966302859,cyuwaters/AcpCw2,https://github.com/cyuwaters/AcpCw2,flag:description:course,azure-blob-storage; docker; kafka; rabbitmq; redis; spring-boot,Applied Cloud Programming - Coursework2 - School of Informatics - UoE 
973572604,rachitsharma300/java-full-stack-learning,https://github.com/rachitsharma300/java-full-stack-learning,flag:name:learning,aws; html-css-javascript; java; mysql; spring-boot; system-design,JAVA FULL STACK DEVELOPMENT
983723036,werixx1/SpringBoot-web-app-for-managing-movie-reviews,https://github.com/werixx1/SpringBoot-web-app-for-managing-movie-reviews,flag:description:course,academic-project; h2-database; java; rest-api; spring-boot; thymeleaf; website,"🌐 uni project for web technologies course [second year, second sem]"
976758640,Seif-Elsokary/LMS,https://github.com/Seif-Elsokary/LMS,flag:description:course,authentication; authorization; java; jpa-hibernate; junit; jwt-authentication; jwt-token; maven; mocking; mysql; spring-boot; spring-security; swagger,"This project is a backend system for an online learning platform built with Java Spring Boot and MySQL. It provides RESTful APIs for user registration, course management, quiz features, and role-based access. The system supports JWT authentication, Swagger API documentation, and includes unit , integration testing for services and controllers."
982605345,liam-hennessy-nz/imdb-demo,https://github.com/liam-hennessy-nz/imdb-demo,flag:name:demo,imdb-dataset; postgresql; spring-boot; vite-react,A full stack IMDB browser demo. Vite+React frontend. Spring Boot backend. PostgreSQL database.
980494687,andifalk/kubernetes-sample-app,https://github.com/andifalk/kubernetes-sample-app,flag:name:sample,container; docker; java; kubernetes; spring-boot,A sample Spring Boot Java application to be deployed on Kubernetes as Container 
978880455,darthmaim/gw2.me-example-spring-boot,https://github.com/darthmaim/gw2.me-example-spring-boot,flag:name:example; flag:description:how to,example; gw2me; spring-boot; spring-security,Example Spring Boot project demonstrating how to integrate gw2.me
981735199,djhelbert/springboot-kafka-demo,https://github.com/djhelbert/springboot-kafka-demo,flag:name:demo,docker-compose; java; kafka; spring-boot,Spring Boot Kafka Demo
973944317,KushParsaniya/spring-ai-neo4j-demo,https://github.com/KushParsaniya/spring-ai-neo4j-demo,flag:name:demo,groq-ai; neo4j; ollama; spring-ai; spring-batch; spring-boot,"Spring AI Neo4j ETL Pipeline is a Spring Boot-based solution for extracting, enriching, and storing document data as vector embeddings in Neo4j with support for batch processing."
977071122,Alecsandu/JOOQ-Spring-Samples,https://github.com/Alecsandu/JOOQ-Spring-Samples,flag:name:sample; flag:name:samples,auth0; containerization; containerization-devops-study; jooq; observability; podman; postgres; prometheus-metrics; redis-cache; spring-boot; spring-jooq; zipkin,Url Shortner resource server with auth0 provider for JOOQ samples and other tech I want to learn about
978347892,xSeato/java-db-sample,https://github.com/xSeato/java-db-sample,flag:name:sample,java; maven; postgres; spring-boot,"A minimal Spring Boot project setup, configured to connect to a Postgers DB"
975329949,sairam468/springboot-mvc-examples,https://github.com/sairam468/springboot-mvc-examples,flag:name:example; flag:name:examples,backend-development; crud-application; data-binding; java; maven; mvc-architecture; pagination; sorting; spring-boot; spring-mvc; thymeleaf,"Spring Boot MVC examples demonstrating CRUD operations, form data binding, dynamic search, pagination, sorting, and soft delete concepts."
982612985,Mkhulekani/springboot-demo,https://github.com/Mkhulekani/springboot-demo,flag:name:demo; flag:description:how to,gradle; java-17; junit5; spring-boot,"Welcome to the Spring Boot User Management Demo — a beginner-friendly project designed to introduce you to the core concepts of Spring Boot development. This project demonstrates how to build a lightweight, layered web application using Spring Boot, emphasizing clean architecture, dependency injection, annotations, and unit testing."
985315514,didinj/spring-boot-3-crud-restapi,https://github.com/didinj/spring-boot-3-crud-restapi,flag:description:tutorial,crud; rest-api; spring; spring-boot,Spring Boot 3 and React: Full-Stack CRUD App Tutorial
974388955,Subhransu-De/FasterXML-Jackson-Examples,https://github.com/Subhransu-De/FasterXML-Jackson-Examples,flag:name:example; flag:name:examples,fasterxml; jackson; spring-boot,A Spring Boot application demonstrating some FasterXML Jackson annotations
973816925,brianjknight/knight.brian.udemy.spring.05-command-line-demo,https://github.com/brianjknight/knight.brian.udemy.spring.05-command-line-demo,flag:name:demo,spring-boot,Udemy Spring Boot Section 1: Run from command line
985273888,rafli-ramadhan/spring-jdbc-oracle-example-crud,https://github.com/rafli-ramadhan/spring-jdbc-oracle-example-crud,flag:name:example,jdbc-template; spring-boot,Spring JDBC with Oracle integration: CRUD example
979282467,mathvsk/jacourses,https://github.com/mathvsk/jacourses,flag:name:course,java; spring-boot,"Projeto de gerenciamento de cursos desenvolvido em Java com Spring Boot. Permite criar, listar, atualizar, ativar/desativar e excluir cursos por meio de uma API REST, com validação de dados e tratamento de exceções. Ideal para controle simples de cursos em sistemas educacionais."
981963744,occupytheweb/spring-boot-seeding-demo,https://github.com/occupytheweb/spring-boot-seeding-demo,flag:name:demo,java-24; spring-boot,"Simple Spring Boot application, demoing a lightweight mechanism for seeding a database."
974797798,ssobue/spring-ai-demo,https://github.com/ssobue/spring-ai-demo,flag:name:demo,spring; spring-ai-openai; spring-boot; spring-shell,Spring Boot + Spring AI demo app
976725490,brianjknight/knight.brian.udemy.spring.03-01-crud-demo,https://github.com/brianjknight/knight.brian.udemy.spring.03-01-crud-demo,flag:name:demo,spring-boot,Udemy Spring Boot Section 3: MySQL and Spring Boot Configuration
983074579,Alexter2003/TechHive,https://github.com/Alexter2003/TechHive,flag:description:course,api-rest; gemini; gemini-api; lombok; maven; spring; spring-ai; spring-ai-openai; spring-boot,"API to find resources like a courses, documentation, blogs, creators contento relacionated about specific tecnology, objective and lenguage. Using Gemini API"
973749923,brianjknight/knight.brian.udemy.spring.02-dev-tools-demo,https://github.com/brianjknight/knight.brian.udemy.spring.02-dev-tools-demo,flag:name:demo,spring-boot,Udemy Spring Boot Section 1: Enabling Spring Dev Tools
976080837,KareemEmadElfrargi/Spring-boot-Rest-Demo,https://github.com/KareemEmadElfrargi/Spring-boot-Rest-Demo,flag:name:demo,aop-aspects; backend; crud; java; react-frontend; rest-api; spring; spring-boot; web-development,
973818550,brianjknight/knight.brian.udemy.spring.06-application.properties-demo,https://github.com/brianjknight/knight.brian.udemy.spring.06-application.properties-demo,flag:name:demo,spring-boot,Udemy Spring Boot Section 1: Custom Application Properties
982635503,jumpman-cmd/spring-boot-user-demo,https://github.com/jumpman-cmd/spring-boot-user-demo,flag:name:demo,gradle; java-17; juni; spring-boot,"A simple Spring Boot demo showcasing basic dependency injection, annotations, and in-memory user management. Includes a layered architecture (model, repo, service) and JUnit 5 tests. Run with ./gradlew bootRun, test with ./gradlew test."
985588446,darkmtrance/memorydemo,https://github.com/darkmtrance/memorydemo,flag:name:demo,k6; pyroscope; spring-boot,
975331977,sairam468/springdata-jpa-examples,https://github.com/sairam468/springdata-jpa-examples,flag:name:example; flag:name:examples,backend-development; database-integratio; hibernate-orm-jpa; java; maven; mysql; oracle-database; spring-boot; spring-data-jpa,"Spring Data JPA examples demonstrating ORM mapping, CRUD operations, and database integration using Oracle and MySQL."
982940766,nandakishore-78/student-microservice-v2,https://github.com/nandakishore-78/student-microservice-v2,flag:description:course,java; jmeter; microservices; rest-api; spring-boot,"Student REST API microservice with registration, courses, graduation eligibility, and library fine integration using Spring Boot"
983663532,o-shelep/CourseWork,https://github.com/o-shelep/CourseWork,flag:name:course,java; javaspring; jpa-hibernate; jwt-authentication; postgresql; spring-boot; swagger,An online platform for gamification of the learning process called St.Mission
974220972,KareemEmadElfrargi/Student-Management-System-Web-Demo,https://github.com/KareemEmadElfrargi/Student-Management-System-Web-Demo,flag:name:demo,backend-development; bootstrap; java; mvc-architecture; spring-boot; spring-mvc; web-application,
985221968,mohamedamgad200/Apache-Kafka-Tutorial-with-Spring-Boot-Reactive-WebFlux-Kafka,https://github.com/mohamedamgad200/Apache-Kafka-Tutorial-with-Spring-Boot-Reactive-WebFlux-Kafka,flag:name:tutorial,kafka; kafka-consumer; kafka-producer; spring-boot; spring-reactive; webflux,practice in kafka with spring boot
980013615,KareemEmadElfrargi/Spring-E-Commerce-Demo,https://github.com/KareemEmadElfrargi/Spring-E-Commerce-Demo,flag:name:demo,java; lombok; multipart-uploads; spring-boot; spring-data-jpa; spring-web,
981589841,nadeeshan-fernando/custom-annotation,https://github.com/nadeeshan-fernando/custom-annotation,flag:description:how to,aop; aspectj; custom-annotation; developer-tools; java; logging; lombok; spring-boot,"A Spring Boot project demonstrating how to create a custom logging annotation (@MyLogger) using Aspect-Oriented Programming (AOP). It provides centralized, reusable logging for method calls, arguments, return values, and exception handling—cleanly decoupled from business logic."
979301535,Philippe-Alexandrian/jsf-fatwar-demo,https://github.com/Philippe-Alexandrian/jsf-fatwar-demo,flag:name:demo,cdi; cdi4; embedded-tomcat; fat-war; fatwar; jsf; jsf4; servlet; servlet6; spring; spring-boot; spring-boot-3; spring-boot3; springboot3; tomcat; tomcat10; tomcat10-1,"Demo with SpringBoot 3, Jsf 4, Cdi 4, fat war, Tomcat 10.1, Servlet 6."
975326797,Khamroz001/crud-report-demo,https://github.com/Khamroz001/crud-report-demo,flag:name:demo,crud; demo; jasperreports; java; maven; pdf-report; postgresql; rest-api; spring-boot; spring-data-jpa,A minimal Spring Boot application demonstrating basic CRUD operations and dynamic report generation using JasperReports. This project serves as a learning tool or starter template for integrating reporting capabilities into Java-based web applications.
973770255,brianjknight/knight.brian.udemy.spring.03-04-actuator-demo,https://github.com/brianjknight/knight.brian.udemy.spring.03-04-actuator-demo,flag:name:demo,spring-boot,Udemy Spring Boot Section 1: Spring Acuator
975128515,Nidalone29/uniplatform,https://github.com/Nidalone29/uniplatform,flag:description:course,docker; docker-compose; java; react; react-router; restful-api; spring-boot; typescript; vite; zod,"Full-stack CRUD REST web app to manage University, Degree programs, and Courses data."
977639864,ranjeet-floyd/spring-mcp-demo,https://github.com/ranjeet-floyd/spring-mcp-demo,flag:name:demo,llm; mcp-server; spring-ai; spring-boot,MCP server using Spring-AI
988406095,mogami-tech/x402-examples,https://github.com/mogami-tech/x402-examples,flag:name:example; flag:name:examples,cryptocurrency; java; spring; spring-boot; x402,Learn x402 through real-world demos of paywalled endpoints and instant payment flows.
987532172,kl3inIT/coursehub-backend,https://github.com/kl3inIT/coursehub-backend,flag:name:course; flag:description:course,aws-ec2; aws-s3; backend-api; docker; java; nginx; redis; spring-boot,"A comprehensive backend service for online course management platform built with Spring Boot, featuring JWT authentication, payment processing, and real-time communication"
997531444,balajz/spring-REST-API-demo,https://github.com/balajz/spring-REST-API-demo,flag:name:demo,api; backend; java; postgresql; rest-api; spring; spring-boot; spring-mvc,SPRING BOOT REST API DEMO - this is demo of rest api in spring boot
997395781,zeinab-dashti/kafka-event-processing-solutions-demo,https://github.com/zeinab-dashti/kafka-event-processing-solutions-demo,flag:name:demo,apache-camel; avro; connectors; docker-compose; json-serialization; kafka; kafka-streams; postgresql; schema-registry; spring-boot,"Multiple event-processing solutions, includes consume & persist, session aggregation with Kafka Streams, JDBC Source/Sink connectors, and Camel-based routing"
996260425,cyrusjetson/microservice-demo,https://github.com/cyrusjetson/microservice-demo,flag:name:demo,java; microservices; spring-boot,
991600097,rupeshtiwari/pluralsight-spring-cloud-aws-fundamentals,https://github.com/rupeshtiwari/pluralsight-spring-cloud-aws-fundamentals,flag:description:course,amazon-rds; amazon-s3; amazon-sns; amazon-sqs; aws-elastic-beanstalk; aws-parameter-store; aws-secrets-manager; cloud-native; distributed-systems; event-driven; hands-on-demo; iam-roles; java; learning-journey; pluralsight; pub-sub; spring-boot; spring-cloud; spring-cloud-aws,"Implementation of cloud-native microservices using Spring Boot and Spring Cloud AWS. Includes secure configuration management, event-driven messaging with SQS/SNS, and automated deployment on AWS Elastic Beanstalk. Based on the Pluralsight course 'Spring Cloud AWS Fundamentals'."
994134461,marusei-dev/e-learning-platform,https://github.com/marusei-dev/e-learning-platform,flag:name:learning; flag:description:course,bootstrap; css; html; java; jpa; jpa-hibernate; mysql; mysql-database; spring; spring-boot; spring-mvc; spring-security; thymeleaf,"E-Learning Platform connects teachers and learners through online courses. Teachers can build courses with lessons, submit them for approval, and share knowledge. Learners browse courses, track their progress, and mark lessons as completed."
999427030,kvbcs/Intro-SpringBoot,https://github.com/kvbcs/Intro-SpringBoot,flag:description:course,java; junit5; spring-boot; spring-data-jpa; spring-mvc,Small introduction course to Java Spring Boot and Unit Testing
997808906,bs-public/spring-boot-retry-demo,https://github.com/bs-public/spring-boot-retry-demo,flag:name:demo,java; spring-boot,"Spring Boot Retry - Exception filtering, max attempts, and backoff"
993614196,OleksandrKucherenko/if.sample,https://github.com/OleksandrKucherenko/if.sample,flag:name:sample,java; microservices; spring-boot,Java Assignment
996827009,dash0hq/heroku-demo,https://github.com/dash0hq/heroku-demo,flag:name:demo,buildpacks; heroku; java; otel-agent; spring-boot,Monitoring Heroku Applications with OpenTelemetry
992461821,tutorial-java/how-to-connect-spring-boot-to-a-minio-using-application.yaml,https://github.com/tutorial-java/how-to-connect-spring-boot-to-a-minio-using-application.yaml,flag:description:how to,application; minio; minio-java; spring; spring-boot; springboot,How to Connect Spring Boot to a MinIO Using application.yaml
991053273,IT21826740/Learn-spring-security-jwt-authentication,https://github.com/IT21826740/Learn-spring-security-jwt-authentication,flag:description:how to,java; jwt; jwt-authentication; jwt-token; maven; slf4j; spring-boot; spring-security,"Spring Security JWT Authentication is a secure, token-based authentication system built using Spring Boot. It demonstrates how to implement login, role-based access control, and stateless session management using JWT tokens."
989797637,XkaunanX/proyecto-final-TalentoTech,https://github.com/XkaunanX/proyecto-final-TalentoTech,flag:description:course,api; mvc; spring-boot,Final project from the Buenos Aires Learning Course on Backend Development with Spring-Boot.
993157677,sawafrolov/keycloak-demo,https://github.com/sawafrolov/keycloak-demo,flag:name:demo,java; keycloak; oauth2; spring-boot,Пример авторизации в Keycloak
995535567,upc-pre-202510-1asi0729-4292/learning-center-platform,https://github.com/upc-pre-202510-1asi0729-4292/learning-center-platform,flag:name:learning,assembler-pattern; cqrs-pattern; domain-driven-design; java; spring-boot; spring-data-jpa,"ACME Learning Center Platform, illustrating development with Java, Spring Boot Framework, and Spring Data JPA on MySQL Database. It also illustrates open-api documentation configuration and integration with Swagger UI."
992415077,mtamme/spring-boot-ddd-sample,https://github.com/mtamme/spring-boot-ddd-sample,flag:name:sample,code-contracts; cqrs; domain-centric-architecture; domain-driven-design; event-driven-architecture; java; restful; spring-boot; transactional-outbox-pattern,Spring Boot DDD Sample
998958247,bs-public/spring-boot-events-demo,https://github.com/bs-public/spring-boot-events-demo,flag:name:demo,event-listener; event-publisher; java; spring-boot,"Demo for Spring Boot Events showcasing various event-handling mechanisms like basic, async, conditional, transactional events, and more."
993156465,labcabrera/sample-jakarta-10-wildfly-oidc-integration,https://github.com/labcabrera/sample-jakarta-10-wildfly-oidc-integration,flag:name:sample,jakarta; java; kafka; kubernetes; spring-boot,"Example of securing a Kubernetes ecosystem with Jakarta Security, Spring Boot and Kafka."
993730542,officiallysingh/spring-ai-rest-api-mcp-tools-demo,https://github.com/officiallysingh/spring-ai-rest-api-mcp-tools-demo,flag:name:demo,ai; mcp; modelcontextprotocol; openapi-spec; rest-api; spring-ai; spring-boot,Convert REST API to MCP Tools by uploading OpenAPI Specification using Spring AI and Spring Boot
987541669,KareemEmadElfrargi/spring-security-demo,https://github.com/KareemEmadElfrargi/spring-security-demo,flag:name:demo,jwt-authentication; jwt-token; security; spring-boot; springsecurity,
991003665,haidarimahdi/SpringDataJPA,https://github.com/haidarimahdi/SpringDataJPA,flag:description:course,java; jpa; mvc; spring-boot; thymeleaf,"""A Spring Boot and Spring Data JPA application for time tracking. Manages people, projects, and time slots with both a Web UI (Thymeleaf) and a RESTful JSON API. Developed as an advanced programming course project."
991638710,sombriks/sample-assets-estate,https://github.com/sombriks/sample-assets-estate,flag:name:sample,bulma-css; htmx; java; javascript; liquibase; pug; spring-boot; spring-security,Small experiment on server side components served by htmx
990154962,mhamp/spring-openapi-demo,https://github.com/mhamp/spring-openapi-demo,flag:name:demo,composition; fatjar; inheritance; jakarta-ee; java; maven; openapi; openapi-generator; openapi-specification; parent-pom; spring-boot,"A practical guide to advanced OpenAPI modeling for Spring Boot applications. Includes package structuring, annotations, and code generation best practices for multi-module projects."
990649501,Philippe-Alexandrian/jsf-fatjar-demo,https://github.com/Philippe-Alexandrian/jsf-fatjar-demo,flag:name:demo,embedded-tomcat; fat-jar; fatjar; jsf; jsf4; servlet; servlet6; spring; spring-boot; spring-boot-3; spring-boot3; springboot3; tomcat; tomcat10; tomcat10-1,"Demo with SpringBoot 3, Jsf 4, Cdi 4, fat jar, Tomcat 10.1, Servlet 6."
986261604,BhanuD19/localstack-demo,https://github.com/BhanuD19/localstack-demo,flag:name:demo,aws-sdk-v3; java; keycloak; localstack; spring-boot,Application to handle document management 
986146626,juliatabaco/spring_mvc_demo,https://github.com/juliatabaco/spring_mvc_demo,flag:name:demo,java; spring-boot; thymeleaf,A basic Spring MVC demo
990283213,elenappz/Software-Engineering-UoiCourse,https://github.com/elenappz/Software-Engineering-UoiCourse,flag:name:course,authentication; authorization; java; maven; mvc; mysql; oop; role-based-access-control; spring-boot; traineeship,"A Java web application using Spring Boot and MVC to manage university traineeships. Includes role-based access, authentication, form handling, and MySQL integration."
994903771,upc-pre-202510-1asi0729-4350/learning-center-platform,https://github.com/upc-pre-202510-1asi0729-4350/learning-center-platform,flag:name:learning,assembler-pattern; cqrs-pattern; domain-driven-design; java; jwt-authentication; mysql-database; spring-boot; spring-data-jpa; spring-security,"ACME Learning Center Platform, illustrating development with Java, Spring Boot Framework, and Spring Data JPA on MySQL Database. It also illustrates open-api documentation configuration and integration with Swagger UI."
988472917,Anshumanshukla46/learning-setup-grafana-prometheus,https://github.com/Anshumanshukla46/learning-setup-grafana-prometheus,flag:name:learning,api; grafana; grafana-dashboard; prometheus; spring-boot,"This setup runs Prometheus and Grafana using Docker on Windows with proper port forwarding. Avoid network_mode: host on Windows, as it causes connectivity issues between containers. Use host.docker.internal to allow Grafana to connect to Prometheus running on the host machine."
999432400,SanaShahSyeda/To-Do-SpringBoot,https://github.com/SanaShahSyeda/To-Do-SpringBoot,flag:description:course,h2-database; jsp; spring-boot; spring-data-jpa; spring-devtools; spring-mvc; spring-security,"A  To-Do list application built using Spring Boot and JSP, developed as part of a Coursera course project."
999577786,up2dul/sipenmaru-backend,https://github.com/up2dul/sipenmaru-backend,flag:description:course,azure; docker; java; maven; mysql; spring-boot,Backend RESTful API service for final assignment of Object Oriented Programming course
998473900,Ayushkhodankar/spring-boot-ci-cd-demo,https://github.com/Ayushkhodankar/spring-boot-ci-cd-demo,flag:name:demo,ci-cd; docker; jenkins; spring-boot,"Spring Boot application integrated with a full CI/CD pipeline using Jenkins, GitHub Actions, Docker, and JUnit Testing"
1012633258,David-DAM/spring-boot-web-cero-a-experto,https://github.com/David-DAM/spring-boot-web-cero-a-experto,flag:description:course,docker; hexagonal-architecture; java; spring-boot,Final project for the Spring Boot Web from Zero to Expert course
1002283619,RichardGSchmidt/D387-advanced-java,https://github.com/RichardGSchmidt/D387-advanced-java,flag:description:course,backend; containerization; docker; java; localization; multithreading; spring-boot,Hotel website made during the Advanced Java college course at WGU.
1003918456,mrearsbig/cashcard,https://github.com/mrearsbig/cashcard,flag:description:tutorial,assertj; gradle; java; rest-api; spring-boot; spring-data-jdbc; spring-security,"A REST API for a Cash Card application, built with Spring Boot. Project based on the official Spring tutorial for creating secure RESTful web services."
1002950593,rahulk270486/grpc-example,https://github.com/rahulk270486/grpc-example,flag:name:example,grpc; java; spring-boot,To showcase grpc example in spring boot application
1009553416,XimCervantesPatlan/Payment-Demo-Project,https://github.com/XimCervantesPatlan/Payment-Demo-Project,flag:name:demo,java; maven; mongodb; podman-compose; spring-boot; temporalio,"Este proyecto simula una orquestación de pagos usando Temporal.io, Spring Boot y una arquitectura distribuida basada en microservicios."
1011961780,isaccanedo/resilience4j-spring-boot-demo,https://github.com/isaccanedo/resilience4j-spring-boot-demo,flag:name:demo; flag:description:how to,circuit-breaker; java; resilence4j; spring; spring-boot,:octocat: A Spring Boot demo which shows how to use the Resilience4j Spring Boot Starter
1000491124,ankitx-sharma/demo_rate_limiter_service,https://github.com/ankitx-sharma/demo_rate_limiter_service,flag:name:demo,fixed-window-rate-limiter; java; microservice; rate-limiting; sliding-window-rate-limiter; spring-boot; swagger-ui; token-bucket-rate-limiter,"A lightweight, extensible, and production-ready rate limiting system built with Spring Boot. This project implements three classic rate-limiting algorithms:  Fixed Window | Sliding Window | Token Bucket"
1011964467,AlekseyBykov/pets.querydsl-demo,https://github.com/AlekseyBykov/pets.querydsl-demo,flag:name:demo,demo; java-17; jpa; postgresql; q-classes; querydsl; spring-boot; spring-data-jpa; testcontainers; type-safe-queries,"QueryDSL demo pet project – type-safe JPA queries, joins, subqueries, and projections in Spring Boot."
1002286226,RichardGSchmidt/d287-java-frameworks,https://github.com/RichardGSchmidt/d287-java-frameworks,flag:description:course,backend; java; maven; pom; spring; spring-boot; spring-mvc,Backend for 3d Printer E-Commerce site made for college course on Spring Framework.
1002070110,sidhant-gairola/spring-boot-learnings,https://github.com/sidhant-gairola/spring-boot-learnings,flag:name:learning,java; java-8; java-collections-framework; java-streams; mongodb; redis; rest-api; slf4j-loggers; smtp-mail; spring; spring-boot; springsecurity; unit-testing,Repository created for uploading my spring-boot learnings while creating journal app.
1011065934,ahmedabdelrasoul7/TutorialApp,https://github.com/ahmedabdelrasoul7/TutorialApp,flag:name:tutorial; flag:description:tutorial,spring-boot,Tutorial BackEnd App
1007168796,zeinab-dashti/spring-kafka-transactions-idempotent-write-demo,https://github.com/zeinab-dashti/spring-kafka-transactions-idempotent-write-demo,flag:name:demo,avro; docker-compose; exactly-once; idempotency; kafka; postgresql; schema-registry; spring-boot; transactions,Exactly-Once Processing Across Kafka and Databases: Using Kafka Transactions + Idempotent Writes
1002494430,Chaiudbbhd/user-service,https://github.com/Chaiudbbhd/user-service,flag:description:tutorial,blog; deployment; fullstack; java; javascript; react; render; spring-boot; web-development; website,"A personal blog website for sharing Java development insights, tutorials, and tech articles. Built using modern web technologies and deployed on Render."
1012162162,bs-public/spring-batch-demo,https://github.com/bs-public/spring-batch-demo,flag:name:demo,docker-compose; java; mysql; spring-batch; spring-boot,Demo app for Spring Batch to import data into a database
1000978534,Aysell-Talibli/Tracking-System,https://github.com/Aysell-Talibli/Tracking-System,flag:description:how to,docker; gradle; java-17; kafka; microservices; role-based-access-control; spring-boot; spring-security-jwt,"Microservices project built with Spring Boot, showing how to use Kafka for inter-service communication, API Gateway for routing and centralized security, JWT for secure authentication and role-based authorization."
1008065733,zeinab-dashti/spring-kafka-outbox-pattern-demo,https://github.com/zeinab-dashti/spring-kafka-outbox-pattern-demo,flag:name:demo,avro; docker-compose; exactly-once; idempotency; kafka; kafka-connect; outbox-pattern; postgresql; schema-registry; spring-boot,Exactly-Once Processing Across Kafka and Databases: Using the Outbox Pattern
1011180491,bs-public/spring-boot-ssl-demo,https://github.com/bs-public/spring-boot-ssl-demo,flag:name:demo,java; jks; spring-boot; ssl,Spring Boot demo for SSL with KeyStore and SSL bundle (PEM/JKS) support
1003906269,alikelleci/eventify-example-spring,https://github.com/alikelleci/eventify-example-spring,flag:name:example,java; spring-boot,
1006894723,Prabhakar-Naik/spring-batch-example,https://github.com/Prabhakar-Naik/spring-batch-example,flag:name:example,batch-processing; flows; java; job-launcher; jobs; microservice; spring-batch; spring-boot; step-functions,"Spring Batch is a data processing system and to follows set of instructions with job launcher and operator on steps and flow with write, read and process the data with consistency of transformations."
1003434506,taybct/spring-taybct-example,https://github.com/taybct/spring-taybct-example,flag:name:example,java; spring-boot; spring-boot-example; web-flux; webmvc; websocket,使用 Spring TayBct 创建的 Spring Boot 项目示例
1011175542,youssefGamalMohamed/spring-boot-liquibase,https://github.com/youssefGamalMohamed/spring-boot-liquibase,flag:description:how to,database-migrations; docker; docker-compose; liquibase; postgresql; spring-boot,Spring Boot Project Describe How to use Liquibase with Spring boot and Postgres DB
1012812933,bs-public/spring-boot-testcontainers-demo,https://github.com/bs-public/spring-boot-testcontainers-demo,flag:name:demo,docker; java; mysql-database; spring-boot; test-containers,Demo of a Spring Boot application using Testcontainers for MySQL integration testing
1000972471,DuaA-A/Learning-MS,https://github.com/DuaA-A/Learning-MS,flag:name:learning; flag:description:course,java-maven-dep; junit-test; lms; mysql-database; restful-api; spring-boot; user-authentication-and-authorization,"A Spring Boot-based RESTful LMS API for managing courses, users, and assessments. Uses MySQL for storage and tested via Postman."
1001117444,brianjknight/knight.brian.udemy.spring.06-01-thymeleafdemo-helloworld,https://github.com/brianjknight/knight.brian.udemy.spring.06-01-thymeleafdemo-helloworld,flag:name:demo,spring-boot,Udemy Spring Boot Section 6: Spring MVC - Thymeleaf Demo
1003903202,alikelleci/easysourcing-example-spring,https://github.com/alikelleci/easysourcing-example-spring,flag:name:example,java; spring-boot,
1007860049,webcane/hello-spring-boot-cognito,https://github.com/webcane/hello-spring-boot-cognito,flag:description:how to,authentication; authorization; cognito; oauth2; resource-server; spring-boot; spring-security-oauth2,A Spring Boot example application demonstrating how to authenticate with Amazon Cognito using Spring Security's OAuth 2.0 support. The authorization solution is based on a user store configured through application properties.
1002078576,brianjknight/knight.brian.udemy.spring.06-06-thymeleafdemo-helloworld-continued,https://github.com/brianjknight/knight.brian.udemy.spring.06-06-thymeleafdemo-helloworld-continued,flag:name:demo,spring-boot,Udemy Spring Boot Section 6: Spring MVC - Thymeleaf Demo from 06-06
1012297788,bs-public/spring-boot-docker-compose-demo,https://github.com/bs-public/spring-boot-docker-compose-demo,flag:name:demo,docker-compose; java; mysql; spring-boot,Demo of a Spring Boot’s native Docker Compose support
1009862866,abchatterjee7/mcp-demo-refrigerator-inventory-mgmt,https://github.com/abchatterjee7/mcp-demo-refrigerator-inventory-mgmt,flag:name:demo,mcp-client; mcp-server; postgresql; spring-boot,"The Refrigerator Inventory Management project uses the Model Context Protocol (MCP) framework, integrating an AI chatbot with a Spring Boot application. MCP clients connect to a server, which queries a local database (PostgreSQL), and receive answers from an AI model, providing inventory management functionality for refrigerators."
1019729662,kaifcoder/spring-demo-mcp-server-sse,https://github.com/kaifcoder/spring-demo-mcp-server-sse,flag:name:demo,java; llm; mcp-server; spring-ai; spring-ai-mcp; spring-boot,A Spring Boot demo project for implementing Server-Sent Events (SSE) with an MCP (Message Control Protocol) server. Explore real-time data streaming and event-driven architecture in Java using this hands-on example.
1024335176,bootify-io/spring-boot-file-upload-example,https://github.com/bootify-io/spring-boot-file-upload-example,flag:name:example,example; file-upload; file-upload-examples; spring-boot; spring-boot-examples; thymeleaf,File upload example for Spring Boot using converters
1019570552,xguimiranda/spring-order-payment-api,https://github.com/xguimiranda/spring-order-payment-api,flag:description:course,h2; hibernate; java; jpa; marven; mysql; postman; spring-boot,"Project developed during the ""Java Completo"" course, focused on backend using Spring Boot and JPA. The goal is to demonstrate fundamental Java development concepts, including data persistence, entity modeling, and building REST APIs."
1020720048,Brogrammer1912/gapfashiondemos,https://github.com/Brogrammer1912/gapfashiondemos,flag:name:demo,banking-api; delivery-service; ecommerce; ecommerce-api; ecommerce-application; ecommerce-website; feign-client; java; kafka; microservices; mongodb; netflix; openfeign; spring; spring-boot,
1014236297,49paunilay/Spring-Boot-Cache-Example,https://github.com/49paunilay/Spring-Boot-Cache-Example,flag:name:example,dynamic-scheduling; filter; h2-database; java; redis-cache; scheduled-jobs; spring-boot; threadpooltaskscheduler,
1026079002,bootify-io/spring-boot-htmx-example,https://github.com/bootify-io/spring-boot-htmx-example,flag:name:example,htmx; htmx-examples; spring-boot; spring-boot-examples; thymeleaf,Example for using htmx with Spring Boot and Thymeleaf
1023151108,igorcampos-dev/spring-integrations-examples,https://github.com/igorcampos-dev/spring-integrations-examples,flag:name:example; flag:name:examples,caffeine; docker; grafana; jasper; jasperreports; java; kafka; kafka-streams; keycloak; maven; mongodb; multimodule; mysql; oracle-database; postgresql; prometheus; spring; spring-batch; spring-boot; springwolf,Spring Boot integration demo projects
1018979084,Ranjuna120/Skill-Sharing-and-Learning-Platform,https://github.com/Ranjuna120/Skill-Sharing-and-Learning-Platform,flag:name:learning,mysql; react; spring-boot,React based client web application Java(Spring Boot) REST API
1021136071,bploeckelman/example-library-spring-boot-starter,https://github.com/bploeckelman/example-library-spring-boot-starter,flag:name:example; flag:description:how to,autoconfiguration; example-project; java; library; maven; spring; spring-boot; spring-boot-3; spring-boot-starter,An example of how to create a custom Spring Boot starter
1019817168,LiliDeme/customer-card-api,https://github.com/LiliDeme/customer-card-api,flag:description:course,backend; crud; java; jpa; maven; portfolio; postgresql; rest-api; school-project; spring-boot,REST API built with Spring Boot and PostgreSQL to manage customers and their credit cards. Final project for a transactional web development course.
1017131254,sandeepbegudem/aws-springboot-sqs-demo,https://github.com/sandeepbegudem/aws-springboot-sqs-demo,flag:name:demo,aws-sqs; aws-subscriber; gradle; java; spring-boot; sqs-publisher,This project is a demo product event publisher which publishes the events to the AWS SQS Queue and listens the published events. This is build using spring boot and Java
1024557695,brianjknight/knight.brian.udemy.spring.10-01-spring-boot-aop-demo,https://github.com/brianjknight/knight.brian.udemy.spring.10-01-spring-boot-aop-demo,flag:name:demo,spring-boot,Udemy Spring Boot Section 10: AOP - Initial Project and @Before Advice
1013326222,rajkundalia/demo-messaging-protocols-and-kafka,https://github.com/rajkundalia/demo-messaging-protocols-and-kafka,flag:name:demo,amqp; coap; kafka; mqtt; spring-boot; stomp; stompwebsocket; xmpp,"This is an example of AMQP, COAP, MQTT, STOMP, XMPP and Kafka with SpringBoot app"
1014629077,Anshul619/SpringBoot,https://github.com/Anshul619/SpringBoot,flag:description:how to,java; microservices; sample-app; spring-boot,"About This repo contains java ""how to to-dos"", concepts in Spring Boot"
1018957280,Faisal-hn/Spring-Security-Demo,https://github.com/Faisal-hn/Spring-Security-Demo,flag:name:demo,java; spring-boot; spring-security,Hands-on Spring Security demos — authn/authz patterns
1014692468,Cho-Geer/spring-fullstack-demo,https://github.com/Cho-Geer/spring-fullstack-demo,flag:name:demo,demo; fullstack; java; react; spring-boot,Fullstack demo built with Spring Boot and React
1016594847,EfeS4k/ecommerce-microservice-example,https://github.com/EfeS4k/ecommerce-microservice-example,flag:name:example,docker; educational-project; feign-client; gradle; hibernate-jpa; lombok; microservices-architecture; mvc-architecture; postgresql-database; spring-boot; springboot; swagger-ui,"Small e-commerce  SpringBoot application with microservices. Using Lombok, Postgresql, Docker, Gradle, Feign Client.  The codes has comment lines for educational purposes."
1014254598,ObadahEssa881/spring_boot_microservice_project,https://github.com/ObadahEssa881/spring_boot_microservice_project,flag:description:course,api-gateway; eureka; java; jwt; microservices; openapi; spring-boot; spring-security,"E-learning platform built as 5 Spring Boot microservices (user, course, subscription, assessment) behind an API gateway with Eureka service discovery, JWT security and OpenAPI docs."
1018848839,rsr007/spring-microservice-communication-demo,https://github.com/rsr007/spring-microservice-communication-demo,flag:name:demo,communication; feign; java; microservices; resttemplate; spring-boot; webclient-springboot,"Demonstrates service-to-service communication using Feign, WebClient, and RestTemplate."
1013183986,Alexander-Noskov/spring-graphql-demo,https://github.com/Alexander-Noskov/spring-graphql-demo,flag:name:demo,docker-compose; flyway; graphql; mockito; postgresql; spring-boot; testcontainers,Demo project with GraphQL
1014742049,haricharan-mutte/readme-learning-concepts,https://github.com/haricharan-mutte/readme-learning-concepts,flag:name:learning,corejava; multithreading; spring-boot,"Collection of Useful developers guide on Technologies Java, SpringBoot, Micro Services etc.."
1015346902,julyanvdw/MyTutor,https://github.com/julyanvdw/MyTutor,flag:description:course,java; maven; mysql; oop; rest-api; spring-boot; sql; vaadin; web-application,"MyTutor is a web platform built with Java, Vaadin, and Spring Boot that simplifies university Tutor and TA management. It handles applications, scheduling, and admin with secure, role-based access for students, tutors, and course convenors."
1023686225,LostHopes/interactive-learning-api,https://github.com/LostHopes/interactive-learning-api,flag:name:learning,java; kafka; learning; redis; spring-boot,Interactive learning for kids and students
1020906316,Siddhantkr19/Spring-JPA-one-to-one-etc-....,https://github.com/Siddhantkr19/Spring-JPA-one-to-one-etc-....,flag:description:how to,hibernate; java; jpa-relationships; mysql; rest-api; spring-boot; spring-data-jpa,"This is my practice project for learning Spring Data JPA. I built this to understand how to connect database tables using One-to-One, One-to-Many, and Many-to-Many mappings in Spring Boot."
1016756230,shubhamv108/demo-quartz-cluster-mode,https://github.com/shubhamv108/demo-quartz-cluster-mode,flag:name:demo,liquibase; postresql; quartz-scheduler; spring-boot,
1025571836,neemasadry/CodeWithMoshStore,https://github.com/neemasadry/CodeWithMoshStore,flag:description:tutorial,intellij-idea; java; maven; spring; spring-boot,Tutorial building simple online store app with Java and Spring Boot
1017191082,AlekseyBykov/jaxb-demo,https://github.com/AlekseyBykov/jaxb-demo,flag:name:demo,demo; generation; java; jaxb; marshalling; maven-jaxb2-plugin; schemagen; spring-boot; spring-oxm; unmarshalling; xml; xsd,"Spring Boot demo for JAXB with XSD generation and XML binding. Includes maven-jaxb2-plugin, .xjb bindings, and Spring OXM integration for marshaling/unmarshaling."
1026142551,ArmoNexus-Tech/public-reviews-system,https://github.com/ArmoNexus-Tech/public-reviews-system,flag:description:course,distance-calculation; gogleapi; java17; jwt-authentication; jwt-bearer-tokens; location-tracking; mapstruct; mysql; spring-boot; spring-security,"Creating a Review Management System for a college or coaching center and many more categories application involve enabling users and other stakeholders (like parents or alumni) to provide feedback on courses, infrastructure, etc. A moderate but powerful feature set will balance usability, analytics, and moderation. "
1025267866,rsr007/microservice-pattern-demo,https://github.com/rsr007/microservice-pattern-demo,flag:name:demo,api-gateway; circuit-breaker; eureka; java; microservices; rate-limiter; spring-boot,"A demo project showcasing essential microservices design patterns using Spring Boot and Spring Cloud. Includes implementations of Circuit Breaker (Resilience4j), Rate Limiting (Bucket4j), and Service Discovery (Eureka Server)."
1014024774,prateekgulatidev/snapskills,https://github.com/prateekgulatidev/snapskills,flag:description:course,api-gateway; aws; backend; course-platform; docker; edtech; github-actions; java; kafka; keycloak; kubernetes; microservices; nextjs; postgresql; react; react-native; scalable-architecture; spring-boot; video-streaming,"SnapSkills – A scalable EdTech platform blending short-form video learning with structured courses. Built with Spring Boot microservices, React Native, and Next.js. Designed to handle 1M+ users using Kubernetes, Kafka, and PostgreSQL."
1015101633,builtbyanthony/springboot-resilience4j-demo,https://github.com/builtbyanthony/springboot-resilience4j-demo,flag:name:demo,backend; circuit-breaker; fault-tolerance; java; microservices; resilience4j; retry-pattern; spring-boot; system-design,Spring Boot app with Resilience4j for Retry & CircuitBreaker
1014165621,Moushinanjum/railway-management-system,https://github.com/Moushinanjum/railway-management-system,flag:description:course,java; spring; spring-boot; spring-security,"This is a backend project done using java spring framworks in contrast of completion of  ""Java spring Frameworks ""course presented by IDGE ICT DIVISION"
1019804493,brianjknight/knight.brian.udemy.spring.09-18-jpa-many-to-many,https://github.com/brianjknight/knight.brian.udemy.spring.09-18-jpa-many-to-many,flag:description:course,spring-boot,Udemy Spring Boot Section 9: JPA Hibernate Advanced Mappings - ManyToMany Courses & Students
1020608987,victorpaularony/course,https://github.com/victorpaularony/course,flag:name:course; flag:description:course,h2-database; java; spring; spring-boot,"This is a RESTful API for managing courses in a learning management system (LMS). The API allows you to perform CRUD operations on courses, enrollments, and course outlines."
1019948729,samriddh16/Learning-SpringBoot,https://github.com/samriddh16/Learning-SpringBoot,flag:name:learning,hibernate-orm; java; jdbc; mongodb; mysql; oracle; spring; spring-boot; spring-jpa; spring-mvc; spring-security,Learning spring boot and microservices 
1014005940,dev-priyanshu15/spring-xml-bean-configuration-demo,https://github.com/dev-priyanshu15/spring-xml-bean-configuration-demo,flag:name:demo; flag:description:tutorial,bean-factory; dependency-injection; spring-boot; spring-framework; xml-configuration,"A comprehensive Spring Boot tutorial demonstrating XML-based bean configuration, dependency injection patterns, and factory method implementation with step-by-step debugging guide."
1031737821,honoka-studio/qqrobot-demo,https://github.com/honoka-studio/qqrobot-demo,flag:name:demo,gradle; java; kotlin; qqbot; spring-boot,QQ机器人项目示例
1030532276,rahmasir/notification-service,https://github.com/rahmasir/notification-service,flag:description:course; flag:description:bootcamp,java; lombok; notification; service; spring-boot,"This program will be the second week task of Hammasir Bootcamp (of course, just the beginning). In this program, I want to create a simple notification service based on spring boot"
1036249179,furkankayam/spring-microservices-security-example,https://github.com/furkankayam/spring-microservices-security-example,flag:name:example,api-gateway; consul; docker; docker-compose; java; spring; spring-boot; spring-cloud; spring-security-jwt,🛡️ Secure microservices platform using Spring Security and distributed authentication
1028277999,bootify-io/spring-boot-jte-example,https://github.com/bootify-io/spring-boot-jte-example,flag:name:example,crud; example; jte; spring-boot; spring-boot-examples,Discover a real example of jte with Spring Boot
1039082188,rahmasir/fm-notification-service,https://github.com/rahmasir/fm-notification-service,flag:description:bootcamp,gfr; hammasir; java; maven; microservice; neshan; neshan-map; queue; rabbitmq; rahmasir; spring; spring-boot,freelancer marketplace: notification service - final project of hammasir bootcamp | Notifications that can be sent to this service from other services are handled through queues and rabbitMQ
1029666603,DevanshSharmaT-T/nex-event,https://github.com/DevanshSharmaT-T/nex-event,flag:description:course,cdac; java; react; spring-boot,"This is a C-DAC end term project, showcasing my learning of the Spring core and the React framework. Along with this .Net core and many other frameworks learned in the course."
1039082921,rahmasir/fm-project-service,https://github.com/rahmasir/fm-project-service,flag:description:bootcamp,application; gfr; hammasir; java; maven; neshan; neshan-map; project; project-management; project-manager; rahmasir; spring; spring-boot,freelancer marketplace: project service - final project of hammasir bootcamp | This service handles operations related to projects
1028158052,lucasaita1/MagicChefAI,https://github.com/lucasaita1/MagicChefAI,flag:description:how to,ai; backend; chatgpt; docker; food; java; receitas; spring-boot; sql,"(EN-USA) - An AI chef that takes your available or favorite ingredients, creates a recipe, and teaches you how to make it!     (PT-BR)  - Um chefe de cozinha IA que recebe seus ingredientes disponíveis ou favoritos, monta uma receita e te ensina a fazer! "
1038971176,Superljf/SpringBoot-demo,https://github.com/Superljf/SpringBoot-demo,flag:name:demo,openai; quartz; spring-boot,这是一个完整的 Spring Boot 示例项目，主要演示了以下功能：  SpringDoc OpenAPI 3.0 自动生成 API 文档 Spring Security RBAC 权限管理 RabbitMQ 消息队列集成（直接队列、分列模式、主题模式、延迟队列） AOP 日志记录 Spring Boot Admin 监控 Quartz 定时任务 Redis 缓存集成
1038871931,Raissa-Yoshioka/microservices-dio-nttdata,https://github.com/Raissa-Yoshioka/microservices-dio-nttdata,flag:description:bootcamp,docker; docker-compose; eureka-service-discovery; microservices; spring-boot; spring-cloud,"Desafio de Projeto Final do bootcamp NTT Data da DIO. Desenvolvimento de uma aplicação de um sistema de catálogo de produtos e simulação de pedidos baseado em microsserviços utilizando Spring Boot/Cloud, que inclui Dockerização."
1037337727,GabyB73/Bootcamp_IT_Academy,https://github.com/GabyB73/Bootcamp_IT_Academy,flag:description:bootcamp,api-rest; git; github; java; mongodb; mysql; oop; spring-boot,"Colección organizada de todos los ejercicios y proyectos realizados en el Bootcamp IT Academy, como parte de mi formación en desarrollo backend con Java."
1030730183,arbabzadehmh/ticketing_spring_sample,https://github.com/arbabzadehmh/ticketing_spring_sample,flag:name:sample,docker; flyway; grafana; java; kafka; mongodb; ocr; openfeign; oracle; postgresql; prometheus; redis; spring-boot; spring-security; tesseract; thymeleaf,"Enterprise Ticketing Management System built with Spring Boot, Redis, Kafka, OCR, Docker, PostgreSQL, MongoDB, Prometheus and Grafana."
1027305146,Privatech38/spring-boot-demo,https://github.com/Privatech38/spring-boot-demo,flag:name:demo,demo; learning-project; spring-boot,"A demo application meant as a project for learning Spring Boot, Flyway and Hibernate/JPA."
1031231127,keitan339/springboot-db-replication-example,https://github.com/keitan339/springboot-db-replication-example,flag:name:example,docker; java; maven; postgresql; spring-boot; springframework,DBのPrimaryとReplicaに接続するサンプル
1037145168,mattrm3/GoogleReCaptcha-BackEnd-Example,https://github.com/mattrm3/GoogleReCaptcha-BackEnd-Example,flag:name:example,anti-bot; backend; cors; ejemplo; java; security; spring-boot,🐙 Backend en Java con Spring Boot que verifica tokens de Google reCAPTCHA en una API REST; soporta v2/v3 y CORS listo para frontend.
1033869755,Einarr07/platform_movies,https://github.com/Einarr07/platform_movies,flag:description:course,docker; gradle; java; jdk-21; platzi; spring-boot,"This is a course project in Platzi, where it manages DB movies. This is one of the projects that helped me learn spring boot"
1029956692,Arthur-Pereira-5019/Java-with-Spring-Boot-Udemy,https://github.com/Arthur-Pereira-5019/Java-with-Spring-Boot-Udemy,flag:description:course,java; learning; spring-boot; udemy-course,Repository to save my activities and projects from my Udemy Spring Boot course
1034630041,AlekseyBykov/sdk-api-demo,https://github.com/AlekseyBykov/sdk-api-demo,flag:name:demo,client; demo; java-21; multithreading; rate-limiter; rest-api; scheduled-tasks; sdk; spring-boot; synchronization,Demo of a Java API Client for a Spring Boot REST service.
1033249293,trandung2k1/spring-boot-demo,https://github.com/trandung2k1/spring-boot-demo,flag:name:demo,spring-boot; spring-security; swagger-ui,
1029713184,usman-ghafoorzai/idatt2104-nettverksprogrammering,https://github.com/usman-ghafoorzai/idatt2104-nettverksprogrammering,flag:description:course,https; java; network-programming; sockets; spring-boot; tcp; udp; websocket,"IDATT2104 networking coursework at NTNU with TCP, UDP, HTTPS, WebSocket and Spring Boot exercises."
1030839324,markfodor/live-events-microservice,https://github.com/markfodor/live-events-microservice,flag:description:how to,gradle; java; kafka; microservice; spring-boot,Demo application showcases how to build a Java microservice 
1031925890,dashaun/spring-cloud-vault-demo,https://github.com/dashaun/spring-cloud-vault-demo,flag:name:demo,spring-boot; vault,Quick demonstration of Spring Cloud Vault
1031269809,hagag1919/skillup,https://github.com/hagag1919/skillup,flag:description:course,backend; e-learning-platform; java; jwt-authentication; spring-boot,"SkillUp is a comprehensive e-learning platform built with Spring Boot that provides a complete solution for online education. The platform supports multiple user roles (Students, Instructors, and Administrators) and offers a full-featured course management system similar to Udemy or Coursera."
1035959765,Anjali-Jha-dev/java-learning-journey,https://github.com/Anjali-Jha-dev/java-learning-journey,flag:name:learning,backend-development; coding-exercises; java; java-basics; java-oops; java-practice; java-projects; learning; programming; spring-boot,"Documenting my path to becoming a Java developer, with exercises, notes, and projects."
1033852266,Ejada-Java-Backend/Online-Course-Managment,https://github.com/Ejada-Java-Backend/Online-Course-Managment,flag:name:course; flag:description:course,api-security; backend; course-platform; database; education-tech; java; online-course-platform; rest-api; spring-boot; user-enrollment,"Online Course Management is a Java Spring Boot backend for handling courses, students, and instructors. It provides APIs for enrollment, course creation, and content delivery in an e-learning platform."
1032317386,rahmasir/query-by-example,https://github.com/rahmasir/query-by-example,flag:name:example,java; jpa; postgresql; query; spring-boot,Based on YouTube video - Dan Vega
1027338958,brianjknight/knight.brian.udemy.spring.10-23-spring-boot-aop-mvc-crud-demo-employees,https://github.com/brianjknight/knight.brian.udemy.spring.10-23-spring-boot-aop-mvc-crud-demo-employees,flag:name:demo,aop; spring-boot; spring-crud; spring-mvc,Udemy Spring Boot Section 10: AOP - Spring MVC CRUD Demo
1039058372,sures-g/sample-test,https://github.com/sures-g/sample-test,flag:name:sample,cloudbuild; cloudrun; java; spring-boot,"Spring Boot Application: CloudBuild for build and deploy, CloudRun for running in GCP"
1027652604,nzuwera/spring-kafka,https://github.com/nzuwera/spring-kafka,flag:description:tutorial,docker-compose; kafka; spring-boot,Spring boot Kafka Tutorial - Consumer / Producer
1033784638,aswath0001/CAS,https://github.com/aswath0001/CAS,flag:description:course,jwt-authentication; multipartfile; spring-boot; sql,"Course Allocation System A Spring Boot backend with JWT authentication for managing courses and students. Supports bulk data upload via Excel/TXT files and provides Swagger API documentation. Features include CRUD operations, secure endpoints, and batch processing. Built with Spring Data JPA and modular architecture for scalability."
1031457184,IsraaXx/Student-Course-Management_BanqueMisr,https://github.com/IsraaXx/Student-Course-Management_BanqueMisr,flag:name:course; flag:description:course,api; crud-operation; dto; java; jpa-hibernate; mysql; postman; rest-controller; spring-boot," A Spring Boot backend application to manage students, courses, and categories with JPA, MySQL, and RESTful APIs. Clean architecture with DTOs and Postman-tested endpoints."
1031797099,dhku/kafka-messaging-sample,https://github.com/dhku/kafka-messaging-sample,flag:name:sample,kafka; kafka-consumer; kafka-producer; spring-boot,카프카를 이용한 통신 예제 | Example of Communication Using Kafka
1030492670,Ignacio-Molina-0804/MercadoPagoSDK-Example,https://github.com/Ignacio-Molina-0804/MercadoPagoSDK-Example,flag:name:example,api; api-rest; java; java-17; mercadopago; mercadopago-api; mercadopago-sdk; spring; spring-boot,Integrá Mercado Pago en tu app Java de forma rápida y segura. Ejemplo simple con Java y Spring Boot para probar el flujo de pagos sin complicaciones.
1030432013,AlekseyBykov/event-driven-demo,https://github.com/AlekseyBykov/event-driven-demo,flag:name:demo,async-messaging; asynchronous; demo; event-driven; microservices; postgresql; rabbitmq; spring-boot,"Event-driven microservices demo using Spring Boot, RabbitMQ, and PostgreSQL. Asynchronous communication between services with persistent storage."
1033700118,montytsai/currency-api-demo,https://github.com/montytsai/currency-api-demo,flag:name:demo,coindesk; currency; java; rest-api; spring-boot,Spring Boot backend project for currency CRUD operations and Coindesk API integration with comprehensive testing and CI automation.
1035026913,baekchangjoon/MailosaurDemo,https://github.com/baekchangjoon/MailosaurDemo,flag:name:demo,e2e-testing; email-testing; java; mailosaur; otp; playwright; react; spring-boot; typescript; vite,"Full-stack demo of E2E-testing OTP email flows with Mailosaur: Spring Boot backend, React frontend, Playwright tests that read the OTP email automatically"
1031446113,Ignacio-Molina-0804/GoogleReCaptcha-BackEnd-Example,https://github.com/Ignacio-Molina-0804/GoogleReCaptcha-BackEnd-Example,flag:name:example,anti-bot; api-rest; backend; cors; ejemplo; google-recaptcha; java; recaptcha; security; spring-boot,Backend en Java Spring Boot que verifica Google reCAPTCHA (v2/v3) para proteger formularios y APIs de bots. Incluye configuración CORS lista para frontend y endpoint REST para validación de tokens.
1050026771,kuldeepsingh99/google-a2a,https://github.com/kuldeepsingh99/google-a2a,flag:description:how to,a2a-mcp; a2a-protocol; mcp-server; ollama; spring; spring-boot; springai,"About Pure java implementation of Google A2A protocol. This project demonstrates how to build an A2A-compliant multi-agent system using Spring Boot, Ollama, and the Agent-to-Agent (A2A) protocol. The architecture is based on a Parent Agent that orchestrates multiple Child Agents (e.g., Order Agent, Seller Agent). "
1044699381,nostronmo/spring-samples,https://github.com/nostronmo/spring-samples,flag:name:sample; flag:name:samples,aws-lambda; grpc-example; java; kafka; paypal-integration; postgresql; rabbitmq; spring-boot; spring-mail; spring-security; spring-security-jwt,
1048729517,furkankayam/iot-influxdb-example,https://github.com/furkankayam/iot-influxdb-example,flag:name:example,docker; docker-compose; esp32; influxdb; java; mqtt; spring-boot,✅ Spring Boot InfluxDB Example
1041553643,kylehoehns/ecommerce-demo,https://github.com/kylehoehns/ecommerce-demo,flag:name:demo,ai; anthropic; embabel; java; llm; mcp; openai; spring-boot,AI-powered customer support agent demo using Rod Johnson's Embabel framework for Java Spring Boot applications
1041849636,furkankayam/spring-grpc-project,https://github.com/furkankayam/spring-grpc-project,flag:description:how to,docker; docker-compose; gradle; grpc; java; postgresql; protobuf; spring-boot,"✅ This application is a Spring Boot project that leverages gRPC for high-performance, scalable, and efficient inter-service communication. It is designed to demonstrate how to build modern microservices using gRPC in a Spring Boot environment."
1052626314,Ye-jee/fastCampus_course04,https://github.com/Ye-jee/fastCampus_course04,flag:name:course; flag:description:course,spring-boot; spring-jpa; spring-security,강의 <시그니처 백엔드 Path> [Course04] (배달 플랫폼) 프로젝트로 시작하는 웹서비스 개발
1052609315,Ye-jee/fastCampus_course03,https://github.com/Ye-jee/fastCampus_course03,flag:name:course; flag:description:course,crud; mysql; restapi; spring-boot,"강의 <시그니처 백엔드 Path> [Course03] 웹 개발 입문, 데이터베이스"
1051917469,destrutoyt/spring-rest-demo,https://github.com/destrutoyt/spring-rest-demo,flag:name:demo,api-rest; crud; java; mysql; postman; rest-api; spring; spring-boot,
1052327650,withwooyong/openai-demo,https://github.com/withwooyong/openai-demo,flag:name:demo,demo; java; llm; openai; spring-ai; spring-boot,Spring AI 로 OpenAI 의 채팅 · 임베딩 · 이미지 · 음성 · 모더레이션 · 툴 호출을 하나씩 확인하는 학습용 저장소. 기능별 테스트 케이스가 본체다.
1042830271,starkbaknet/spring-boot-batch-processing,https://github.com/starkbaknet/spring-boot-batch-processing,flag:description:course,api; batch-processing; h2-database; java; spring-boot,A minimized Spring Boot application for processing course invitations using batch processing.
1050943041,AlekseyBykov/weather-map-demo,https://github.com/AlekseyBykov/weather-map-demo,flag:name:demo,chartjs; cicd; demo; devops; forecast; github-actions; leaflet; pipeline; spring-boot; vps; weather,Spring Boot demo with interactive weather map (Leaflet.js + Chart.js) and auto-deploy to VPS via GitHub Actions.
1053746545,abhishekomp/springboot-demo,https://github.com/abhishekomp/springboot-demo,flag:name:demo,h2-database; spring-boot; swagger; swagger-ui,Collection of individual projects related to Spring Boot and related technology
1042365605,Jeysiva-apjs/Skill-Up,https://github.com/Jeysiva-apjs/Skill-Up,flag:description:course,jakarta-validation; java; jpa-hibernate; junit5; lambok; maven; mockito; mysql-database; restful-api; spring-boot; spring-security,Spring Boot REST API application for online course buying and selling.  
1051886937,ArthurPRodrigues/NinjasRegister,https://github.com/ArthurPRodrigues/NinjasRegister,flag:description:course,api; backend; java; spring-boot,An API to register ninjas for the Java 10x Course.
1049512532,mattslagle44/sample,https://github.com/mattslagle44/sample,flag:name:sample,java; rest-api; sample-project; spring-boot,Minimal Spring Boot REST API with validation and tests (sample code project).
1042767661,parth-els/swiftpass,https://github.com/parth-els/swiftpass,flag:description:bootcamp,java; jwt; maven; postgresql; spring-boot,Capstone project for Team 1 at Elsevier 3B Bootcamp 2025.
1040952165,Hackathon-ONE/Back-E-learning,https://github.com/Hackathon-ONE/Back-E-learning,flag:name:learning,java17; jdbc-driver; jpa; postgresql; spring-boot; swagger-ui,Plataforma de aprendizaje electrónico
1040917857,Itaxo01/AvaliaUFSC,https://github.com/Itaxo01/AvaliaUFSC,flag:description:course,css; html; java; javascript; spring-boot; sql; university-project,Fullstack web application for professor and course rating and review for the Federal University of Santa Catarina. 
1044492024,JohannesRabauer/langchain4j-spring-jpa-memory,https://github.com/JohannesRabauer/langchain4j-spring-jpa-memory,flag:description:how to,jpa; langchain4j; llm; llm-memory; spring-boot,Demo to show how to use memory storage with LangChain4J and Spring Data
1042553306,vultrnerd/hexarch-demo,https://github.com/vultrnerd/hexarch-demo,flag:name:demo,angular; hexagonal-architecture; spring-boot,Sample hexagonal architecture implementation 
1043210446,aeboyaci/fx-demo,https://github.com/aeboyaci/fx-demo,flag:name:demo,ddd; hexagonal-architecture; kafka; postgresql; redis; spring-boot,"FX Demo is a Spring Boot reference applying DDD and Hexagonal Architecture to a currency-exchange domain, featuring JWT auth, Kafka messaging, Redis caching, and PostgreSQL persistence."
1052173823,Enugula-Manasa/Student-Management-System,https://github.com/Enugula-Manasa/Student-Management-System,flag:description:course,backend; crud-operations; data-sorting; h2-database; java; maven; rest-api; spring-boot; student-management,"A backend application for managing student records, developed using Core Java, Spring Boot, and SQL (H2 Database). The system allows users to create, update, and view student records, manage courses and grades, and sort student data for better organization and reporting."
1053260698,dharaneesh-sm/Spring-Security-Demo,https://github.com/dharaneesh-sm/Spring-Security-Demo,flag:name:demo,spring-boot; spring-security,
1052804975,souzafcharles/ghibli-studio-api,https://github.com/souzafcharles/ghibli-studio-api,flag:description:tutorial,h2-database; java; maven; restful-api; spring-boot; spring-data-jpa; validation; webclient; webflux,☕ Java Spring Boot project developed based on a tutorial by Sorai Tech
1045583992,winter000boy/calculatorapi,https://github.com/winter000boy/calculatorapi,flag:description:how to,apache; java; java-8; junit5; mockito-junit-test; spring-boot; spring-mvc; tomcat-server,"This project is a simple yet robust RESTful API for performing basic calculator operations, built with Java and Spring Boot. It demonstrates how to create REST endpoints and handle backend logic for arithmetic computations in a scalable, maintainable way."
1045629500,Chandan1693/java-k8s-cicd-demo,https://github.com/Chandan1693/java-k8s-cicd-demo,flag:name:demo,ci-cd; devops; java; jenkins; kubernetes; sonarqube; spring-boot; trivy,End-to-end CI/CD pipeline: Java Spring Boot → Jenkins → Docker → Kubernetes (with SonarQube & Trivy).
1066946384,TranHoan-backend-dev/LabVerse,https://github.com/TranHoan-backend-dev/LabVerse,flag:description:course,android-application; java; microservices-architecture; mongodb; mssql; mysql; react-vite-typescript; spring-boot; sqlite,Research Paper Management System - A group project of PRM392 (Mobile Programming) and MSS (Microservice and Cloud) courses in the FPT University
1066126530,sumedhahire/spring-boot-eureka-grpc-feign-simplified,https://github.com/sumedhahire/spring-boot-eureka-grpc-feign-simplified,flag:description:tutorial,eureka-client; eureka-discovery-service; eureka-server; feign; feign-client-example; grpc; hibernate-jpa; intellij; java; lombak; maven; microservices-architecture; pom; spring-boot; spring-mvc,"Spring Boot tutorial: bidirectional microservices using Eureka, Feign, gRPC, and Hibernate."
1054821711,bayembacke221/demo-springboot-keycloak-auth-crud,https://github.com/bayembacke221/demo-springboot-keycloak-auth-crud,flag:name:demo,api; api-rest; authentication; authorization; crud; keycloak; postgresql; spring-boot; spring-security; sql,"Ce repo propose une démo Spring Boot intégrée à Keycloak pour la gestion de l’authentification et l’autorisation. Il illustre un CRUD sécurisé avec API REST, montrant comment protéger les ressources, gérer les rôles et utilisateurs, et simplifier l’intégration d’un Identity Provider moderne dans une application Java."
1064091845,ManiNasrollahi/spring-encrypt-decrypt-request-params,https://github.com/ManiNasrollahi/spring-encrypt-decrypt-request-params,flag:description:how to,cripto; java; rest-api; spring-boot,"Spring Encode-Decode Request Params is a Spring Boot project demonstrating how to encode and decode query parameters, path variables, and request bodies in controllers"
1054840361,bootify-io/spring-boot-mongodb-example,https://github.com/bootify-io/spring-boot-mongodb-example,flag:name:example,docker-compose; mongodb; rest-api; spring-boot; spring-boot-example; spring-boot-mongodb; swagger-ui,Explore a Spring Boot MongoDB example and best practices
1060878980,snds-prfct/transactional-outbox-pattern-example,https://github.com/snds-prfct/transactional-outbox-pattern-example,flag:name:example,docker; flyway; github-actions; java; postgresql; spring-boot; spring-data-jpa; swagger; testcontainers,"Implementation of the ""Transactional Outbox"" Pattern using the example of an Order Creation System. Java 25, Spring Boot 4, PostgreSQL, Kafka, Docker"
1066662193,sumitmadaan16/spring-security-demo,https://github.com/sumitmadaan16/spring-security-demo,flag:name:demo,authentication; backend; backend-api; java; jwt; jwt-authentication; jwt-token; postgresql; rest-api; restful-api; spring-boot; spring-mvc; spring-security; springboot,"Spring Boot project with user registration, password encryption, and Basic Auth using Spring Security. Stateless session management, PostgreSQL integration, and clean layered architecture. Ideal for backend authentication demos."
1058468727,h3yzack/spring-boot-jwt-microservices-example,https://github.com/h3yzack/spring-boot-jwt-microservices-example,flag:name:example,api-gateway; authentication; authorization; dev-container; docker; gradle; java; jwt; mariadb; microservices; spring-boot,"Example project demonstrating a microservices architecture with Spring Boot, secured using JWT. Includes authentication, authorization, and inter-service communication."
1059138068,meAltf/springboot-mongodb,https://github.com/meAltf/springboot-mongodb,flag:description:how to,mongodb; openapi-documentation; spring-boot; spring-mvc; spring-security; swagger-ui,This project serves as a basic example of how to connect a Spring Boot application to a MongoDB database. It provides a foundation for building more complex applications that require NoSQL data storage.
1062017448,h3yzack/spring-boot-kafka-example,https://github.com/h3yzack/spring-boot-kafka-example,flag:name:example,docker; event-driven; gradle; grafana; java; kafka; loki; micrometer; microservice; observability; openapi3; prometheus; promtail; spring-boot; spring-webflux; zipkin,"A microservice architecture using Spring Boot, Apache Kafka, and an observability stack"
1066769679,Ayoub-Hamileddin/JWT-Authentication-and-Authorisation_Spring-Boot-Spring-Security-6-,https://github.com/Ayoub-Hamileddin/JWT-Authentication-and-Authorisation_Spring-Boot-Spring-Security-6-,flag:description:how to,api-security; authentication; authorization; jwt; spring-boot; spring-security,This project demonstrates how to implement JWT (JSON Web Token) authentication and authorization in a Spring Boot application using Spring Security. It covers:  User Registration and Login: Endpoints for user signup and login that generate JWT tokens.  Token-Based Authentication: Securing REST APIs by validating JWT tokens in request headers.  Role
1064879980,Pabitra-33/Spring_OAuth_Demo,https://github.com/Pabitra-33/Spring_OAuth_Demo,flag:name:demo,authetication; authorization; java; oauth2; oauth2-client; spring; spring-boot; spring-security,Developed a OAuth security basd Spring Boot application that use another application for authentication and authorization.
1054141345,AlberthMartin/E-commerceBackend,https://github.com/AlberthMartin/E-commerceBackend,flag:description:how to,java; mysql; spring-boot; spring-security-jwt,"E-commerce Backend built with Java Spring Boot, MySQL, Spring Security & JWT. I built this project to deepen my understanding of how to develop a professional backend using Java Spring Boot."
1066001674,mafei-dev/spring-boot-secondary-port-demo,https://github.com/mafei-dev/spring-boot-secondary-port-demo,flag:name:demo; flag:description:how to,spring-boot; webflux,Spring Boot demo projects illustrating how to configure multiple ports in both Servlet-based and Reactive applications.
1055116842,RaeckelboomP/Kafka-order-processing-demo,https://github.com/RaeckelboomP/Kafka-order-processing-demo,flag:name:demo,angular-20; devcontainer; docker; docker-compose; java-21; kafka; maven; spring-boot; websocket,"Event-driven order processing system using Kafka, WebSocket and hexagonal architecture."
1065448256,furkankayam/spring-boot-coverage-demo,https://github.com/furkankayam/spring-boot-coverage-demo,flag:name:demo,code-coverage; jacoco; java; junit5; spring-boot; test,✅ Spring Boot Coverage Demo
1055402156,dwiiipoetra/bookingapp,https://github.com/dwiiipoetra/bookingapp,flag:description:bootcamp,java-21; jpa; lombok; postgresql; spring-boot; spring-security; spring-swagger; spring-web,Final Task Project for Java Spring Bootcamp (Sinau Koding)
1058292530,Pablokaer/CourseEnrollment,https://github.com/Pablokaer/CourseEnrollment,flag:name:course; flag:description:course,h2-database; java; jpa; mysql; spring-boot; sql; thymeleaf,"A Spring Boot application for managing students and courses, featuring both a REST API and a web interface (Thymeleaf). This project demonstrates a full-stack backend solution with database persistence, relational mapping, and UI templates."
1061064011,NurayZhumabek/spring-rest-api-demo,https://github.com/NurayZhumabek/spring-rest-api-demo,flag:name:demo,spring-boot; validation,
1059429802,bhavyaa3/Monolithic-to-Microservice_Project,https://github.com/bhavyaa3/Monolithic-to-Microservice_Project,flag:description:how to,api-gateway; eureka-server; java; microservices; monolith; openfeign; postgresql; spring-boot; spring-cloud,"This project is a transformation of a **Monolithic Quiz Application** into a **Microservices-based Architecture**.   It demonstrates how to break down a monolith into independent, scalable, and loosely coupled services."
1061657906,iammahesh123/demo-project-crud,https://github.com/iammahesh123/demo-project-crud,flag:name:demo,java; mysql; spring-boot,demo project crud - project using Java.
1061901222,arasdenizhan/pcidss-demo,https://github.com/arasdenizhan/pcidss-demo,flag:name:demo,java; pci-dss; react; spring-boot; spring-security; typescript,PCI DSS Card Payment Project for second episode of Coding the Standards Medium Series.
1056180751,aayushdubeyy/Patient-Management,https://github.com/aayushdubeyy/Patient-Management,flag:description:course,api-gateway; docker; grpc; kafka; microservices; openapi-spec; spring-boot,"This is my biggest personal project, over the course of 1 year, whatever backend tech that has not been used by me, i used it here. It is a patient management service, as me and my friend got into competitive challenege of making a better project on same theme. It follows microservice architecture, grpc, kafka, api gateway and is an ongoing project"
1055606331,kartik0424/Student-Management-Java,https://github.com/kartik0424/Student-Management-Java,flag:description:course,java; jpa-hibernate; spring; spring-boot,"Student Management System – A RESTful Spring Boot application with PostgreSQL that manages Students, Courses, and Enrollments. Supports full CRUD operations, relational mapping with JPA/Hibernate, and API testing with Postman."
1056634970,ahmedmaksoud/rabbit-email-demo,https://github.com/ahmedmaksoud/rabbit-email-demo,flag:name:demo,email; notifications; rabittmq; spring-boot,
1058709522,fanyicharllson/learning-microservices,https://github.com/fanyicharllson/learning-microservices,flag:name:learning,api; java; kafka; microservice; rest; rest-api; spring; spring-boot,Learning Microservice by  Building an online shop in spring boot
1054015127,johanglarsson/java-spring-example,https://github.com/johanglarsson/java-spring-example,flag:name:example,spring-boot,Simple Java Spring Boot application with persistence following a feature based package structure. It uses score for generating kubernetes manifests
1063890058,zuzzok/api-tasks-demo,https://github.com/zuzzok/api-tasks-demo,flag:name:demo,api; crud; h2-database; java; lombok; rest-api; spring-boot; task-management,Task Management API con Spring Boot y H2 – REST API profesional para gestionar tareas con respuestas estandarizadas y manejo global de errores.
1061054402,thanthtooaung-coding/sample-java-grpc,https://github.com/thanthtooaung-coding/sample-java-grpc,flag:name:sample,grpc-java; spring-boot; spring-cloud,
1061889950,nontster/spring-boot-keycloak,https://github.com/nontster/spring-boot-keycloak,flag:description:how to,keycloak; spring-boot; thymeleaf,"Spring Boot Keycloak Integration. This project demonstrates how to integrate Spring Boot 3 with Keycloak for authentication and authorization, covering both a web UI with Thymeleaf and a REST API secured with JWT."
1058594343,ForwardMoth/kafka-demo-app,https://github.com/ForwardMoth/kafka-demo-app,flag:name:demo,docker; docker-compose; java; kafka; spring-boot,Two Spring Boot applications that demonstrate Kafka messaging between microservices
1068112903,SirajChaudhary/spring-boot-jwt-example,https://github.com/SirajChaudhary/spring-boot-jwt-example,flag:name:example; flag:description:how to,authentication; authorization; backend; java; jwt; rbac; rest-api; role-based-access-control; spring-boot; spring-security; stateless-auth; token-authentication,"A Spring Boot + Spring Security example showing how to issue and validate JWT (JSON Web Tokens), implement role-based access control (RBAC), and secure REST endpoints using stateless authentication."
1079282302,zahragholinia/kafkaExample,https://github.com/zahragholinia/kafkaExample,flag:name:example,docker; event-driven; java; kafka; microservice; spring-boot,"Spring Boot Kafka example demonstrating asynchronous messaging, producers, consumers, consumer groups, and event-driven communication."
1074504278,furkankayam/spring-boot-cqrs-example,https://github.com/furkankayam/spring-boot-cqrs-example,flag:name:example,cqrs; cqrs-pattern; design-patterns; docker; elasticsearch; java; postgresql; rabbitmq; spring-boot,"🔀 Simple Spring Boot CQRS with PostgreSQL, Elasticsearch, and RabbitMQ"
1070393291,TornovDutta/ChatApplication,https://github.com/TornovDutta/ChatApplication,flag:description:how to,java; kafka; kraft; spring-boot,This project is a simple real-time chat application built using Spring Boot and Apache Kafka. It demonstrates how to use Kafka as a message broker to send and receive messages between multiple users in real time.
1080376590,ghusta/demo-spring-boot-rest-openapi,https://github.com/ghusta/demo-spring-boot-rest-openapi,flag:name:demo,openapi; rest-api; spring-boot,Demo project for Spring Boot + REST API + OpenAPI support
1072360311,oryce/mai-crypto-5-sem,https://github.com/oryce/mai-crypto-5-sem,flag:description:course,cryptography; deal; des; diffie-hellman; feign; guice; java; jqwik; rc5; rc6; rijndael; rsa; spring-boot; swing,Labs for MAI's Cryptography Fundamentals course — 5th semester.
1069569924,ManiNasrollahi/spring-custom-security-expressions,https://github.com/ManiNasrollahi/spring-custom-security-expressions,flag:description:how to,java; spring-boot; spring-security; spring-web,This project demonstrates how to integrate custom Spring Security expressions into HTTP endpoint authorization using WebExpressionAuthorizationManager in Spring Boot / Spring Security.
1078777732,muzaffarvv/e-commerse,https://github.com/muzaffarvv/e-commerse,flag:description:how to,jpa-hibernate; jwt-token; learning-project; refresh-token; rest-api; role-based-access-control; spring-boot; spring-security,"This project has been a strong learning experience for me. Through building it, I gained a clear understanding of how entity relationships work, how tokens are used for authentication and authorization, how entities should be structured, and why choosing correct field types is critically important."
1069233048,SirajChaudhary/spring-boot-oauth2-google-authentication-example,https://github.com/SirajChaudhary/spring-boot-oauth2-google-authentication-example,flag:name:example; flag:description:how to,authentication; backend; google-oauth2; java; jwt; oauth2; openid-connect; rest-api; social-login; spring-boot; spring-security,"A Spring Boot + Spring Security + Google OAuth2 example showing how to configure OAuth2/OpenID Connect authentication, validate JWT tokens with the Google Authorization Server, and secure REST endpoints."
1075980406,furkanerd1/springboot-elasticsearch-demo,https://github.com/furkanerd1/springboot-elasticsearch-demo,flag:name:demo,elasticsearch; fulltext-search; spring-boot,
1072603189,MatheusSchingiry/StudentManager-API,https://github.com/MatheusSchingiry/StudentManager-API,flag:description:course,api; java; jpa; maven; postgresql; rest-api; spring-boot; student-management,"A RESTful API for managing an educational institution, built with Java and Spring Boot. This project aims to create a complete management system for students, courses, professors, and enrollments. Currently in development, with full CRUD functionality for the Student entity."
1076243029,souzafcharles/asteroid-collision-notification-service-nasa-api,https://github.com/souzafcharles/asteroid-collision-notification-service-nasa-api,flag:description:tutorial,java; kafka; mysql-database; spring-boot; spring-data-jpa; spring-web,☕ Java Spring Boot and Kafka project developed based on a tutorial by LeetJourney
1070218723,manojtharindu11/demo-springandspringboot,https://github.com/manojtharindu11/demo-springandspringboot,flag:name:demo,spring; spring-boot; spring-security-oauth2,"This repo contains Spring (no Boot) app demonstrating dependency injection with XML (spring.xml), Springboot application with Spring security configurations and Oauth2 configuration with Google and Github."
1074590417,marshalhayes/spring-aspire-demo,https://github.com/marshalhayes/spring-aspire-demo,flag:name:demo,aspire; csharp; dotnet; java; spring-boot,Showcasing how .NET Aspire can be used with Java Spring Boot applications
1073095368,TornovDutta/CICDPipeline,https://github.com/TornovDutta/CICDPipeline,flag:description:how to,cicd; github-actions; spring-boot,"This project demonstrates how to integrate Continuous Integration (CI) and Continuous Deployment (CD) into a Spring Boot application using GitHub Actions. It automates the process of building, testing, and deploying code whenever changes are pushed to the repository."
1069684429,SirajChaudhary/spring-boot-oauth2-keycloak-authentication-example,https://github.com/SirajChaudhary/spring-boot-oauth2-keycloak-authentication-example,flag:name:example; flag:description:how to,authentication; backend; docker; java; jwt; keycloak; oauth2; openid-connect; resource-server; rest-api; spring-boot; spring-security,"A Spring Boot + Spring Security + Keycloak Server example showing how to configure OAuth2/OpenID Connect authentication, validate JWT tokens issued by Keycloak, and secure REST endpoints."
1068717951,SirajChaudhary/spring-boot-oauth2-github-authentication-example,https://github.com/SirajChaudhary/spring-boot-oauth2-github-authentication-example,flag:name:example; flag:description:how to,authentication; backend; github-oauth2; java; jwt; oauth2; openid-connect; rest-api; social-login; spring-boot; spring-security,"A Spring Boot + Spring Security + GitHub OAuth2 example showing how to configure OAuth2/OpenID Connect authentication, validate JWT tokens with GitHub’s Authorization Server, and secure REST endpoints."
1073103895,CaptainCluster/data_intensive_assignment_3,https://github.com/CaptainCluster/data_intensive_assignment_3,flag:description:course,cli; college-assignment; database; postgresql; spring-boot,My solution for Assignment 3 of the Data-Intensive Systems LUT University course.
1074332048,alimiheb/springboot-CICD-demo,https://github.com/alimiheb/springboot-CICD-demo,flag:name:demo,docker; helm; java; jenkins; kubernetes; minukube; spring-boot,
1081601026,bs-public/spring-ai-demos,https://github.com/bs-public/spring-ai-demos,flag:name:demo,java; spring-ai; spring-boot,A collection of hands-on demos exploring various Spring AI features and use cases.
1080769771,SamaMostafa03/Spring_Thymeleaf_Student_Management,https://github.com/SamaMostafa03/Spring_Thymeleaf_Student_Management,flag:description:course,aws; hibernate-jpa; java; mvc; postgresql; role-based-access-control; spring; spring-boot; spring-security; thymeleaf,"A Spring Boot + Thymeleaf secured web application for managing students and courses — featuring add, update, delete, view, and search functionalities using JPA and PostgreSQL with role based access control and fully deployed on AWS Elastic Beanstalk with AWS RDS."
1080045224,adnewdebebe/amharic-tutor-springboot-thymeleaf-gemini-ai,https://github.com/adnewdebebe/amharic-tutor-springboot-thymeleaf-gemini-ai,flag:description:tutorial,ai; amharic; docker; educational-app; ethiopia; gemini-ai; h2-database; hibernate-jpa; language-learning; llm; postman; rest-api; spring-boot; spring-mvc; thymeleaf,"An Ethiopian Amharic language tutorial application built with Java, Spring Boot, Thymeleaf, and the Google Gemini LLM. Features IPA-backed (International Phonetic Alphabet) pronunciation, syllable breakdowns, and an easy to use interface."
1080374678,JavaGuy03/springboot-microservice-sample,https://github.com/JavaGuy03/springboot-microservice-sample,flag:name:sample,microservices; spring-boot; study-project,Một dự án Demo về microservice và cách hoạt động của kiến trúc trên
1070535321,SepulvedaRafael/amazonitrics,https://github.com/SepulvedaRafael/amazonitrics,flag:description:course,chartjs; java; mariadb; maven; spring-boot,"This project was developed as part of the Supervised Practical Activities (APS) of the Computer Science (CC) course at Paulista University, aiming to create a complete computational system for analyzing the performance of sorting algorithms (HeapSort, InsertionSort, MergeSort, and QuickSort)."
1069000982,tsnsoft/TSN_SpringBoot_demo,https://github.com/tsnsoft/TSN_SpringBoot_demo,flag:name:demo,api; java; netbeans; rest; rest-api; spring; spring-boot,Пример технологии Spring Boot на Java в NetBeans
1068505038,BogdanKocsis/OReilly-Java-Projects,https://github.com/BogdanKocsis/OReilly-Java-Projects,flag:description:course,backend; java; spring-boot,Projects and code examples developed as part of Java and Spring backend courses.
1070511294,angiek7/banking-microservice-demo,https://github.com/angiek7/banking-microservice-demo,flag:name:demo,docker; java; postgresql; rest-api; spring-boot,"Spring Boot REST API with JWT, PostgreSQL & Docker."
1070394658,SirajChaudhary/spring-boot-oauth2-custom-auth-server-example,https://github.com/SirajChaudhary/spring-boot-oauth2-custom-auth-server-example,flag:name:example,authentication; authorization; backend; java; jwt; jwt-authentication; oauth2; oauth2-authorization-server; resource-server; rest-api; security; spring-authorization-server; spring-boot; spring-security,"A Spring Boot + Spring Security example that demonstrates building a custom OAuth2 Authorization Server using Spring Authorization Server, issuing JWT tokens, and protecting REST endpoints with a Resource Server."
1074368279,jeetsavsani1173/gRPC-learning,https://github.com/jeetsavsani1173/gRPC-learning,flag:name:learning,backend; grpc; grpc-client; grpc-java; grpc-server; mysql-database; spring-boot,"Hands-on Java projects to learn gRPC including client-side, server-side, and bidirectional streaming examples for practical client-server communication."
1072007362,gsudharshan2002/genetix-lms-backend,https://github.com/gsudharshan2002/genetix-lms-backend,flag:description:course,jwt-authentication; learning-management-system; lms; monogodb; mysql; spring-boot,"Backend service for a Learning Management System that manages user data, course data, and enrollment data. The course content is stored in MongoDB. The entire application is built with role-based authentication using JWT and follows a scalable Spring Boot architecture."
1070136625,EngineerBoyy/rag-spring-boot-demo,https://github.com/EngineerBoyy/rag-spring-boot-demo,flag:name:demo,hacktoberfest; hacktoberfest-accepted; hacktoberfest2025; java; lambda-functions; rag; rag-chatbot; spring; spring-boot,Spring boot application using RAG
1079510386,NestorAndres1215/demo-api-gateway,https://github.com/NestorAndres1215/demo-api-gateway,flag:name:demo,api-gateway; api-rest; java; javascript; node; spring-boot,
1080737360,EriclesRibeiro/learning-spring-fridge,https://github.com/EriclesRibeiro/learning-spring-fridge,flag:name:learning,api; backend; java; java10x; spring-boot,Um projeto para treinar implementação de Springboot & Java em conjunto com o curso Java10x
1069910072,SirajChaudhary/spring-boot-oauth2-keycloak-authentication-with-rbac-example,https://github.com/SirajChaudhary/spring-boot-oauth2-keycloak-authentication-with-rbac-example,flag:name:example; flag:description:how to,backend; docker; java; jwt; keycloak; oauth2; openid-connect; rbac; resource-server; rest-api; role-based-access-control; spring-boot; spring-security,"A Spring Boot + Spring Security + Keycloak Server example demonstrating how to secure a REST API with OAuth2 authentication, JWT tokens, and method-level security with role-based access control (RBAC)."
1080844852,Carturo8/weatherapp-example,https://github.com/Carturo8/weatherapp-example,flag:name:example,api-consumption; java; rest-api; spring-boot; webclient,API REST en Spring Boot para consumir servicios externos de clima usando RestTemplate y WebClient.
1092872043,Mahi12333/Learning-Management-System,https://github.com/Mahi12333/Learning-Management-System,flag:name:learning,cloudinary; docker; docker-compose; email-template; hibernate; java; jpa; logstash; lombok; mapstruct; postgresql; spring-boot; websocket,Learning Management System
1083077068,mathias82/kafka-schema-registry-spring-demo,https://github.com/mathias82/kafka-schema-registry-spring-demo,flag:name:demo,avro; confluent-cloud; distributed-systems; docker; docker-compose; event-driven; event-streaming; java; kafka; microservice; microservices; postgresql; schema-evolution; schema-registry; spring; spring-boot; spring-data-jpa; spring-kafka,Kafka Schema Registry Spring Boot demo with Avro producer/consumer and PostgreSQL persistence
1088089359,NissonCX/Java-Course-Exp,https://github.com/NissonCX/Java-Course-Exp,flag:name:course,ai-integration; chongqing-university; course-project; java; jwt; langchain4j; learning; microservices; mybatis; mysql; nacos; rbac; spring-boot; spring-cloud; spring-cloud-alibaba; typescript; vue3,重庆大学计算机学院 Java 企业级应用开发选修课课程实验 - 从命令行应用到微服务架构的完整学习路径。包含 RBAC 权限系统、Vue3 前端工程、JWT + MyBatis 后端、AI 集成（LangChain4j + 通义千问）以及 Spring Cloud Alibaba 微服务架构
1086448788,codercuixin/springboot-rabbitmq-demo,https://github.com/codercuixin/springboot-rabbitmq-demo,flag:name:demo,producer-consumer; rabbitmq; spring-boot,这是一个完整的 Spring Boot + RabbitMQ 示例项目，展示了 Publisher 异步确认 和 Consumer 异步确认 的实现。
1084494754,domain-centric-development/dca-ecommerce-sample-java,https://github.com/domain-centric-development/dca-ecommerce-sample-java,flag:name:sample,archunit; clean-architecture; domain-driven-design; hexagonal-architecture; java; spring-boot; spring-modulith,"Domain-Centric Architecture reference implementation in Java: a Spring Boot shop with eight bounded contexts, tactical DDD, ports and adapters, and the dca-archunit rule catalog running in its build."
1094679407,semmidev/webflux-demo,https://github.com/semmidev/webflux-demo,flag:name:demo,java; javanio; mongodb; netty; spring-boot; webflux,Spring Web Flux Demo
1090481430,Sabarish-kumar-git/prometheus-grafana-demo,https://github.com/Sabarish-kumar-git/prometheus-grafana-demo,flag:name:demo,docker-compose; grafana-dashboard; prometheus; spring-boot,This project created for demonstrate spring boot application integrated with prometheus and grafana to monitor application metrics
1092227382,BALAMURALI-404/Learning-Springboot,https://github.com/BALAMURALI-404/Learning-Springboot,flag:name:learning,java; jdbc; maven; mysql; spring-boot; springboot,"A personal Java learning repository containing foundational Java programs, JDBC mini-projects, and experiments with Spring Boot and backend development concepts."
1087641948,kaunghtetzaw139432/redis-learning-project,https://github.com/kaunghtetzaw139432/redis-learning-project,flag:name:learning,java; practice-project; redis; redis-crud; spring-boot,redis-crud-practice-springboot
1084662483,upc-pre-202520-1asi0729-7327/learning-center-platform,https://github.com/upc-pre-202520-1asi0729-7327/learning-center-platform,flag:name:learning,assembler-pattern; cqrs-pattern; domain-driven-design; java; resource-pattern; restful-api; spring-boot; spring-data-jpa,"ACME Learning Center Platform, illustrating development with Java, Spring Boot Framework, and Spring Data JPA on MySQL Database. It also illustrates open-api documentation configuration and integration with Swagger UI."
1084556898,Carla-de-Beer/spring-ai-demo,https://github.com/Carla-de-Beer/spring-ai-demo,flag:name:demo,java; jdbc; spring-actuator; spring-ai; spring-boot,Spring AI demo project
1085655348,kiyx/bugboard26,https://github.com/kiyx/bugboard26,flag:description:course,bug-tracker; desktop-app; docker; flatlaf; hibernate; issue-tracker; java; java-swing; jpa; jwt; maven; mvc; postgresql; rest-api; software-engineering; sonarqube; spring-boot; university-project,"Distributed enterprise bug-tracking platform for collaborative software project management: Spring Boot 3 REST backend (JWT, JPA, PostgreSQL) and a Java Swing desktop client (MVC, FlatLaf, async UI). Software Engineering course project."
1093484190,alfdagos/Kafka-SpringBoot-Demo,https://github.com/alfdagos/Kafka-SpringBoot-Demo,flag:name:demo; flag:description:how to,dlq; event-driven; h2-database; integration-test; java; kafka; rest-api; spring-boot; spring-data-jpa; spring-kafka,Example (template) project demonstrating how to integrate Apache Kafka with Spring Boot in a modern Java application.
1091061438,it-at-m/evasys-eai,https://github.com/it-at-m/evasys-eai,flag:description:course,enterprise-application-integration; soap-api; spring-boot,An Enterprise Application Integration (EAI) solution for synchronizing course and trainer data between SAP and EvaSys
1089458100,manishpxl/maven-multi-module-project,https://github.com/manishpxl/maven-multi-module-project,flag:description:how to,java; maven; maven-pom; open-source; spring-boot,A simple Maven Multi-Module Project showcasing how to manage multiple Java modules with a single parent POM. 🚀
1090118600,PlatovD/spring_websocket_demo,https://github.com/PlatovD/spring_websocket_demo,flag:name:demo,spring-boot; websocket,
1088196281,jeetsavsani1173/Kafka-consumer-demo,https://github.com/jeetsavsani1173/Kafka-consumer-demo,flag:name:demo,docker; docker-compose; java; kafka; kafka-consumer; load-balancer; spring; spring-boot; zookeeper,"Spring Boot + Apache Kafka consumer example. Includes a @KafkaListener for consuming JSON messages, robust deserialization with ErrorHandlingDeserializer, and a Docker Compose file for Kafka/Zookeeper."
1096360534,Malcolm-G/store-spring-boot-demo,https://github.com/Malcolm-G/store-spring-boot-demo,flag:name:demo,docker; docker-compose; grafana; microservices; observability; spring; spring-boot; spring-cloud; spring-security,A Spring Boot e-commerce application built to demo Spring and its features
1084711260,shrinjoyp/enterprise-java-microservice,https://github.com/shrinjoyp/enterprise-java-microservice,flag:description:bootcamp,argocd; devops; gitops; helm; java; kind; kubernetes; spring-boot,Spring Boot Hello service for Argo CD Bootcamp 2 (Kind + Helm + GitOps)
1085230204,gabrielgollo/spring-boot-iceberg-spark-example,https://github.com/gabrielgollo/spring-boot-iceberg-spark-example,flag:name:example; flag:description:how to,aws; docker; docker-compose; iceberg; java; spark; spring-boot,Example project showing how to use Apache Iceberg with Java — using both the native API and Apache Spark integration.
1087833163,jeetsavsani1173/Kafka-producer-demo,https://github.com/jeetsavsani1173/Kafka-producer-demo,flag:name:demo,docker; docker-compose; java; kafka; kafka-producer; load-balancer; spring-boot; zookeeper,Spring Boot + Apache Kafka producer example. Includes a REST controller for publishing messages and a Docker Compose file for Kafka/Zookeeper.
1095814338,nedim-hairlahovic/spring-ai-demo,https://github.com/nedim-hairlahovic/spring-ai-demo,flag:name:demo; flag:description:how to,spring-ai; spring-boot,"Demo showing how to use Spring AI for chat, memory, structured output, RAG, and tool integrations."
1094794733,SirajChaudhary/springboot-mybatis-postgre-example,https://github.com/SirajChaudhary/springboot-mybatis-postgre-example,flag:name:example,backend; crud; java; maven; mybatis; pagination; postgresql; rest-api; sorting; spring; spring-boot; xml-mapper,"A Spring Boot + MyBatis + PostgreSQL example showcasing CRUD operations, dynamic search, sorting, pagination, and XML-based dynamic SQL."
1096981475,akikr/demo-kafka-app,https://github.com/akikr/demo-kafka-app,flag:name:demo; flag:description:how to,docker; docker-compose; grafana; jagger; java; kafka; kafka-consumer; kafka-producer; loki; observability; opentelemetry-collector; otlp; prometheus; spring-boot; testcontainers; zipkin,This project provides a simple example of how to use Spring Boot and Kafka to build a messaging application with observability
1097103217,sombriks/spring-security-demo,https://github.com/sombriks/spring-security-demo,flag:name:demo,java; spring-boot; spring-security,sample spring security configurations
1097414577,YosephGX/DemoSupermercado,https://github.com/YosephGX/DemoSupermercado,flag:name:demo,api-rest; exception-handler; h2-database; java; jpa-hibernate; lambda; lombok; maven; mysql-database; spring-boot; streams,"Ejercicio creado durante el curso de Spring Boot de TodoCode. Simulacion para el sistema de un supermercado. Para mas informacion, leer el README.md"
1087680783,aaditya1903/G-11-main,https://github.com/aaditya1903/G-11-main,flag:description:course,java; jpa; react; rest-api; spring-boot; tdd; typescript,"Java/Spring Boot + React/TypeScript course management system — student, professor and admin workflows with a layered JUnit test suite"
1085535254,semotpan/reactive-java-examples,https://github.com/semotpan/reactive-java-examples,flag:name:example; flag:name:examples,docker-compose; jackson; java; reactive-programming; redis; sftp; spring-boot; spring-integration; testcontainers; webflux; xml-parser,"A collection of reactive programming examples in Java 21, showcasing practical use cases across multiple reactive technologies and patterns."
1097713898,tobi-04/music_learn_studio_be,https://github.com/tobi-04/music_learn_studio_be,flag:description:course,java; oop; spring; spring-boot,Music making and publishing system along with providing music making courses with integrated automatic payment
1084854967,ercansormaz/spring-osiv-demo,https://github.com/ercansormaz/spring-osiv-demo,flag:name:demo,open-session-in-view; osiv; spring; spring-boot,Spring Boot OSIV demo showing performance impact and lazy-loading practices
1088447033,ShahbozbekYuldosh/ContactManager_to_SpringBasedJava,https://github.com/ShahbozbekYuldosh/ContactManager_to_SpringBasedJava,flag:description:how to,java; spring-boot; spring-core,"The ContactManager_to_SpringBasedJava project is a complete transformation of a traditional Java-based contact management system into a modern Spring Framework application. This project demonstrates how to migrate legacy Java applications into a modular, scalable, and maintainable Spring ecosystem using Spring Boot, Spring MVC, and Spring Data JPA."
1088172256,SirajChaudhary/springboot-mongodb-example,https://github.com/SirajChaudhary/springboot-mongodb-example,flag:name:example,aggregation; backend; crud; java; mongo-template; mongodb; pagination; projection; rest-api; sorting; spring-boot; spring-data-mongodb; transactions,"A Spring Boot + MongoDB sample showcasing CRUD, dynamic search, sorting, pagination, aggregation, projection, and transaction operations."
1084045689,copebble/prayerhouse-cicd-demo,https://github.com/copebble/prayerhouse-cicd-demo,flag:name:demo,github-actions; helm; kubernetes; spring-boot,CI/CD Pipeline Demo for my applications.
1089747218,Kanjica/Plataforma-E-learning,https://github.com/Kanjica/Plataforma-E-learning,flag:name:learning,backend; docker; elearning; flyway; java; jwt; postgresql; rest-api; spring-boot; spring-security,"API REST para plataforma de e-learning com autenticação JWT, geração de certificado em PDF e fórum de discussão. Construída com Spring Boot 3, PostgreSQL e Docker."
1092828114,Asiya338/PayPal_Provider_Service_Demo,https://github.com/Asiya338/PayPal_Provider_Service_Demo,flag:name:demo,java; microservices-architecture; mockito-junit-test; mysql; spring-boot; springjdbc,"A production-ready Spring Boot microservice that integrates with PayPal REST APIs for secure payment operations. It supports OAuth2 authentication, Create/Show/Capture Order workflows, request validation, error handling, and OpenAPI documentation. Built with Redis caching for optimized access-token retrieval, Resilience4j circuit breaker & retries "
1092851173,yofujitsu/url-shortener,https://github.com/yofujitsu/url-shortener,flag:description:course,java; shortlink-app; spring-boot,final project of the java course | 1st semester of masters at NRNU MEPhI
1107397738,retreever-org/retreever-spring-example,https://github.com/retreever-org/retreever-spring-example,flag:name:example,devtools; retreever; retreever-spring; spring-boot,The Project Demonstrates the use cases of `Retreever-Spring` - An Instant API Documentation and  Testing Tool.
1100964987,taez224/onlyoffice-demo,https://github.com/taez224/onlyoffice-demo,flag:name:demo,document-editor; java; onlyoffice; react; spring-boot; typescript,Spring Boot + React 기반 ONLYOFFICE 문서 편집 데모
1102104036,theautonomy/spring-http-service-client-examples,https://github.com/theautonomy/spring-http-service-client-examples,flag:name:example; flag:name:examples,restclient; spring; spring-boot,Spring Boot 4 Declarative HTTP Service Client Example
1104164291,drewharvey/vaadin-video-examples,https://github.com/drewharvey/vaadin-video-examples,flag:name:example; flag:name:examples,java; spring; spring-boot; ui; vaadin; vaadin-flow; webapp,Java web app projects demonstrating specific parts of the Vaadin Flow UI framework.
1113207333,crazyrunsnail/springboot-native-demo,https://github.com/crazyrunsnail/springboot-native-demo,flag:name:demo,mybatis; mybatis-plus; postgresql; spring-boot; spring-native,🚀 Spring Boot + Native + MyBatis-Plus + PostgreSQL 整合示例，实现快速启动与高效开发，包含中英文文档。
1111357375,kzi-nastava/mrs-team18-FleetForge,https://github.com/kzi-nastava/mrs-team18-FleetForge,flag:description:course,android; angular; material-design; openstreetmap; rest-api; ridesharing; spring-boot,"A full-stack ride-hailing platform modeled after Uber, developed across four university courses: Client-Side Engineering, Server-Side Engineering, Mobile Applications, and Software Testing. It features a Spring Boot REST API, an Angular web dashboard with real-time tracking, and a native Android application. "
1100458118,MatteoMammoliti/fleetgo-car-sharing-webapp,https://github.com/MatteoMammoliti/fleetgo-car-sharing-webapp,flag:description:course,angular; spring; spring-boot; spring-security,Final project for Web Applications course (University of Calabria - Bachelor's Degree in Computer Science)
1101097443,seonwooj0810/spring-demo,https://github.com/seonwooj0810/spring-demo,flag:name:demo,demo; java; spring-boot,"Spring Boot 회원 도메인 데모 — 패키지 구조(presentation/application/domain/repository) 계층 분리, Command/Query 리포지토리 구분, 공통 ApiResponse·BaseTimeEntity, P6Spy SQL 로깅, springdoc Swagger"
1106131084,alexdevzz/spring-hex-demo-jwt-auth,https://github.com/alexdevzz/spring-hex-demo-jwt-auth,flag:name:demo,application-layer; docker-compose; domain; domain-driven-design; hexagonal-architecture; infrastructure; java; jwt; jwt-authentication; maven; ports-and-adapters; postgresql; security; spring-boot,This project is a demonstration of implementing JWT Authentication within a Hexagonal Architecture using Spring Boot
1110845063,ivangfr/spring-boot-activemq-mailpit,https://github.com/ivangfr/spring-boot-activemq-mailpit,flag:description:how to,activemq; docker; java; mailpit; postgresql; spring-boot; spring-data-jpa; spring-web-mvc; tailwindcss,"The goal of this project is to demonstrate how to implement an email scheduling application using Spring Boot, ActiveMQ, PostgreSQL, and Mailpit. The application allows users to send emails immediately or schedule them for a later time. It also provides a web UI to view the history of scheduled emails and cancel pending ones."
1100465960,theekshana-nirmal/lms-backend,https://github.com/theekshana-nirmal/lms-backend,flag:description:course,backend; jwt-authentication; learning-management-system; lms; rest-api; spring-boot; spring-security,"A backend for a University Learning Management System (LMS) built with Spring Boot. Features include user authentication (Student/Teacher), course enrollment, email notifications, and resource sharing"
1102871544,SMWU-2025-02-Network/2025-02-Network-Server,https://github.com/SMWU-2025-02-Network/2025-02-Network-Server,flag:description:course,iot; java; network; spring-boot; tcp-socket; team-project,Team project repository for the 2025-2 Network Programming course (NetLibrary).
1105224782,idrsolutions/jdeli-spring-boot-example,https://github.com/idrsolutions/jdeli-spring-boot-example,flag:name:example,images; java; jdeli; spring-boot; springboot,An example Spring Boot Application to Upload & Convert Images Using JDeli
1102589513,akikr/demo-redis-app,https://github.com/akikr/demo-redis-app,flag:name:demo; flag:description:how to,docker; docker-compose; java; redis; redis-cache; spring-boot; testcontainers,This project provides a simple example of how to use Redis as cache-service in a Spring Boot application
1104127839,leandroblandi/spring-ai-demo-openai,https://github.com/leandroblandi/spring-ai-demo-openai,flag:name:demo,gemini-api; spring-ai; spring-boot,"Demo project for Spring AI, showcasing a clean and lightweight integration of AI capabilities using a simple, extensible Spring Boot setup."
1112537446,arnmacing/kvstore-demo,https://github.com/arnmacing/kvstore-demo,flag:name:demo,distributed-systems; docker; java; key-value-store; raft; sharding; spring-boot,"Distributed key-value store demo with sharding, Raft replication and Dockerized Java nodes."
1104208904,Dev-LucasLima/microservice-example,https://github.com/Dev-LucasLima/microservice-example,flag:name:example,cloudamqp; java; maven; microservices; mysql; postgresql; rabbitmq; spring-boot,This is a basic project to explore the microservice concepts
1107087089,up1/demo-springboot-4-opentelemetry,https://github.com/up1/demo-springboot-4-opentelemetry,flag:name:demo,opentelemetry; spring-boot,Spring boot 4.0.0 with OpenTelemetry
1104056158,iam-ssrivastav/caching-demo,https://github.com/iam-ssrivastav/caching-demo,flag:name:demo,caching; caffeine; performance; redis; spring-boot; system-design,"Spring Boot demo showcasing multi-level caching strategies with Redis and Caffeine. Implements cache-aside pattern, write-through, and cache warming. Interview-ready system design project."
1104072190,iam-ssrivastav/payment-idempotency-demo,https://github.com/iam-ssrivastav/payment-idempotency-demo,flag:name:demo,aop; idempotency; payment-processing; redis; spring-boot; system-design,"Spring Boot demo showcasing Idempotency pattern for payment processing. Prevents duplicate payments using Redis caching, custom @Idempotent annotation, and AOP aspects. Interview-ready system design project."
1101164350,piomin/sample-spring-web-with-db,https://github.com/piomin/sample-spring-web-with-db,flag:name:sample,arconia; dev-services; grafana; observability; postgresql; spring-boot; spring-data-jpa,Spring Boot REST API app that connects with Postgres for the demo purposes including Arconia framework
1102938548,arasdenizhan/http-service-demo,https://github.com/arasdenizhan/http-service-demo,flag:name:demo,api-integration; java; spring-6; spring-boot; spring-framework; spring-http-interfaces,Spring 6 HTTP Interfaces Demo Project for my Medium article. 
1104065027,iam-ssrivastav/rate-limiting-demo,https://github.com/iam-ssrivastav/rate-limiting-demo,flag:name:demo,api-security; rate-limiting; redis; spring-boot; system-design; token-bucket,Spring Boot demo implementing Rate Limiting using Token Bucket algorithm with Redis. Prevents API abuse and ensures fair resource usage. Interview-ready system design project.
1113155255,avinashkr91/security-demo-app,https://github.com/avinashkr91/security-demo-app,flag:name:demo,java; jdk17; spingboot4; spring-boot; spring-data-jpa; spring-data-redis; spring-security; spring-security-jwt,"Demo project showcases how real enterprise systems handle authentication, logout, and token revocation — the same pattern used by Auth0, AWS Cognito, Okta."
1102966001,3nr19u3/demo,https://github.com/3nr19u3/demo,flag:name:demo,antrophic; claude-code; cursor-ai; demo; java; java21; spring-boot,demo small aplication to try the cursor and claude code ia to make more easy development process
1100848487,iam-ssrivastav/system-design-demo,https://github.com/iam-ssrivastav/system-design-demo,flag:name:demo,design-patterns; event-driven; java; microservices; spring-boot; system-design,"Comprehensive Spring Boot e-commerce backend demonstrating 15+ design patterns and system design concepts. Includes event-driven architecture, caching, concurrency control, and extensive Javadoc. Interview-ready reference project."
1099074276,utej8553/demo-simple-server,https://github.com/utej8553/demo-simple-server,flag:name:demo,spring-boot,Simple server for testing
1111662296,vishwachary/MySpringBootTutorial,https://github.com/vishwachary/MySpringBootTutorial,flag:name:tutorial; flag:description:tutorial,actuator-spring-boot; datajpatest; spring-boot; testcontroller; validation; webmvctest; yml-configuration,MySpringBootTutorial
1110940611,icarojsbarros/docker-devops-demo,https://github.com/icarojsbarros/docker-devops-demo,flag:name:demo,backend; devops; docker; docker-compose; java; postgresql; rest-api; spring-boot,"DevOps Lab: Spring Boot Application containerized with Docker (Multi-stage), orchestrated via Docker Compose with PostgreSQL persistence."
1108590727,vahabov007/SpringAuth,https://github.com/vahabov007/SpringAuth,flag:description:how to,authentication-backend; exception-handling; extensible-architecture; jwt; refresh-token; registration-login; spring-boot; spring-security,"Spring Auth is a comprehensive authentication and authorization framework built with Spring Security, JWT (JSON Web Tokens), and industry-standard best practices. This project demonstrates how to design a secure, scalable, and production-ready authentication system using modern Spring features."
1104762968,leandroblandi/spring-ai-demo-mcp-server,https://github.com/leandroblandi/spring-ai-demo-mcp-server,flag:name:demo,ai; ai-integration; mcp; mcp-server; spring; spring-ai; spring-boot,"Demo project for Spring AI MCP, providing a clean and minimal setup for exposing server-side tools over the Model Context Protocol using a lightweight Spring Boot integration."
1109311649,ziedYazidi/payment-pipeline-demo,https://github.com/ziedYazidi/payment-pipeline-demo,flag:name:demo,apache-kafka; debezium-connector; kafka-connect; kafka-streams; postgresql; spring-boot,"Event-driven payment pipeline demo built with Spring Boot, PostgreSQL, Kafka, Kafka Connect (Debezium), and Kafka Streams. Demonstrates how a CRUD-based payment API can be integrated into a real-time streaming architecture using Change Data Capture, with Postgres as the source of truth and Kafka enabling scalable event processing."
1098028636,Swarnotaj003/Agentic-AI-for-CRUD-Application,https://github.com/Swarnotaj003/Agentic-AI-for-CRUD-Application,flag:description:tutorial,agentic-ai; java; mysql; spring-ai; spring-boot; spring-data-jpa; tutorial-code,Tutorial code to demonstrate the implementation of agentic AI for CRUD operations using Spring framework
1111332170,Aritra-Basak/real_world_concurrency,https://github.com/Aritra-Basak/real_world_concurrency,flag:description:how to,caching-memory; circuit-breaker; concurrency; h2-database; java; junit; multithreading; optimistic-locking; rate-limiting; resillience4j; spring-boot,A Spring Boot Based POC to define the real world concurrent user access. How to handle concurrency across the DataBase with proper Fault Tolerance.
1100804996,akikr/demo-postgres-app,https://github.com/akikr/demo-postgres-app,flag:name:demo,docker; docker-compose; grafana; jdbc; lgtm-stack; makefile; postgres; spring-boot,"This project provides a simple example of Spring Boot CRUD application with Postgres DB, docker-compose and LGTM Observability support"
1117930862,xuxiaowei-com-cn/spring-cloud-alibaba-example,https://github.com/xuxiaowei-com-cn/spring-cloud-alibaba-example,flag:name:example,spring-boot; spring-cloud; spring-cloud-alibaba,Spring Cloud Alibaba 示例
1125873157,vedang012/Coursell,https://github.com/vedang012/Coursell,flag:name:course; flag:description:course,java; jpa; jwt-authentication; mysql; spring; spring-boot; springboot; springsecurity,"Coursell is a backend-driven course marketplace built with Java & Spring Boot that enables creators to publish courses and learners to enroll securely, designed with a strong focus on clean architecture and real-world backend engineering."
1118711431,VictorAurelius/2026-Kite-Class-Platform,https://github.com/VictorAurelius/2026-Kite-Class-Platform,flag:description:course,docker; edtech; education-management; java; kubernetes; microservices; monorepo; multi-tenancy; multi-tenant; nextjs; postgresql; saas; spring-boot; spring-cloud-gateway; tailwindcss; terraform; typescript; vietnam,"Multi-tenant EdTech platform suite — KiteHub (SaaS control plane: subscriptions, billing, AI branding) × KiteClass (school management: students, courses, attendance, payments). Spring Boot + Next.js, DB-level multi-tenancy, Vietnamese-first, governed by an audit→gap→fix pipeline."
1124617333,lipex360x/algaworks-sensors-temperature-monitoring,https://github.com/lipex360x/algaworks-sensors-temperature-monitoring,flag:description:course,algaworks-course; event-driven; iot; java; microservices; spring-boot,AlgaWorks course exercise: Temperature monitoring service from the AlgaSensors project (Spring Boot).
1125740733,00343et-pixel/demo,https://github.com/00343et-pixel/demo,flag:name:demo,backend; java; jpa; jwt; spring-boot; spring-security,"Spring Boot CRUD API with JPA, Redis, JWT"
1124675377,lipex360x/algaworks-sensors-temperature-processing,https://github.com/lipex360x/algaworks-sensors-temperature-processing,flag:description:course,algaworks-course; event-driven; iot; java; microservices; spring-boot,AlgaWorks course exercise: Temperature processing service from the AlgaSensors project (Spring Boot).
1118529391,kishorep26/academia-nexus,https://github.com/kishorep26/academia-nexus,flag:description:course,admission-system; course-management; docker; education; education-technology; enrollment; faculty-management; institute-management; java; maven; mvc-architecture; spring-boot; student-management; training-platform; web-application,"Comprehensive Java web application for managing training institutes with student enrollment, course administration, faculty management, and admission tracking"
1124785784,Brunopezman/demo-jwt,https://github.com/Brunopezman/demo-jwt,flag:name:demo,docker; github-actions; integration-testing; java; junit5; jwt; mysql; rest-api; spring-boot; spring-security,"Backend REST API con Spring Boot 3, Spring Security y JWT. Incluye Dockerización completa y pipeline de CI/CD con GitHub Actions."
1124345540,lipex360x/algaworks-sensors-device-management,https://github.com/lipex360x/algaworks-sensors-device-management,flag:description:course,algaworks-course; event-driven; iot; java; microservices; spring-boot,AlgaWorks course exercise: Device management service from the AlgaSensors project (Spring Boot).
1121234535,leandroblandi/spring-cloud-course-udemy,https://github.com/leandroblandi/spring-cloud-course-udemy,flag:name:course; flag:description:course,api-gateway; feign-client; load-balancing; resilience; spring-boot; spring-cloud; spring-cloud-config; spring-cloud-feign; spring-cloud-gateway; spring-data,"This repository contains a follow-up to the Udemy course ""Spring Boot Microservices, Spring Cloud Netflix Eureka 2025"". It includes the implementation of different services that interact with each other."
1123339529,gaboegui/spring-webflux-api-client,https://github.com/gaboegui/spring-webflux-api-client,flag:description:how to,reactive-programming; spring-boot; webflux,A reactive API client application built with Spring WebFlux. This project demonstrates how to act as a reactive client that consumes another microservice (backend) using WebClient
1116425376,kcmhub/kafka-to-adls-springboot-example,https://github.com/kcmhub/kafka-to-adls-springboot-example,flag:name:example,adls; adlsgen2; java; kafka; kafka-consumer; spring-boot,"Spring Boot application that consumes Kafka messages in batches and writes them to Azure Data Lake Storage Gen2 using SAS authentication, generating one ADLS file per poll."
1120796841,ibsz909i/cs-305-artemis-financial,https://github.com/ibsz909i/cs-305-artemis-financial,flag:description:course,coursework; java; owasp; software-security; spring-boot,Java and Spring Boot software-security coursework for Artemis Financial.
1113754892,mzaninovic555/spring-academy-courses,https://github.com/mzaninovic555/spring-academy-courses,flag:name:course; flag:description:course,java; spring; spring-boot; spring-data-jpa; spring-security,Lab work for Spring Academy courses
1123212356,HarshalBeniwal/Database-sharding-demo,https://github.com/HarshalBeniwal/Database-sharding-demo,flag:name:demo,jdbc; postgresql; sharding; spring-boot,Database sharding in spring boot postgres
1125926248,leticia-noh/dio-desafio-kanban,https://github.com/leticia-noh/dio-desafio-kanban,flag:description:bootcamp,java; mysql; spring-boot,Repositório da resolução de um desafio de projeto do bootcamp CI&T - Backend com Java & AWS da DIO.
1117220543,gaboegui/oauth,https://github.com/gaboegui/oauth,flag:description:how to,oauth2; spring-boot,This project is a simple Spring Boot 3 application that demonstrates how to implement OAuth2 client authentication with different providers.
1124454572,didinj/spring-boot-unit-testing-junit-mockito-examples,https://github.com/didinj/spring-boot-unit-testing-junit-mockito-examples,flag:name:example; flag:name:examples,examples; junit; mockito; spring-boot; unit-testing,Unit Testing in Spring Boot with JUnit and Mockito
1123411297,leticia-noh/dio-desafio-design-patterns,https://github.com/leticia-noh/dio-desafio-design-patterns,flag:description:bootcamp,design-patterns; java; spring-boot,Repositório da resolução de um desafio de projeto e um lab do bootcamp CI&T - Backend com Java & AWS da DIO.
1120534907,pushpak90/LEARNING_NAVIGATOR,https://github.com/pushpak90/LEARNING_NAVIGATOR,flag:name:learning,backend-development; clean-architecture; hibernate; java; junit5; mockito; mockmvc; mysql; rest-api; spring-boot; spring-data-jpa; unti-testing,"Learning Navigator is a Spring Boot REST API for managing students, subjects, and exams, featuring clean layered architecture, RESTful endpoints, and comprehensive controller-level unit testing using JUnit and Mockito."
1123348796,Naammmdz/trickcode,https://github.com/Naammmdz/trickcode,flag:description:course,algorithm-challenges; elearning-platform; react; spring-boot; threejs; vnpay,"The premier platform to master algorithms, ace technical interviews, and a comprehensive marketplace for buying and selling programming courses."
1115456016,NasirovUmid/Marketplace,https://github.com/NasirovUmid/Marketplace,flag:description:course,api-gateway; docker-compose; elk-stack; java; jwt; kafka; maven; maven-multi-module; microservices; postgersql; redis; spring-boot,microservice pet project that imitates marketplace for consulting/courses but I mainly focused on using technologies
1131371535,mohan-ganesh/spring-boot-google-adk-firestore,https://github.com/mohan-ganesh/spring-boot-google-adk-firestore,flag:description:how to,firestore; firestore-database; google-agent-development-kit; google-agents-sdk; spring-boot,This project demonstrates how to build stateful agents and deploy a Spring Boot application that leverages the Google Agent Development Kit (ADK) and Firestore to create an AI-powered agent that is deployed to Google Cloud Run and also provides an API to interact with the agent while storing the session state in Firestore  database
1128021728,marcomanrique1405/academic-management-api,https://github.com/marcomanrique1405/academic-management-api,flag:description:course,bean-validation; docker; java; openapi; postgresql; rest-api; spring-boot; spring-data-jpa,"REST API for managing students, teachers, courses, groups and enrollments using Java, Spring Boot, PostgreSQL and Docker."
1140591020,lopezviktor/secure-rest-api-demo,https://github.com/lopezviktor/secure-rest-api-demo,flag:name:demo,backend; docker; flyway; java; jwt-authentication; openapi; postgresql; rest-api; security; spring-boot; swagger; testcontainers,"Production-ready Spring Boot REST API with JWT auth, PostgreSQL, Docker & comprehensive testing."
1135233359,Lakhan815/springboot-react-aws-fullstack-dev,https://github.com/Lakhan815/springboot-react-aws-fullstack-dev,flag:description:tutorial,docker; nextjs; postgres; postgresql; react; reactjs; spring; spring-boot; springboot,followed this tutorial from amigoscode: https://www.youtube.com/watch?v=9i1gQ7w2V24&t=1910s
1133849531,abengl/ms-academy-course-registration,https://github.com/abengl/ms-academy-course-registration,flag:name:course; flag:description:course,java21; jpa; lombok; maven; postgresql; spring-boot,API CRUD for Academy Course Registrations
1139173551,claudioaltamura/spring-boot-4-example,https://github.com/claudioaltamura/spring-boot-4-example,flag:name:example,java; maven; spring-boot; spring-boot-4,Example project for Spring Boot 4
1140103089,Reb00rnx/UniPortal,https://github.com/Reb00rnx/UniPortal,flag:description:course,h2-database; java; jwt-authentication; maven; postgresql; spring-boot,"A RESTful API for university management, including student records, course enrollments, and grading systems."
1128013835,henriquedouradoo/microservices-platform-example,https://github.com/henriquedouradoo/microservices-platform-example,flag:name:example,aws; java; observability; postgresql; rabbitmq; spring-boot,
1126654019,lipex360x/algaworks-posts-post-service,https://github.com/lipex360x/algaworks-posts-post-service,flag:description:course,algaworks-course; event-driven; java; microservices; spring-boot,AlgaWorks course exercise: Post service from the AlgaPosts microservices project (Spring Boot).
1129122845,IntuitDeveloper/SampleApp-Webhooks-Java-Cloudevents,https://github.com/IntuitDeveloper/SampleApp-Webhooks-Java-Cloudevents,flag:name:sample,cloudevent; java; oauth2; qbo; quickbooks; sample-app; spring-boot; webhooks,"About QuickBooks CloudEvents v1.0 webhook integration sample - Java Spring Boot with OAuth2, CDC sync, and real-time dashboard"
1134600712,sjseo298/spring-ai-react-agent,https://github.com/sjseo298/spring-ai-react-agent,flag:description:how to,ai-agent; java; openai; react-agent; reasoning-and-acting; spring-ai; spring-boot; spring-boot-4; spring-framework; tool-calling,"ReAct (Reasoning and Acting) agent implementation using Spring Boot 4.0.1 and Spring AI 2.0.0-M1. This project demonstrates how to build an AI agent that combines reasoning with tool execution, integrating OpenAI for response generation and Tavily for web search. It includes a node-based system (AgentNode and ToolNode) "
1128555364,augustolb/padroes-projetos-spring,https://github.com/augustolb/padroes-projetos-spring,flag:description:bootcamp,api-rest; java; spring-boot; swagger; viacep,Desafio de Projeto para o Bootcamp CI&T - Backend com Java & AWS da DIO.me
1131693261,anonymousgirl123/event-driven-order-platform,https://github.com/anonymousgirl123/event-driven-order-platform,flag:description:how to,distributed-systems; event-driven-architecture; event-sourcing; event-streaming-platform; kafka; microservices; order-processing; saga-pattern; scalability; spring-boot; system-design,"A production-style, event-driven platform built on Kafka that demonstrates how to design scalable, fault-tolerant, and evolvable distributed systems using asynchronous messaging, eventual consistency, and clear service ownership."
1136541852,boiar/keycloak-integration-with-spring-boot-3,https://github.com/boiar/keycloak-integration-with-spring-boot-3,flag:description:how to,docker; java; keycloak; maven; spring-boot,"This project demonstrates how to secure a Spring Boot application using Keycloak, a powerful open-source Identity and Access Management tool."
1140287150,sandalu-umayanga/Student-Course-Management-System,https://github.com/sandalu-umayanga/Student-Course-Management-System,flag:name:course; flag:description:course,docker; java; kubernetes; spring-boot,"Student Course Management System is a production-oriented Spring Boot REST API for managing students, fully containerized with Docker and deployed using Kubernetes (Minikube).  This project demonstrates modern backend engineering practices including configuration externalization, persistent storage, and container orchestration."
1134431949,mutluf/spring-boot-jwt-auth,https://github.com/mutluf/spring-boot-jwt-auth,flag:description:how to,authentication; jwt; spring-boot; spring-security,A sample project that demonstrates how to implement JWT-based authentication and authorization using Spring Boot and Spring Security
1131664391,Bishal-net/Student-Management-System,https://github.com/Bishal-net/Student-Management-System,flag:description:course,java; mysql; spring-boot; thymeleaf,"A comprehensive Java-based Student Management System built with Spring Boot and Maven. Features student enrollment, course management, and academic record tracking with a responsive web interface."
1129641769,lipex360x/algashop-ordering,https://github.com/lipex360x/algashop-ordering,flag:description:course,algaworks-course; ddd; java; microservices; spring-boot,"AlgaWorks course exercise: Ordering service from the AlgaShop microservices project (Spring Boot, DDD)."
1129189028,solo-exe/banking-app-demo,https://github.com/solo-exe/banking-app-demo,flag:name:demo,java25; maven; spring-boot,a simple implementation of a banking app on java springboot
1137733621,sabarisakthivel/student-management-backend,https://github.com/sabarisakthivel/student-management-backend,flag:description:course,backend; crud-api; java; jpa-hibernate; mysql; rest-api; spring-boot; student-management,"Student Management Application – Backend REST API built using Spring Boot, Spring Data JPA, and MySQL. Provides APIs to manage students, courses, and academic records following a layered architecture."
1129501608,ryctabo/spring-boot-java-demo,https://github.com/ryctabo/spring-boot-java-demo,flag:name:demo,gradle; java; postgresql; spring-boot,Demo using Java and Spring Boot
1133476721,manjuk-dev/spring-ai-ollama-demo,https://github.com/manjuk-dev/spring-ai-ollama-demo,flag:name:demo,function-calling; gemini-ai; generative-ai; hybrid-ai; java21; local-llm; local-llm-integration; ollama; rag; spring-boot; springai; vector-database,"🤖 Hybrid AI Gateway with Spring Boot 3 & Spring AI - Orchestrates Google Gemini and Ollama with RAG, multimodal vision, AI tool calling agents, streaming support, and intelligent fallback. Best of cloud performance + local privacy."
1132382119,lucaso-silva/screen_music,https://github.com/lucaso-silva/screen_music,flag:description:course,java; jpa; openai; postgresql; spring-boot,"Java Spring Boot project from the Java: Data Persistence and JPA course - Alura, focused on JPA and data persistence."
1135219454,MathieuS/e-commerce-consistency-demo,https://github.com/MathieuS/e-commerce-consistency-demo,flag:name:demo,distributed-systems; java; mysql; rabbitmq; spring-boot; transactional-outbox,Spring Boot demo for Transactional Outbox & Event-Driven Consistency in an e-commerce context
1134492526,pietroBragaAquinoJunior/spring-boot-grpc-example,https://github.com/pietroBragaAquinoJunior/spring-boot-grpc-example,flag:name:example,api; backend; grpc; java; microservices; protobuff; spring; spring-boot,"Spring Boot API demonstrating gRPC communication integrated with a relational database using JPA, focusing on clean service boundaries and contract-first development."
1132192258,mel0nyrame/student-score-management,https://github.com/mel0nyrame/student-score-management,flag:description:course,full-stack; mybatis; mysql; primevue; spring-boot; student-management; vite; vue3,"Full-stack student, course, and score management system built with Spring Boot, MyBatis, MySQL, Vue 3, and PrimeVue."
1126654144,lipex360x/algaworks-posts-text-processor-service,https://github.com/lipex360x/algaworks-posts-text-processor-service,flag:description:course,algaworks-course; event-driven; java; microservices; spring-boot,AlgaWorks course exercise: Text processor service from the AlgaPosts microservices project (Spring Boot).
1131241724,mutluf/task-tracker,https://github.com/mutluf/task-tracker,flag:description:tutorial,backend; java; rest-api; spring-boot,A simple Spring Boot CRUD project created for learning purposes by following a tutorial.  Tutorial: https://www.youtube.com/watch?v=brnazVsG4cY
1141387197,Sahan-Kaushalya/Springboot-Learning-Journey-01,https://github.com/Sahan-Kaushalya/Springboot-Learning-Journey-01,flag:name:learning,intellij; intellij-idea; java; jdk17; learning-progress; lesson-01; maven; maven-pom; resr-api; restful-api; spring-boot; spring-framework,"This repository contains source code, practical examples, and projects created while mastering the Spring Framework ecosystem. It serves as a comprehensive guide to building robust web applications and RESTful services using modern Java technologies."
1142146969,SilverTrust123/demo,https://github.com/SilverTrust123/demo,flag:name:demo; flag:description:course,java; spring-boot,"this for my university course used , i was meant to do a system which may control plc ,monitering environment , detect is there any person there, for more detali plz read the README"
1141228934,obaidulsaiki/EduMaster-LearningManagementSystem,https://github.com/obaidulsaiki/EduMaster-LearningManagementSystem,flag:name:learning,gemma3; java; jwt-authentication; ollama; react; spring-boot,A learning Management system with AI helper for Student and teacher
1149674076,srinivas6303/Spring-Boot-Email-Sender,https://github.com/srinivas6303/Spring-Boot-Email-Sender,flag:description:how to,java; javamailsender-api; json; mailsenderjava; postman; simplemailmassage; spring-boot,A simple Spring Boot application to send emails using Gmail SMTP. This project demonstrates how to send emails to one or multiple recipients using Spring Boot Mail Starter.
1142764058,anyulled/superhero-battle-arena,https://github.com/anyulled/superhero-battle-arena,flag:description:workshop,antigravity; clean-architecture; java; spring-boot; testcontainers,Super Hero Battle Arena - Java Application made for the Talent Arena workshop
1147206115,ShahidYousuf/otel-demo-app,https://github.com/ShahidYousuf/otel-demo-app,flag:name:demo,alloy; grafana; java; logging; loki; metrics; observability; opentelemetry; otel; spring-boot; traces,Small Spring Boot service showcasing end-to-end observability with OpenTelemetry and Micrometer:  Structured JSON logs (Logback + Logstash encoder) Distributed tracing (OpenTelemetry Java agent) Application metrics (Micrometer OTLP) Central log shipping via Grafana Alloy → Grafana Cloud Loki
1146079080,rajkundalia/learning-distributed-tracing,https://github.com/rajkundalia/learning-distributed-tracing,flag:name:learning,jaeger; opentelemetry; spring-boot; tracing,"A comprehensive educational project demonstrating distributed tracing concepts in a microservices architecture using Spring Boot, OpenTelemetry and Jaeger."
1143330583,goktani/java-backend-learning,https://github.com/goktani/java-backend-learning,flag:name:learning,backend; computer-vision; java; rest-api; spring-boot,"AI Destekli Video Yönetim Sistemleri (VMS) için Java Spring Boot Backend projesi. Kamera envanteri, depolama hesaplama ve AI alarm entegrasyonu içerir."
1144869809,philippmos/springboot-store-demo,https://github.com/philippmos/springboot-store-demo,flag:name:demo,java; jpa; spring-boot,[ Java Spring Boot ] - Personal learning project to gain knowledge with Java Spring Boot
1141352423,shofiq0023/java-opencv-ocr-demo,https://github.com/shofiq0023/java-opencv-ocr-demo,flag:name:demo,ocr; opencv; opencv-java; spring-boot,demo project for testing OCR with OpenCV
1143284314,Jurvant/University-Schedule,https://github.com/Jurvant/University-Schedule,flag:description:course,fullstack; java; mvc; spring-boot; spring-security; thymeleaf,An assignment from a course I took. An online system for getting class schedules for different groups. A full-stack application using Spring and Thymeleaf.
1146521603,SahilllG0084/SB-RelationMapping-ManyToMany,https://github.com/SahilllG0084/SB-RelationMapping-ManyToMany,flag:description:how to,java; jpa-hibernate; layered-architecture; mysql-database; relation-mapping; spring-boot,"SB-RelationMapping-ManyToMany is a Spring Boot project that demonstrates how to implement a many-to-many relationship between entities using JPA and Hibernate, including configuration of a join table with @ManyToMany mapping."
1142289507,Darshanpakhale26/springboot-crud,https://github.com/Darshanpakhale26/springboot-crud,flag:description:how to,hibernate; java; mysql; spring-boot; spring-mvc; thymeleaf,"This project is a full-stack Spring Boot CRUD (Create, Read, Update, Delete) application built using Thymeleaf for the front-end view layer. It demonstrates how to build dynamic web pages with Spring MVC, handle form submissions, and perform database operations using Spring Data JPA."
1142594611,Kainat90/restdemo,https://github.com/Kainat90/restdemo,flag:name:demo,backend; java; mysql; rest-api; spring-boot,"RESTful API for managing cloud vendor information built with Java, Spring Boot and MySQL."
1149231534,v1nc3t/FoodPal,https://github.com/v1nc3t/FoodPal,flag:description:course,java; javafx-application; spring-boot,This was a project done for the course CSE1105 at TUDelft. I was one of the six members that contributed to the project. 
1143886869,gargvk81/opensearch-demo,https://github.com/gargvk81/opensearch-demo,flag:name:demo,docker; elasticsearch; full-text-search; java; opensearch; rest-api; search-engine; spring-boot,Spring Boot + OpenSearch demo project - Full-text search functionality with data ingestion and REST API
1144344020,fchchen/java-to-dotnet-aws-demo,https://github.com/fchchen/java-to-dotnet-aws-demo,flag:name:demo,aspnet-core; aws; csharp; demo; dotnet; java; migration; rest-api; s3; spring-boot,Demo project showcasing Java Spring Boot to .NET 8 migration with AWS S3 integration for product catalog API
1144290674,silaymen/Esprit_PI-4SAE5-2025-2026-EzLearning,https://github.com/silaymen/Esprit_PI-4SAE5-2025-2026-EzLearning,flag:name:learning,angular; api-gateway; e-learning; esprit-school-of-engineering; microservices; pi-project; rabbitmq; spring-boot,"EzLearning – Microservices E-learning platform developed at Esprit School of Engineering (Tunisia) for the Integrated Project (PI) 2025–2026. Built with Spring Boot, Angular, Keycloak, Eureka, API Gateway and MySQL."
1147497267,ayaHathout/Spring-Cloud-Microservices-Demo,https://github.com/ayaHathout/Spring-Cloud-Microservices-Demo,flag:name:demo,eureka; java; lombok; maven; microservices; model-mapper; mysql; open-feign; postgresql; rest-client; rest-template; spring-boot; spring-cloud; spring-cloud-config; spring-cloud-gateway; spring-cloud-netflix; spring-core; spring-data-jpa; spring-mvc,"A step-by-step Spring Cloud microservices implementation with Eureka, Feign Client, and RestTemplate. Learning distributed systems practically."
1145431384,V4run-Sharma/CorrelationIdDemo,https://github.com/V4run-Sharma/CorrelationIdDemo,flag:name:demo,demo; java; logging; microservices; observability; spring-boot,Demo Spring Boot application showcasing correlation ID starter usage.
1148804120,Eustachekamala/S3AWSDemoAplication,https://github.com/Eustachekamala/S3AWSDemoAplication,flag:name:demo,aws-ec2; aws-s3; dyanmodb; iam-role; spring-boot,A Spring Boot application demonstrating AWS S3 and DynamoDB integration for product management and storage.
1143745035,rady81/pagination-demo,https://github.com/rady81/pagination-demo,flag:name:demo,cursor-pagination; java; keyset-pagination; offset-pagination; pagination; spring-boot,
1147613577,innocentliny/chain_of_responsibility_demo,https://github.com/innocentliny/chain_of_responsibility_demo,flag:name:demo,design-pattern; java; spring-boot,[Design pattern] Chain of responsibility example
1147840075,TheKings294/castel_armory,https://github.com/TheKings294/castel_armory,flag:description:course,api; java; json; react; school-project; spring-boot,An course project to create an API in java and the front in react
1151376624,alex5perez/aws-localstack-demo,https://github.com/alex5perez/aws-localstack-demo,flag:name:demo,aws; docker; java; localstack; maven; rest-api; s3; spring-boot,Java Maven project with AWS S3 and LocalStack - Document Management System
1158182759,kareem102/otel-demo-app,https://github.com/kareem102/otel-demo-app,flag:name:demo,angular21; devtools; expenses; grafana; java; logging; loki; observability; observables; opentelemetry; otel; rxjs; signals; spring-boot; telemetry; traces; typescript,"🚀 Showcase end-to-end observability in Spring Boot apps with OpenTelemetry, Micrometer, and Grafana Cloud for robust logs, traces, and metrics."
1153198924,furkankayam/spring-boot-strategy-pattern-demo,https://github.com/furkankayam/spring-boot-strategy-pattern-demo,flag:name:demo,docker; docker-compose; gradle; java; spring-boot; strategy-pattern,✅ Spring Boot Strategy Pattern Demo
1158637157,nomad4tech/telegrambot4j-demo,https://github.com/nomad4tech/telegrambot4j-demo,flag:name:demo,demo; example; java; spring-boot; spring-boot-example; telegram; telegram-bot; telegrambot4j,Example Spring Boot application demonstrating telegrambot4j library usage
1152505467,fabrehhh/demo-palestra,https://github.com/fabrehhh/demo-palestra,flag:name:demo,clean-code; gym; inheritance; java; management; mvc; oop; polymorphism; postgresql; spring-boot,Gestionale Palestra - Demo Spring Boot
1153796996,The-Java-Bootcamp/testing-spring-data-jpa-repositories,https://github.com/The-Java-Bootcamp/testing-spring-data-jpa-repositories,flag:description:tutorial,datajpatest; javabootcamp; javaproacademy; jpa; jpa-entities; jpa-hibernate; jpa-repository; junit; spring; spring-boot,This repository contains all the code examples from the Testing Spring Data JPA Repositories tutorial.
1154101335,zhijunio/spring-ai-samples,https://github.com/zhijunio/spring-ai-samples,flag:name:sample; flag:name:samples,java; rag; spring-ai; spring-boot; vector-database,Spring AI RAG：Embedding、向量库与检索增强生成示例
1155114594,fnwind/easyexcel-demo,https://github.com/fnwind/easyexcel-demo,flag:name:demo,easy-excel; java; spring-boot,对开源组件 EasyExcel 进行一些基础的封装和场景预演，熟悉一些常用功能。
1152505247,fabrehhh/demo-cafeteria,https://github.com/fabrehhh/demo-cafeteria,flag:name:demo,async; cafeteria; clean-code; event-driven; inheritance; java; mvc; oop; polymorphism; postgresql; spring-boot,Spring Boot Cafeteria Demo
1150431186,peeyush-pareek-in-tallinn/learning_java,https://github.com/peeyush-pareek-in-tallinn/learning_java,flag:name:learning,backend; java; learning-by-doing; maven; oops-in-java; programming-practice; rest-api; spring-boot,learning_java:  Java practice repository exploring core Java concepts and programming exercises
1158463710,SahilllG0084/SB-REST-API-Simple-Docker-Demo,https://github.com/SahilllG0084/SB-REST-API-Simple-Docker-Demo,flag:name:demo; flag:description:how to,basics; docker-architecture; java-8; rest-api; spring-boot; spring-mvc,SB-REST-API-Simple-Docker-Demo is a Spring Boot REST API demo project that shows how to containerize a simple REST service using Docker. It includes a basic API and a Dockerfile so you can build and run the application inside a Docker container.
1152353668,nuwandev/flyway-demo,https://github.com/nuwandev/flyway-demo,flag:name:demo,flyway; hibernate; jpa; spring-boot,Teach others about flyway migration. JPA to JDBC + FlyWay
1158456093,SahilllG0084/SB-REST-API-DTO-POC-APP,https://github.com/SahilllG0084/SB-REST-API-DTO-POC-APP,flag:description:how to,dto; exception-handling; java-8; layered-architecture; logging; mysql; rest-api; spring-boot; spring-data-jpa; spring-mvc; validation,"SB-REST-API-DTO-POC-APP is a Spring Boot proof-of-concept project that demonstrates building a RESTful API using a layered architecture with DTOs. It shows how to separate controllers, services, and persistence logic while using DTOs to transfer data instead of exposing entity classes directly."
1158487416,SahilllG0084/SB-Security-Basic-App,https://github.com/SahilllG0084/SB-Security-Basic-App,flag:description:how to,configuration; rest-api; spring-boot; spring-mvc; spring-security,SB-Security-Basic-App is a simple Spring Boot project showing how to secure an application using Spring Security. It demonstrates adding basic authentication/authorization to REST endpoints or web routes with minimal configuration so that only authenticated users can access protected resources.
1158437001,Chemi90/demoMAGIC,https://github.com/Chemi90/demoMAGIC,flag:name:demo,full-stack; java; javascript; netlify; openai; rag; railway; spring-boot,"Demo full-stack con chat RAG, bases de conocimiento, carrito y generación de propuestas."
1158495583,SahilllG0084/SB-Security-JWT-Basic-App,https://github.com/SahilllG0084/SB-Security-JWT-Basic-App,flag:description:how to,jwt; jwt-token; spring-boot; spring-security,"SB-Security-JWT-Basic-App is a simple Spring Boot project that demonstrates how to generate and validate JWT tokens using Spring Security. It shows how a user can authenticate, receive a token, and use it to access secured resources."
1150446348,DavFilsDev/java-spring-boot-learning,https://github.com/DavFilsDev/java-spring-boot-learning,flag:name:learning,api-rest; docker; java; postgresql; spring-boot,This repository has the main goal to help for being familiar with the spring boot framework in java and use docker
1153623055,oalles/camel-mise-demo,https://github.com/oalles/camel-mise-demo,flag:name:demo,apache; camel; dx; jbang; k3d; mise; redpanda; spring-boot,"Intentionally verbose demo project showcasing how Mise manages the full developer toolchain for an Apache Camel event pipeline on Kubernetes. 7 tools, one config file, zero ""works on my machine."""
1154476868,shadabkhan66/EduPro-course-management,https://github.com/shadabkhan66/EduPro-course-management,flag:name:course; flag:description:course,backend; frontend; java; jpa; jsp; spring-boot; thymeleaf; webapp,"A Spring Boot web application for managing courses with role-based access control, built as a learning project to explore Spring MVC, Spring Security, JPA/Hibernate, Thymeleaf, and testing."
1150652655,vaishnav91/learning-management-system-,https://github.com/vaishnav91/learning-management-system-,flag:name:learning; flag:description:course,jpa-persistence-applications; maven; mysql-server; postman; react; spring-boot; vitejs,"This is a full-stack Learning Management System (LMS) designed to manage courses, modules, and lessons in a structured manner. The project demonstrates backend development using Spring Boot with RESTful APIs and follows clean architecture and best practices suitable for production-ready applications. "
1154118797,zhijunio/spring-ai-mcp-samples,https://github.com/zhijunio/spring-ai-mcp-samples,flag:name:sample; flag:name:samples,java; mcp; model-context-protocol; spring-ai; spring-boot,Spring AI 与 MCP（stdio / WebFlux / OAuth2 等）集成示例集
1160719931,spring-backend-architecture/architecture-layered-sample,https://github.com/spring-backend-architecture/architecture-layered-sample,flag:name:sample,archunit; backend; boilerplate; integration-testing; java; jdbc; jooq; jpa; layered-architecture; layered-architecture-vs-hexagonal; monolith; mvc; rest-api; software-architecture; spring-boot; testing,Sample application demonstrating classic layered architecture
1164165901,smitroy4/LMS-Portal,https://github.com/smitroy4/LMS-Portal,flag:description:course,java; mysql; rest-api; spring-boot; spring-data-jpa,"LMS Portal backend built with Spring Boot, PostgreSQL, and Spring Data JPA, featuring RESTful APIs for managing students, courses, instructors, and enrollments with clean architecture and scalable design."
1164102813,anicetkeric/spring-retry-demo,https://github.com/anicetkeric/spring-retry-demo,flag:name:demo,java21; maven; spring-boot; spring-retry; spring-retryable,Production-Ready Retry Mechanisms with Spring Retry in Spring Boot
1165723148,CokeLee777/a2a-spring-boot-samples,https://github.com/CokeLee777/a2a-spring-boot-samples,flag:name:sample; flag:name:samples,a2a-protocol; spring-boot,Spring Boot examples using the Agent2Agent (A2A) Protocol
1162821861,Meytardzhevtd/SkillTree,https://github.com/Meytardzhevtd/SkillTree,flag:description:course,java; postgresql; react; spring-boot,🎓 An educational platform for creating and completing online courses. HSE University (SPb) Java semester project (Spring 2026).
1165423001,Z-husup/JavaFX-Course-Works,https://github.com/Z-husup/JavaFX-Course-Works,flag:name:course; flag:description:course,coursework; javafx; mysql; spring-boot,Archive of course works
1164676644,sandaliz/paf_labsheet4,https://github.com/sandaliz/paf_labsheet4,flag:description:how to,rest-api; spring-boot,A simple Spring Boot project demonstrating how to create and consume REST APIs using a Greeting service and a client application.
1166768016,ayaHathout/Spring-Security-With-JWT,https://github.com/ayaHathout/Spring-Security-With-JWT,flag:description:how to,java; jwt-token; lombok; postgresql; spring-boot; spring-data-jpa; spring-mvc; spring-security,A demo Spring Boot project showcasing how to implement authentication and authorization using Spring Security and JWT (JSON Web Tokens).
1166010586,ThomasCode92/cashcard-TO-DELETE,https://github.com/ThomasCode92/cashcard-TO-DELETE,flag:description:how to,java; learning-java; learning-spring; spring-boot; spring-mvc,"Beginner project, to learn how to build a complete REST API from start to finish with Spring Boot. "
1163025230,pdlong4002/spring-boot-micro-services-demo,https://github.com/pdlong4002/spring-boot-micro-services-demo,flag:name:demo,demo; java; microservices; spring-boot,Experimenting with Spring Boot Microservices Architecture🍃
1166799887,MyFreeIT/sensor-emulator,https://github.com/MyFreeIT/sensor-emulator,flag:description:tutorial,emulator; java; maven; rest-api; sensors; spring-boot; weather; webflux,Sensor Emulator — a tutorial project in Java 22 and Spring Boot WebFlux to emulate weather sensors sending data to the Meteo API (https://github.com/MyFreeIT/meteoapi).
1159826675,widdix/attachmentav-example-java-spring-boot,https://github.com/widdix/attachmentav-example-java-spring-boot,flag:name:example,antivirus; malware; spring-boot; virus,Scan files for malware in Spring Boot with the attachmentAV API
1160100527,rodriguessavio/course,https://github.com/rodriguessavio/course,flag:name:course,api-rest; java; spring-boot,Desafio Prático proposto pela Formação Rocketseat
1158829054,HassanPls/CIeT-BackEnd-com-Java-AWS,https://github.com/HassanPls/CIeT-BackEnd-com-Java-AWS,flag:description:bootcamp,aws; java; jdbc; spring-boot,"Todos os conhecimentos obtidos durante o bootcamp ""CI&T - Backend com Java & Amazon Web Services (AWS)"" da DIO"
1164683298,AminAzizzade/personalized-learning-hub,https://github.com/AminAzizzade/personalized-learning-hub,flag:name:learning,dto-pattern; full-stack; java-17; reactjs; rest-api; role-based-access-control; spring-boot,"Spring Boot ve React.js kullanılarak geliştirilmiş Full-Stack e-öğrenme platformu. Öğrenci, Eğitmen ve Yönetici rolleri için dinamik rezervasyon, dosya yönetimi ve gelişim takibi içerir."
1159505248,charly12543/pokeapi-consumer-examples,https://github.com/charly12543/pokeapi-consumer-examples,flag:name:example; flag:name:examples,backend; feign-client; java; pokeapi; resttemplate; spring-boot; webclient,"Consuming the PokeAPI in Spring Boot using Feign, RestTemplate and WebClient"
1162554261,Brain2life/demo-java-springboot-app,https://github.com/Brain2life/demo-java-springboot-app,flag:name:demo,java; spring; spring-boot,Demo Java Spring Boot App with REST API CRUD operations and MySQL database access
1163762721,RafaelFavetta/SpringLearning,https://github.com/RafaelFavetta/SpringLearning,flag:name:learning,api; backend; docker; java; lombok; maven; postgresql; spring; spring-boot; springboot,Repository created for Spring learning practice
1174843724,drissiOmar98/Spring-Ai-WebFlux-Streaming,https://github.com/drissiOmar98/Spring-Ai-WebFlux-Streaming,flag:description:how to,docker; docker-compose; java; llms; multi-stage-docker; ollama; spring-ai; spring-boot; streaming; vaadin; vaadin-flow; webflux,"Example project demonstrating how to stream LLM tokens reliably using Spring AI, WebFlux, and NDJSON instead of SSE. Includes backpressure handling, error recovery, and a Vaadin client consuming the NDJSON stream."
1175742786,xokaji/Microservices-Kafka-Demo-using-Java-Springboot,https://github.com/xokaji/Microservices-Kafka-Demo-using-Java-Springboot,flag:name:demo,event-driven; java; kafka; spring-boot,A Spring Boot microservices project demonstrating event-driven architecture using Apache Kafka. 
1170278616,IAMDevBox/spring-security-saml-example,https://github.com/IAMDevBox/spring-security-saml-example,flag:name:example,identity-provider; java; keycloak; oauth; saml2; spring-boot; spring-security; sso,"Production-ready Spring Boot 3 SAML 2.0 SSO example with multi-IdP support (Keycloak, Okta, Azure AD). Custom attribute mapping, SLO, Docker Compose."
1171531405,AlaaAlasrawi/redis-cache-learning,https://github.com/AlaaAlasrawi/redis-cache-learning,flag:name:learning,caching; docker-compose; gradle; redis; spring-boot; spring-cache; spring-cache-redis; ttl; ttl-cache,Spring Boot weather API with Redis caching (Spring Cache) and configurable TTL to reduce external calls.
1172626754,mar11ad/MedicalLab_EDA_Web_Service_PoC,https://github.com/mar11ad/MedicalLab_EDA_Web_Service_PoC,flag:description:course,apache-kafka; db-per-service; event-driven; h2-database; maven; microservices; spring-boot,Assignment for the Software Engineering Components course.
1171621495,alberto2005-coder/spring-boot-thymeleaf-fullstack-demos,https://github.com/alberto2005-coder/spring-boot-thymeleaf-fullstack-demos,flag:name:demo,fullstack; java; java-21; maven; multi-module; oop; server-side-rendering; spring-boot; spring-mvc; templates-engine; thymeleaf; web-development,"Este repositorio contiene dos proyectos demostrativos construidos con Spring Boot 3 y Thymeleaf, diseñados para ilustrar desde conceptos básicos de renderizado web hasta integraciones más avanzadas con modelos de datos y colecciones."
1173314634,zhijunio/spring-boot-2-to-3-demo,https://github.com/zhijunio/spring-boot-2-to-3-demo,flag:name:demo,java; spring; spring-boot,Spring Boot 2.x 升级到 3.x 的迁移对照与示例
1175279497,avinashkr91/ssl-client-app,https://github.com/avinashkr91/ssl-client-app,flag:description:how to,java; security; spring-boot; spring-web; ssl; ssl-cert; ssl-certificates; ssl-tls; tls,This repository demonstrates how to build a secure REST client in Spring Boot 3 that connects to an HTTPS-protected external API
1177578807,visurarodrigo/OLTP-Sales-Management-System-,https://github.com/visurarodrigo/OLTP-Sales-Management-System-,flag:description:how to,html; oltp; spring-boot,"The OLTP Sales Management System is a complete Spring Boot application that demonstrates how to build a high-performance inventory and sales management system. It's designed for real-time operations like processing sales, managing inventory, tracking customers, and managing store locations."
1170227777,halilsenaydin/spring-boot-outbox-saga-demo,https://github.com/halilsenaydin/spring-boot-outbox-saga-demo,flag:name:demo,distributed-systems; docker; event-driven; java; microservices; outbox-pattern; rabbitmq; saga-choreograph-pattern; spring-boot,"A demo application showcasing event-driven microservices with Outbox Pattern, Saga Choreography, and Decorator Pattern using Java Spring Boot and RabbitMQ."
1176382628,LePeanutButter/voyager-backend-core,https://github.com/LePeanutButter/voyager-backend-core,flag:description:course,backend; docker; hateoas; java; jwt-authentication; maven; openapi; postgresql; rest-api; richardson-maturity-model; social-integrations; spring-boot; swagger; tourisim; travel-planning; travel-platform; user-management,"Core backend for SmarTrip, built with Spring Boot and PostgreSQL, delivers Richardson Level 3 RESTful APIs for user management, travel planning, and social features. Developed by Team Voyager for the SWNT course at Escuela Colombiana de Ingeniería Julio Garavito."
1169519910,hycroux/demo-rest-jersey-ob,https://github.com/hycroux/demo-rest-jersey-ob,flag:name:demo,api-rest; demo-app; jersey; spring-boot,
1169093268,Adit-Mugdha-das/Mini_Market_Place,https://github.com/Adit-Mugdha-das/Mini_Market_Place,flag:description:course,docker; java; postgresql; rest-api; spring-boot,"This is our final project for Software Engineering and Project Management Laboratory course, where we build a minimarket place following the guidelines properly."
1173744696,Samioul51/amarDokan,https://github.com/Samioul51/amarDokan,flag:description:course,docker; github-actions; postgresql; render; rest-api; spring-boot; spring-security; thymeleaf,AmarDokan is a comprehensive e-commerce web application built as a group project for Software Engineering and Project Management course.
1169683494,MohamedAbdelaziz177/Observability-Learning-Demo,https://github.com/MohamedAbdelaziz177/Observability-Learning-Demo,flag:name:demo; flag:name:learning,grafana; loki; prometheus; spring-boot,
1171065845,Chemi90/gestorE-Learning,https://github.com/Chemi90/gestorE-Learning,flag:name:learning,angular; docker; e-learning; java; microservices; minio; pgvector; postgresql; redis; spring-boot,"Arquitectura MVP para una plataforma e-learning con microservicios, JWT e infraestructura preparada para IA."
1175901763,oicana/oicana-example-java-spring-boot,https://github.com/oicana/oicana-example-java-spring-boot,flag:name:example,oicana; pdf-generation; pdf-templating; spring-boot; typst,Example project for using Oicana templates with Java
1170327503,squall-chua/java-grpc-microservice-example,https://github.com/squall-chua/java-grpc-microservice-example,flag:name:example,grpc; java; microservice; restful-api; spring-boot,"A complete Spring Boot Java application demonstrating modern microservice architecture utilizing gRPC, Protocol Buffers, and robust backend technologies. "
1173065253,Cognition-Partner-Workshops/uc-data-source-migration-jdbc-normalization,https://github.com/Cognition-Partner-Workshops/uc-data-source-migration-jdbc-normalization,flag:description:workshop,app-dev; data-engineering; java; spring-boot,Workshop repo: Spring Boot loan service with legacy CDW data source — migrate to modern normalized schema
1174326537,AdityaMohite15/Microservices-Example,https://github.com/AdityaMohite15/Microservices-Example,flag:name:example,api-gateway; circuit-breaker; eureka-server; microservices; spring-boot,"Developed a microservices-based Hotel Rating System using Spring Boot, Eureka Service Registry, and API Gateway, enabling service discovery and inter-service communication between User, Hotel, and Rating services via REST APIs."
1181831567,AhmedSarie/spring-boot-starter-kafka-ops-demo,https://github.com/AhmedSarie/spring-boot-starter-kafka-ops-demo,flag:name:demo,apache-kafka; avro; dead-letter-queue; dead-letter-topic; demo; json; kafka; protobuf; spring-boot; spring-kafka,"Demo app for spring-boot-starter-kafka-ops — browse, inspect, correct, and drain DLT with Avro, Protobuf, and JSON consumers"
1187428331,KLMnt89/Web-Programming-SpringBoot,https://github.com/KLMnt89/Web-Programming-SpringBoot,flag:description:course,backend; java; spring-boot; web-development,Full-stack web applications built with Spring Boot — exam solutions and course projects from FCSE
1180492317,M1325-source/microservices-project,https://github.com/M1325-source/microservices-project,flag:description:course,api-gateway; docker; eureka; java; jwt; jwt-authentication; microservices; rest-api; spring-boot; spring-cloud,"E-Learning platform built with Java Spring Boot microservices — Auth, Course, Enrollment, Student services with API Gateway and Eureka Discovery."
1179762589,DavFilsDev/gs-spring-boot-rest-service,https://github.com/DavFilsDev/gs-spring-boot-rest-service,flag:description:tutorial,java; rest-api; spring; spring-boot,Practice project implementing a basic RESTful API with Spring Boot following the official Spring Getting Started tutorial
1181915080,mmilewczyk/distributed-lock-fencing-demo,https://github.com/mmilewczyk/distributed-lock-fencing-demo,flag:name:demo,concurrency; curator; distributed-locking; fencing; gc-pause; java; redis; spring-boot; zookeeper,Demo of distributed lock edge cases: GC pauses and fencing tokens with Redis & ZooKeeper.
1188831102,AshishRepo08/PlayerManagementProtal,https://github.com/AshishRepo08/PlayerManagementProtal,flag:description:how to,mongodb; spring-boot; springjpa,"Spring Boot and MongoDB are a powerful combination for developing modern, scalable applications. Spring Boot simplifies the development process while MongoDB provides a flexible, document-based database. This project show how to integrate MongoDB with a Spring Boot application."
1182760927,hhdevr/jasper-modular-sample,https://github.com/hhdevr/jasper-modular-sample,flag:name:sample,jasperreports; java; pdf-generation; spring-boot,"Sample project for jasper-modular: a company financial report assembled from modules, with sample-jr6 and sample-jr7 variants."
1181535662,ayushwing/yt-studio-ai,https://github.com/ayushwing/yt-studio-ai,flag:description:workshop,ab-testing; claude-ai; competitor-analysis-tool; content-creator-tools; docker; gemini-ai; google-nlp; google-vision-api; java; postgresql; react; seo-tools; spring-boot; youtube; youtube-analytics; youtube-api,"YouTube optimization tool: Thumbnail Analyzer, Title/Description NLP, Competitor Research, A/B Workshop, Content Score, AI Insights (Gemini/Claude), YouTube Analytics."
1183183865,PrasoonGupta078/demo,https://github.com/PrasoonGupta078/demo,flag:name:demo,backend; docker; java; jpa; jwt; maven; mysql; rest-api; spring-boot; spring-security; student-management-system; swagger,"Student Management System API featuring JWT Authentication, Spring Security, MySQL integration, Swagger documentation, and Docker containerization. Built using Spring Boot and JPA."
1188077476,AnderssonProgramming/secure-application-design,https://github.com/AnderssonProgramming/secure-application-design,flag:description:course,apache-httpd; aws-ec2; bycrypt; enterprise-architecture; https-tls-certificate; java-17; lets-encrypt; secure-by-design; spring-boot,"Secure Full-Stack Application for the Enterprise Architecture (AREP) course at Escuela Colombiana de Ingeniería Julio Garavito. Implements a split-server architecture with two isolated AWS EC2 instances, featuring end-to-end HTTPS (Let's Encrypt), secure asynchronous communication between Apache and Spring Boot, and BCrypt-based authentication. "
1181108289,chaitanyakulkarni88/spring-kafka-saga-demo,https://github.com/chaitanyakulkarni88/spring-kafka-saga-demo,flag:name:demo,grafana-dashboard; kafka; kafka-streams; prometheus-metrics; saga-pattern; spring-boot,"Distributed transaction microservice demo using Spring Boot, Kafka, and the Saga pattern with observability powered by Prometheus and Grafana."
1178849061,bob010010/java_coursework_sem2,https://github.com/bob010010/java_coursework_sem2,flag:name:course; flag:description:course,gradle; java; java-21; json-api; spring-boot; spring-security; spring-security-web,Course work to create a backend for an application in java with spring boot
1179201390,engrshahzaman09/SecurityDemo,https://github.com/engrshahzaman09/SecurityDemo,flag:name:demo,authentication; java; mysql; rest; spring-boot; spring-security,Spring Security Demo | User Register & Login | Spring Boot | MySQL
1187945926,AngelaMariaDespotopoulou/java-spring-sentiment-active-learning,https://github.com/AngelaMariaDespotopoulou/java-spring-sentiment-active-learning,flag:name:learning,active-learning; claude-ai; java; java-ml; machine-learning; naive-bayes; nlp; sentiment-analysis; spring-boot; text-classification; tribuo,"A Java Spring Boot application that classifies movie review sentiment using a Naive Bayes model built with Oracle's Tribuo library. Features a full active learning cycle: the model detects its own uncertainty, consults Claude AI as an oracle for labeling, and retrains itself to continuously improve."
1187288168,azizbekmeyliqulov/Learnify,https://github.com/azizbekmeyliqulov/Learnify,flag:description:course,education; java; jwt; lms; postgresql; spring-boot; spring-security,"Mini LMS backend for managing courses and lessons — Spring Boot, Spring Security, JWT authentication."
1186571128,barrida/agent-skills-demo,https://github.com/barrida/agent-skills-demo,flag:name:demo,agent-skills; copilot-coding-agent; github-copilot; gradle; java; spring-boot,"A Spring Boot 3 backend service demonstrating agent-assisted code quality improvement, refactoring patterns, and best practices for Java development."
1187082602,DavFilsDev/gs-spring-boot-rest-service-with-spring-initializer,https://github.com/DavFilsDev/gs-spring-boot-rest-service-with-spring-initializer,flag:description:tutorial,api-rest; java; sping-initializer; spring; spring-boot,Practice project implementing a basic RESTful API with Spring Boot following the official Spring Getting Started tutorial using spring initializer
1185271685,anthonyRanivoarison/greetings-PROG3,https://github.com/anthonyRanivoarison/greetings-PROG3,flag:description:course,java; maven; spring-boot,First TP with Spring Boot in PROG3 course
1195310263,however-yir/tianji-ai-agent,https://github.com/however-yir/tianji-ai-agent,flag:description:course,agent; agent-evaluation; java; llm; multi-agent; rag; spring-ai; spring-boot; sse; tool-calling,"Production-oriented multi-agent course advisor with deterministic action governance, offline regression evaluation, SSE contracts and observable tool execution."
1197537517,asunlzy/springboot-saml-sso-example,https://github.com/asunlzy/springboot-saml-sso-example,flag:name:example,auth0; java; keycloak; okta; saml; saml2; single-sign-on; spring-boot; sso,Spring Boot + SAML 2.0 单点登录(SSO)源码实战示例。支持对接 Keycloak、Okta、Auth0、AWS Cognito、Azure AD 及国内主流 IDaaS，源码开箱即用，完美适配企业级身份认证场景。
1197398780,asunlzy/springboot-oauth2-sso-example,https://github.com/asunlzy/springboot-oauth2-sso-example,flag:name:example,auth0; authentication; authorization-code-flow; aws-cognito; azure-ad; entra-id; idaas; java; java-8; keycloak; keycloak-client; oauth2; okta; single-sign-on; spring-boot; spring-framework; spring-framework-5; spring-security; spring-security-jwt; sso,Spring Boot OAuth2 SSO 单点登录源码开箱即用的参考实现。支持对接 Keycloak、Okta、Auth0、AWS Cognito、Azure AD 所有国际主流厂商及国内主流 IDaaS，完美适配企业级统一身份认证场景。
1197525044,asunlzy/springboot-oidc-sso-example,https://github.com/asunlzy/springboot-oidc-sso-example,flag:name:example,auth0; java; keycloak; oauth2; oidc; okta; single-sign-on; spring-boot; sso,Spring Boot + OIDC (OpenID Connect) 授权码模式单点登录(SSO)源码实战示例。支持对接 Keycloak、Okta、Auth0、AWS Cognito、Azure AD 及国内 IDaaS，全网唯一开箱即用的源码，完美适配企业级身份认证场景。
1199484651,Dom-Henrique/first-spring-app,https://github.com/Dom-Henrique/first-spring-app,flag:description:course,spring-boot; youtube,Creating my first Spring Boot app watching the Vitor Souza course in YouTube.
1193928277,Adarsh6158/Reactive-Programming-Learning,https://github.com/Adarsh6158/Reactive-Programming-Learning,flag:name:learning,mongodb; project-reactor; reactive-programming; spring-boot; webflux,"Reactive Spring Boot WebFlux application demonstrating non-blocking APIs, MongoDB integration, and real-world reactive patterns with Project Reactor"
1198973680,michelrubens/spring-demo,https://github.com/michelrubens/spring-demo,flag:name:demo,java; spring-boot,
1189481747,fmazmz/spring-boot-oauth2-client,https://github.com/fmazmz/spring-boot-oauth2-client,flag:description:how to,github; oauth2-authentication; oauth2-client; spring-boot; spring-security; springboot,This repository contains a Spring Boot application that demonstrates how to secure an API with OAuth 2.0 and provide social login using GitHub.
1195840518,kaiyuzhao116/mybatisplus_demo,https://github.com/kaiyuzhao116/mybatisplus_demo,flag:name:demo,java; mybatis-plus; spring-boot,✨ MyBatis-Plus 实战入门 Demo | Spring Boot 3.x 一站式学习案例 | 完整CRUD | 条件查询 | 分页 | 批量操作
1193303164,AckStorm42/oidc-demo,https://github.com/AckStorm42/oidc-demo,flag:name:demo,application-security; java; java21; keycloak; oauth2; oidc; security; spring-boot; spring-security,Minimal Spring Boot OIDC login demo with secure environment-based configuration
1194165458,AckStorm42/spring-auth-server-demo,https://github.com/AckStorm42/spring-auth-server-demo,flag:name:demo,application-security; authorization-server; java; java21; oauth2; oidc; security; spring-authorization-server; spring-boot; spring-security,Minimal Spring Authorization Server demo with OIDC support and environment-based configuration
1199760470,ChrIS230020646/Online-Course-Website,https://github.com/ChrIS230020646/Online-Course-Website,flag:name:course; flag:description:course,java; spring-boot; web-development,"Online Course Website project for Spring Boot, Spring Security, and Gradle."
1198185547,kpinto89/spring-ai-chat-demo,https://github.com/kpinto89/spring-ai-chat-demo,flag:name:demo,css; html; spring-ai; spring-boot,Spring AI Chat with Github Token
1195147461,pravallika137/mru-pay,https://github.com/pravallika137/mru-pay,flag:description:course,fintech; java; mysql; payment-service; payment-system; phonepay; phonepay-clone; phonepe; phonepe-clone; react; spring-boot,"mru-pay is an educational fintech application developed as a demonstration project during college coursework in fintech application development. This project showcases a basic implementation of a digital payment system similar to PhonePe, with the public-facing branding displayed as ""Mru Pay"" while the internal codebase references it as phonepay."
1189480169,denzilantony/springboot-microservices-demo,https://github.com/denzilantony/springboot-microservices-demo,flag:name:demo,azure; clean-architecture; docker; german-jobs; java; junit5; kubernetes; microservices; postgresql; rest-api; spring-boot; tdd,"Microservices demo using Java 17, Spring Boot, PostgreSQL, Docker Compose and GitHub Actions CI. Covers REST APIs, event-driven communication, and TDD with JUnit 5."
1194730189,jf17/observability-demo,https://github.com/jf17/observability-demo,flag:name:demo,grafana; java21; micrometer; observability; open-telemetry; podman; podman-compose; prometheus; spring-boot; spring-boot-3,Observability Demo
1200075613,ly1836/spring-ai-rag-demo,https://github.com/ly1836/spring-ai-rag-demo,flag:name:demo,ai-agents; deepseek; docker; echarts; erp; gemini; generative-ai; java; llm; pgvector; rag; spring-ai; spring-boot; spring-boot-4; tool-calling,"基于 Spring AI 2.0 的生产级 ERP 智能助手｜Production-ready ERP AI assistant with RAG, Tool Calling, chat memory, dynamic SQL tools, multi-tenancy and ECharts."
1203988278,thpoiani/dio-spring-boot-learning-track,https://github.com/thpoiani/dio-spring-boot-learning-track,flag:name:learning,clean-architecture; ddd; dio; docker; docker-compose; java; openfeign; rest-api; spring-ai; spring-boot; spring-data; spring-security; testcontainers,"DIO Spring Boot learning track with hands-on modules covering DDD, Spring Web, Spring Data, Spring Security, OpenFeign, and Spring AI."
1210606268,OnTheRoadProject/on-the-road-backend,https://github.com/OnTheRoadProject/on-the-road-backend,flag:description:course,microservices; microservices-architecture; spring; spring-boot; spring-data-jpa; spring-security,OnTheRoad backend for the Enterprise Applications course (University of Calabria - Bachelor's Degree in Computer Science)
1206625960,swastik-banerj/e-learning-platform-microservices,https://github.com/swastik-banerj/e-learning-platform-microservices,flag:name:learning,backend-api; ci; docker; docker-image; githubaction-workflow; java; spring-boot; spring-security; spring-security-jwt,"Production-ready microservices backend for an E-Learning platform showcasing Spring Boot, Spring Cloud, Docker, CI/CD with GitHub Actions, and distributed system architecture."
1201150616,seonwooj0810/mongodb-demo,https://github.com/seonwooj0810/mongodb-demo,flag:name:demo,java; mongodb; spring-boot,Spring Data MongoDB 데모 — 임베디드 문서·배열 연산·동적 쿼리·페이징·Visitor 패턴 도메인 모델링
1200698460,acasado666/sample-saga-choreography-pattern,https://github.com/acasado666/sample-saga-choreography-pattern,flag:name:sample,docker-compose; h2-database; java; kafka; spring-boot,Saga choreography using Kafka. Adding patterns transactional-outbox and idempotency 
1202053035,aninhaelisa/java-learning,https://github.com/aninhaelisa/java-learning,flag:name:learning,java; jdbc; jdk25; lts; postgresql; postman; spring-boot; sql; student-project,"Repositório dedicado ao meu aprendizado contínuo em Java, reunindo exercícios, estudos e projetos práticos."
1203360549,Jeck0v/JavaSpringBoot-learning,https://github.com/Jeck0v/JavaSpringBoot-learning,flag:name:learning,beginner; clean-architecture; clean-code; docker-compose; spring-boot; tdd; tdd-java,Learning App for Java SprintBoot 
1201624718,Abdalla2030/spring-start-here-book-examples,https://github.com/Abdalla2030/spring-start-here-book-examples,flag:name:example; flag:name:examples,java; spring; spring-boot; spring-framework; spring-start-here,"Examples and practice projects from the book ""Spring Start Here"" by Laurentiu Spilca, covering Spring context, beans, dependency injection, and more."
1205744398,zhijunio/skillsjars-example-spring-ai,https://github.com/zhijunio/skillsjars-example-spring-ai,flag:name:example,agent-skills; cursor; java; spring-ai; spring-boot,SkillsJars 与 Spring AI 结合的最小可运行示例
1206233978,Martinrc93/ecommerce-demo,https://github.com/Martinrc93/ecommerce-demo,flag:name:demo,java; jwt; postgresql; rest-api; spring-boot,
1203970792,choicespecs/java-ec2-sample-application,https://github.com/choicespecs/java-ec2-sample-application,flag:name:sample,aws; java; spring-boot,Small practice web application in java used to just practice ec2 aws application development
1202710950,kpinto89/springboot-system-design-demo,https://github.com/kpinto89/springboot-system-design-demo,flag:name:demo,java; maven; spring-boot,System Design
1203593505,JSR2813123/coupon_demo,https://github.com/JSR2813123/coupon_demo,flag:name:demo,backend; java; jmeter; optimistic-locking; pessimistic-locking; postgresql; redis; spring-boot,"High-concurrency coupon claiming system built with Spring Boot, PostgreSQL, Redis and JMeter."
1204465292,Gabrielosz2020/spring-boot-FirstTest,https://github.com/Gabrielosz2020/spring-boot-FirstTest,flag:description:tutorial,java; jpa; spring-boot,"Projeto de estudo para introdução ao Spring Boot, baseado em tutorial de outro desenvolvedor. Uso pessoal para aprender os fundamentos do framework."
1200184552,shyamprasadreddy03/Skillora,https://github.com/shyamprasadreddy03/Skillora,flag:description:course,backend; lms; microservices-architecture; spring-boot,"Scalable Learning Management System designed to deliver personalized learning paths, course management, and progress tracking using a microservices architecture."
1201267576,byte2code/college-management-api,https://github.com/byte2code/college-management-api,flag:description:course,college-management; h2-database; java; java-17; jpa-queries; jpql; learning-project; maven; native-query; portfolio-project; rest-api; spring-boot; spring-data-jpa,"Spring Boot REST API for managing students, courses, and grades with JPA, H2 persistence, plus derived-query, JPQL, and native-query academic lookups."
1203390049,Renzo-Guerra/learning-spring-security,https://github.com/Renzo-Guerra/learning-spring-security,flag:name:learning,api-rest; docker; jwt; spring-boot; spring-security-jwt,"A little proyect in which, through spring security, some endpoints were able to be protected, and can only be accessed with the right authorization. Basically, an API that implements JWT and users with different roles. "
1204508667,didinj/spring-boot-mongodb-url-shortener-example,https://github.com/didinj/spring-boot-mongodb-url-shortener-example,flag:name:example; flag:description:how to,java; mongodb; spring-boot; url-shortener,How to Build a URL Shortener in Java with Spring Boot and MongoDB
1204227067,tanveer3567/oauth-jwt-demo,https://github.com/tanveer3567/oauth-jwt-demo,flag:name:demo,angular; docker; jwt; microservices; oauth2; spring-boot,"OAuth2 + JWT microservices with Spring Boot auth server, resource server, and Angular 17 SPA"
1209699121,hahnmiranda/spring-ai-rag-demo,https://github.com/hahnmiranda/spring-ai-rag-demo,flag:name:demo,java; java-21; llm; ollama; openrouter; pgvector; rag; retrieval-augmented-generation; spring-ai; spring-boot; vector-database,"Production-style RAG API in Java/Spring AI: OpenRouter as multi-model chat gateway (~300 models), Ollama for local embeddings, pgvector for retrieval."
1208433138,gvj116/spring-ai-rag-demo,https://github.com/gvj116/spring-ai-rag-demo,flag:name:demo,claude-api; document-qa; java; llm; rag; retrieval-augmented-generation; spring-ai; spring-boot; vector-store,"Description: Document Q&A using RAG — upload docs,  ask questions in natural language. Built with  Spring Boot, Spring AI and Claude API."
1207896270,rodrigovp/kafka-connect-outbox-pattern-demo,https://github.com/rodrigovp/kafka-connect-outbox-pattern-demo,flag:name:demo,apache-kafka; debezium; event-driven-architecture; kafka; kafka-connect; microservices; spring-boot; transactional-outbox-pattern,Transactional Outbox Pattern with Kafka Connect and Debezium — ensuring data consistency between database and Kafka (CDC example)
1201079674,Piyush-Gahlawat/spring-boot-cicd-demo,https://github.com/Piyush-Gahlawat/spring-boot-cicd-demo,flag:name:demo,cicd; cicd-pipeline; demo; devops; docker; github-actions; java; maven; pipeline; rest-api; spring-boot; spring-boot-rest-api,"A minimal Spring Boot REST API that showcases a fully automated CI/CD pipeline using GitHub Actions and Docker. On every push to main, the pipeline builds, tests, packages the JAR, and creates a Docker image – perfect for demonstrating modern DevOps practices in Java projects."
1201271699,only2dhir/spring-ai-knowledge-assistant,https://github.com/only2dhir/spring-ai-knowledge-assistant,flag:description:tutorial; flag:description:how to,java; ollama; rag-pipeline; redis-cache; spring-ai; spring-boot,"Learn how to build an AI Knowledge Assistant using Spring AI, Ollama, and RAG. Step-by-step Java tutorial covering document ingestion, embeddings, and vector storage."
1209417363,choicespecs/java-api-study-demo,https://github.com/choicespecs/java-api-study-demo,flag:name:demo,api; java; spring-boot,A reference project that can deploy an interactive website that highlights java api development
1212084431,Nyx-Amanises/AI-Intelligent-Learning-Assistant-System,https://github.com/Nyx-Amanises/AI-Intelligent-Learning-Assistant-System,flag:name:learning,ai; element-plus; graduation-project; learning-assistant; llm; llms; mysql; rag; railway; spring-boot; vercel; vue3,AI 智能学习助手系统：基于 Spring Boot 3.3 + Java 17 + Vue 3 + Qdrant + Redis，实现AI学习助手、RAG检索评测、资料管理、在线练习和学习分析系统，适合作为学习和简历项目，学习门槛低。
1213716560,umur/event-driven-architecture-book-examples,https://github.com/umur/event-driven-architecture-book-examples,flag:name:example; flag:name:examples,cqrs; event-driven; event-sourcing; java; kafka; outbox-pattern; saga; spring-boot,"Companion code for Event-Driven Architecture with Spring Boot 4 & Kafka 4 — CQRS, sagas, outbox, schema evolution"
1220418333,umur/microservices-example,https://github.com/umur/microservices-example,flag:name:example,api-gateway; eureka; java; kafka; microservices; resilience4j; spring-boot; spring-cloud,"Companion code for Microservices with Spring Boot 4 — service discovery, circuit breakers, API gateway, event-driven workflows"
1215443403,sureshs59/spring-cloud,https://github.com/sureshs59/spring-cloud,flag:description:how to,java17; microservices; resilience4j; spring-boot; webclient; webflux,"This project demonstrates how to build a resilient microservice aggregator using:  🔹 Spring Boot 3 (Java 17) 🔹 WebClient (Reactive, non-blocking calls) 🔹 Resilience4j (Retry, Circuit Breaker, Timeout, Fallback)"
1217802243,erikschwob/elo-workflow-demo,https://github.com/erikschwob/elo-workflow-demo,flag:name:demo,docker; ecm; flyway; java; jpa; junit; postgresql; rest-api; spring-boot; workflow-engine,ECM document workflow prototype — Java 17 · Spring Boot · PostgreSQL · inspired by ELO concepts
1220738799,TryCalling/devops-learning-lab,https://github.com/TryCalling/devops-learning-lab,flag:name:learning,ci-cd; devops; docker; helm; java; jenkins; kubernetes; learning-project; spring-boot,"Learning-focused Spring Boot, Docker, CI/CD, and Kubernetes practice repository."
1211682380,archonity/enterprise-crud-classic-example,https://github.com/archonity/enterprise-crud-classic-example,flag:name:example,code-generation; codetools; java; spring-boot; style-example; template-driven,
1212856936,ysathvikreddy064-dev/integration-service-demo,https://github.com/ysathvikreddy064-dev/integration-service-demo,flag:name:demo,correlation-id; error-handling; external-api; integration-service; observability; spring-boot; webclient,"A resilient integration microservice that calls an external API using WebClient, with retry logic, error handling, and observability. This repo shows how i can build services that Call external systems, Handle failures gracefully, Retry transient issues, Produce debuggable logs, Maintain clean architecture"
1211428355,DevGuideHub/spring-boot-demos,https://github.com/DevGuideHub/spring-boot-demos,flag:name:demo,java; spring; spring-boot,🍃 Spring Boot 学习实战项目，技术代码示例。
1220518603,umur/hibernate-example,https://github.com/umur/hibernate-example,flag:name:example,flyway; hibernate; java; jpa; postgresql; spring-boot; spring-data-jpa,"Companion code for Hibernate & Spring Data JPA in Depth — N+1, transactions, Flyway migrations, and the full persistence stack"
1214525339,iamrupeshkumar/Spring-runMethod-Banner-Runners,https://github.com/iamrupeshkumar/Spring-runMethod-Banner-Runners,flag:description:how to,custom-banner-printing; runners; spring-boot,"In this project demonstrated the SpringApplication.run() method in starter class and how to change the banner text and use of runners as well. Runner which are called by run() method at last, in runners logic will execute only once when application starts."
1216566235,callibrity/mocapi-enterprise-demo,https://github.com/callibrity/mocapi-enterprise-demo,flag:name:demo,demo; enterprise; graalvm; graalvm-native-image; java; keycloak; mcp; mocapi; model-context-protocol; oauth2; opentelemetry; postgresql; spring-boot,"Meet Meridian: deprecated services still in production, orphaned PII, 2am ""what breaks if X goes down"" questions. This is that catalog served over MCP by Spring Boot and Mocapi — with OAuth2, scope-gated tool visibility, encrypted persistent sessions, and OTLP observability built in."
1212405158,JAZSI/PayrollSystem,https://github.com/JAZSI/PayrollSystem,flag:description:course,full-stack; java; payroll; react; spring-boot; sqlite; tailwindcss; typescript; vite,"Philippine payroll system - pure-Java engine + Spring Boot API + React dashboard, in one jar. OOP course final project."
1220071812,denzilantony/kafka-springboot-demo,https://github.com/denzilantony/kafka-springboot-demo,flag:name:demo,docker; event-driven-architecture; java; junit5; kafka; microservices; producer-consumer; spring-boot; tdd,"Event-driven microservices demo using Apache Kafka and Spring Boot 3. Producer/Consumer pattern, Dead Letter Queue, Docker Compose, Java 21, TDD."
1216948727,yofujitsu/otp-project,https://github.com/yofujitsu/otp-project,flag:description:course,docker; java; liquibase; postgresql; smpp-client; spring-boot; telegrambot,final project of the specialized java development tools course | 2nd semester of masters at NRNU MEPhI
1220364611,UtkarshYadav01/SpringBootS3DemoApplication,https://github.com/UtkarshYadav01/SpringBootS3DemoApplication,flag:name:demo,aws; file-upload; java; postman; rest-api; s3-bucket; spring-boot,Spring Boot REST API for uploading and downloading files using AWS S3
1211889950,acasado666/sample-kafka-spring-boot4,https://github.com/acasado666/sample-kafka-spring-boot4,flag:name:sample,docker-compose; kafka; kafka-consumer; kafka-producer; serialization-deserialization; spring-boot,Demo for Spring Boot Kafka Producer / Consumer. Updated to spring boot 4
1218743070,adiputera/spring-boot-temporal,https://github.com/adiputera/spring-boot-temporal,flag:description:how to,consignment; demo; java; order-flow; spring-boot; tempora-io; temporal; workflow,"Sample project showing how to orchestrate a place-order + post-payment consignment flow across five Spring Boot services with Temporal, using a parent OrderWorkflow that blocks on a child ConsignmentWorkflow after payment succeeds."
1211804772,MOHDJUNAID70/Cheminova_AI-Backend,https://github.com/MOHDJUNAID70/Cheminova_AI-Backend,flag:description:course,ai; docker; java; jwt; redis; rest-api; spring-boot,"AI-powered career guidance platform that analyzes your skills, identifies gaps, and generates a personalized learning path with course recommendations and timeline estimation. Built with Java Spring Boot, React.js, and Python LLM — secured with JWT authentication, Redis token blacklisting, and containerized with Docker."
1220558369,scndry/jackson-spreadsheet-examples,https://github.com/scndry/jackson-spreadsheet-examples,flag:name:example; flag:name:examples,apache-poi; data-export; examples; excel; jackson; java; pojo; spreadsheet; spring-boot; xlsx,Runnable examples for jackson-dataformat-spreadsheet — read/write Excel (XLSX) as Java objects
1223546274,ThanhMiLa/CodeLearning,https://github.com/ThanhMiLa/CodeLearning,flag:name:learning,competitive-programming; dsa-algorithm; java; judge0; online-judge; payos; postgresql; rabbitmq; redis; sendgrid; spring-boot,E-learning & Online Judge platform for learning programming and practicing data structures and algorithms (DSA).
1227098991,BlockNotes-4515/spring-ai-demo,https://github.com/BlockNotes-4515/spring-ai-demo,flag:name:demo,aws; cors; cors-proxy; json; jwt-authentication; mvc; mvc-architecture; nodejs; postgresql; react; reactjs; rest-api; spring; spring-boot; springai,AI-powered projects featuring an Image Generator that creates visuals from text prompts and an Image to Text Transcriber that extracts text from images accurately using OCR technology 💼.
1232202122,only2dhir/spring-ai-rag,https://github.com/only2dhir/spring-ai-rag,flag:description:tutorial; flag:description:how to,docker-compose; java; pgvector; spring-ai; spring-ai-ollama; spring-boot,"Learn how to build a Retrieval-Augmented Generation (RAG) application using Spring AI, PGVector, PostgreSQL and Ollama. In this tutorial, we will ingest PDF documents, generate embeddings using Ollama, store vectors in PostgreSQL using pgvector and retrieve contextual answers using Spring AI."
1221991091,umur/spring-boot-performance-book-example,https://github.com/umur/spring-boot-performance-book-example,flag:name:example,graalvm; java; jfr; jvm; k6; performance; profiling; spring-boot; virtual-threads,"Companion code for Spring Boot 4 Performance in Practice — JFR, async-profiler, virtual threads, GraalVM AOT, 50× throughput"
1221366236,rahul-ghadge/spring-boot-ai-demo,https://github.com/rahul-ghadge/spring-boot-ai-demo,flag:name:demo,docker; docker-compose; java-21; mongodb-atlas; spring-ai-openai; spring-boot; swagger-ui,"Enterprise Spring Boot AI demo featuring multi-provider chat (OpenAI, Anthropic, Ollama), RAG with MongoDB Atlas vector search, text summarization, image analysis, embeddings, and SSE streaming — built with Spring AI 1.0 and Java 21."
1227028946,gungorakbiyik/payment-service-demo,https://github.com/gungorakbiyik/payment-service-demo,flag:name:demo,bug-reproduction; concurrency; java; race-condition; spring-boot; transaction-management,"Runnable reproduction of an @Async @EventListener race condition in Spring — why it looks intermittent, and the @TransactionalEventListener fix."
1225582814,GustavoMPrado/lista-contatos-spring-mvc,https://github.com/GustavoMPrado/lista-contatos-spring-mvc,flag:description:course,crud; java; maven; spring-boot; spring-mvc; thymeleaf,"Contact management web application built with Java, Spring Boot, Spring MVC and Thymeleaf as part of an AlgaWorks practical course."
1228571836,yzd-yang/CangQiongWaiMai_demo,https://github.com/yzd-yang/CangQiongWaiMai_demo,flag:name:demo,gateway; java; microservices; nacos; seata; sentinel; spring-boot; spring-cloud,苍穹外卖：Spring Boot 3.4.3 微服务练习（Gateway / Nacos / Feign / Sentinel / Seata）
1222696434,acasado666/sample-spring-boot-kafka-windowing,https://github.com/acasado666/sample-spring-boot-kafka-windowing,flag:name:sample,docker-compose; java; kafka; kafka-producer; kafka-streams; serialization-deserialization; spring-boot; window-functions,"Demo for Spring Boot Kafka Streams prove of concepts operations Kafka Streams Windowing: Tumbling, Hopping, Sliding, Session"
1222661438,UtkarshYadav01/SpringBootEC2DemoApp,https://github.com/UtkarshYadav01/SpringBootEC2DemoApp,flag:name:demo,aws-ec2; java; spring-boot,Spring Boot App deployed on AWS EC2
1229101027,Cognition-Partner-Workshops/ts-java-spring-boot-internet-banking,https://github.com/Cognition-Partner-Workshops/ts-java-spring-boot-internet-banking,flag:description:workshop,architecture; banking; java; microservices; spring-boot,"Internet Banking Concept — Java 21 / Spring Boot 3.2 microservices (core-banking, fund-transfer, user, utility-payment, API gateway, service registry). Target application for knowledge base generation, FSE gap analysis, and code impact analysis workshops. Source: JavatoDev-com/internet-banking-concept-microservices (MIT)"
1231219266,denethSaputhanthri/Spring-Security-Learning,https://github.com/denethSaputhanthri/Spring-Security-Learning,flag:name:learning,spring-boot; spring-security; springframework,"Spring Security learning project covering authentication, authorization, password encoding, role-based access control, security filters, and secure API development using Spring Boot."
1229711168,katrin-devr/spring-jwt-auth-demo,https://github.com/katrin-devr/spring-jwt-auth-demo,flag:name:demo,backend; docker; flyway; java; jpa; jwt; openai; postgresql; spring-boot; spring-security; swagger; testcontainers,"Demo backend-модуля авторизации на Spring Boot: JWT, роли, PostgreSQL, Swagger, Docker и тесты."
1227158422,iambilotta/spring-gdpr-aiact-demo,https://github.com/iambilotta/spring-gdpr-aiact-demo,flag:name:demo,apache-2; audit-log; compliance; eu-ai-act; gdpr; java; spring-aiact; spring-boot; spring-gdpr,End-to-end demo of spring-aiact + spring-gdpr running together in a single Spring Boot 3.5 service
1223107003,Doni-15/Teknisio,https://github.com/Doni-15/Teknisio,flag:description:course,android; java; jwt; postgresql; software-engineering; spring-boot; websocket,"Collaborative service-booking coursework built with Spring Boot, Android, PostgreSQL, JWT, and WebSocket."
1229137701,Cognition-Partner-Workshops/petclinic-rest-api,https://github.com/Cognition-Partner-Workshops/petclinic-rest-api,flag:description:workshop,java; multi-repo-app; openapi; rest-api; spring-boot; testing-qa,"Spring PetClinic REST API — rich OpenAPI 3.0 spec (35 operations, 15 schemas, 8 domains) with bean validation, entity relationships, and full CRUD. Input for API-first microservice code generation workshops (source: spring-petclinic/spring-petclinic-rest, Apache 2.0)"
1224685249,JHREXA/Self-Directed-Learning-Platform,https://github.com/JHREXA/Self-Directed-Learning-Platform,flag:name:learning,angular; backend; docker; fullstack; hibernate; java; jwt; postgresql; rest-api; spring-boot; spring-security; swagger,"Full-stack learning platform built with Java, Spring Boot, Spring Security, JWT, PostgreSQL and Angular."
1222677426,Adarsh6158/Database-Scaling,https://github.com/Adarsh6158/Database-Scaling,flag:description:how to,caching; database-scaling; query-optimization; replication; sharding; spring-boot; system-design,"A backend project that shows how to optimize and scale databases in real-world systems. It covers indexing, caching, avoiding N+1 queries, connection pooling, replication, sharding, async processing, and monitoring using Spring Boot and MongoDB"
1231409668,emboss/text-first-demo,https://github.com/emboss/text-first-demo,flag:name:demo,ai; spec-driven-development; spring-boot,"A sample repo showcasing the ""Text-First"" approach to AI-assisted development."
1223934636,MehdiJmlkh/MioBook,https://github.com/MehdiJmlkh/MioBook,flag:description:course,docker; docker-compose; google-oauth; hibernate-jpa; java; java-backend; junit; jwt; kubernetes; mysql; openid-connect; react; react-query; react-router; responsive-design; spring-boot; spring-data-jpa; spring-mvc; spring-security,Internet Engineering course projects: A Bookstore Web Application
1223054575,lucaso-silva/secure-api-demo,https://github.com/lucaso-silva/secure-api-demo,flag:name:demo,api-rest; authentication; authorization; encoder; jwt-authentication; jwt-token; role-based-access-control; spring-boot; spring-security,"A Spring Boot project demonstrating Spring Security concepts, evolving from route protection to custom authentication and JWT-based security."
1222699092,acasado666/sample-spring-boot-kstreams,https://github.com/acasado666/sample-spring-boot-kstreams,flag:name:sample,docker-compose; java; kafka; kafka-producer; kafka-streams; serialization-deserialization; spring-boot; stateful-functions; stateless-functions,Demo for Spring Boot Kafka Streams prove of concepts stateless and stateful operations
1224791042,umur/spring-security-book-example,https://github.com/umur/spring-security-book-example,flag:name:example,java; jwt; oauth2; oidc; reactive; security; spring-boot; spring-security,"Companion code for Spring Security 7: From Internals to Production — filter chain, JWT, OAuth2, OIDC, reactive security"
1237321352,Matxpcode/springboot-learning,https://github.com/Matxpcode/springboot-learning,flag:name:learning,spring-boot,"Spring Boot learning repository with backend exercises, REST APIs, JPA and authentication practices."
1238849104,flowerjvm/flower-sample,https://github.com/flowerjvm/flower-sample,flag:name:sample,examples; flowerjvm; java; jvm; spring-boot; workflow,Sample applications for the Flower JVM workflow runtime.
1241570596,devslab-kr/devslab-examples,https://github.com/devslab-kr/devslab-examples,flag:name:example; flag:name:examples,demos; docker-compose; examples; llm; mybatis; openfeign; pagination; postgres; r2dbc; security; spring-ai; spring-boot; spring-cloud; ssrf; testcontainers; webclient; webflux,"Runnable Spring Boot demos for devslab-kr libraries — pagination (easy-paging) and SSRF defense (ssrf-guard, including LLM-agent tool URL validation via Spring AI). Clone, bootRun, curl."
1235024953,Saisho137/springboot-learning-pocs,https://github.com/Saisho137/springboot-learning-pocs,flag:name:learning,java; poc; spring-boot,"Spring Boot proof-of-concepts: AWS Parameter Store integration, functional endpoints."
1241567203,M-Touiti/batch-processing-demo,https://github.com/M-Touiti/batch-processing-demo,flag:name:demo,apache-poi; banking; batch-processing; csv; docker; excel; fintech; hexagonal-architecture; java; microservice; portfolio; postgresql; rest-api; spring-batch; spring-boot; swagger; testcontainers,"Production-grade Spring Batch microservice — CSV & Excel financial transaction import with validation, parallel chunk processing, skip policy, currency conversion, and REST job monitoring. Hexagonal architecture, Testcontainers integration tests, Docker Compose."
1239194135,Hamza-Eren/java-design-patterns,https://github.com/Hamza-Eren/java-design-patterns,flag:description:course,design-patterns; java; spring; spring-boot,Behavioral and structural design pattern assignments and examples from the Udemy Design Patterns course
1242161771,muskanmi/learningSpringBootApp,https://github.com/muskanmi/learningSpringBootApp,flag:name:learning,jpa-hibernate; maven; spring; spring-boot; spring-security,A basic Spring Boot REST API project for learning backend development using Java and Spring Boot.
1241613419,lasserre-consulting/aws-mainframe-modernization-carddemo-java,https://github.com/lasserre-consulting/aws-mainframe-modernization-carddemo-java,flag:name:demo,ai; cobol; java; legacy-modernization; mainframe; migration; spring-boot,"Migration COBOL → Java 25 (Spring Boot 3.5) pilotée par IA — 20 650 lignes, 31 modules, Spring Batch + JMS + JPA"
1236400787,M-Touiti/spring-kafka-microservice-demo,https://github.com/M-Touiti/spring-kafka-microservice-demo,flag:name:demo,apache-kafka; circuit-breaker; clean-architecture; docker; docker-compose; event-driven; hexagonal-architecture; java; maven; microservices; openapi; postgresql; prometheus; resilience4j; spring-boot; test-containers,"Event-driven microservice built with Spring Boot 3, Kafka, and Clean Architecture. Features circuit breaker, idempotent subscription flow, Testcontainers integration tests, OpenAPI docs, and Prometheus metrics. Multi-module Maven project deployable via Docker Compose."
1235946383,acasado666/sample-spring-kafka-joins,https://github.com/acasado666/sample-spring-kafka-joins,flag:name:sample,docker-compose; java; joins-aggregation; kafka; kafka-producer; kafka-streams; serialization-deserialization; spring-boot,Demo for Spring Boot Kafka Streams prove of concepts Stateful operations.
1239990838,danielgit0/spring-kafka-demo,https://github.com/danielgit0/spring-kafka-demo,flag:name:demo,asyncapi; avro; gradle; grafana; instrumentation; java; kafka; loki; metrics; observability; openapi; opentelemetry; spring; spring-boot,"A Spring Boot application demonstrating core Kafka patterns: producing and consuming Avro-serialized events via a Redpanda broker cluster, with a fully code-generated REST API layer and observability tooling."
1241384144,4rnav-here/Learning-Spring-Boot,https://github.com/4rnav-here/Learning-Spring-Boot,flag:name:learning,java; rest-api; spring-boot,
1236088681,team-project-final/synapse-learning-svc,https://github.com/team-project-final/synapse-learning-svc,flag:name:learning,ai; fastapi; spring-boot; srs; synapse,Synapse — learning services (card/srs Java + ai Python)
1242158022,codingkiddo/spring-boot-elk-demo,https://github.com/codingkiddo/spring-boot-elk-demo,flag:name:demo,centralized-logging; docker-compose; elasticsearch; elk-stack; kibana; logstash; spring-boot,"Spring Boot centralized logging demo with Logstash, Elasticsearch, and Kibana"
1239132899,M-Touiti/api-gateway-resilience-demo,https://github.com/M-Touiti/api-gateway-resilience-demo,flag:name:demo,api-gateway; circuit-breaker; docker; docker-compose; grafana; java; jwt; microservices; prometheus; rate-limiting; redis; resilience-patterns; resilience4j; spring-boot; spring-cloud-gateway,"API Gateway with Circuit Breaker, Rate Limiting, Retry, and JWT authentication — built with Spring Cloud Gateway and Resilience4j. Includes Prometheus + Grafana monitoring and a Postman demo collection."
1232885831,thiagogarbazza/poc-java-springboot-hibernate-envers,https://github.com/thiagogarbazza/poc-java-springboot-hibernate-envers,flag:description:how to,envers; java; poc; spring-boot,This project is a Proof of Concept (PoC) demonstrating how to use Hibernate Envers with Spring Boot to implement auditing and versioning of entities. It provides a simple example of how to track changes to an entity and retrieve historical data.
1237060677,Tejaswini-Bollikonda/mongodb-demo,https://github.com/Tejaswini-Bollikonda/mongodb-demo,flag:name:demo,bean-validation; java; mongodb; spring-boot; student-crud; thymeleaf,Spring Boot + MongoDB + Thymeleaf Student CRUD — server-rendered Java web app with bean validation and integration tests (embedded Mongo).
1242140671,N-MohammedShakeel/SpringAiDemo,https://github.com/N-MohammedShakeel/SpringAiDemo,flag:name:demo,ai-response-structuring; chat-memory; embedding; java; ollama; prompt-engineering; rag; rest-api; semantic-search; spring; spring-boot; springai; vector-database,"Built a hands-on Spring AI project using Spring Boot and Ollama to explore Generative AI integration in backend applications. Implemented chat completion, prompt engineering, embeddings, vector search, RAG, chat memory, multimodal AI, and structured AI responses."
1242191594,temptation4/springboot-rate-limiter-demo,https://github.com/temptation4/springboot-rate-limiter-demo,flag:name:demo,java; rate-limiting; spring-boot; system-design,Rate limiting implementation for Spring Boot REST APIs
1233466311,dskow/sda-telemetry-demo,https://github.com/dskow/sda-telemetry-demo,flag:name:demo,apache-kafka; apache-nifi; distroless; docker; java; kafka; runbook; sda; spring-boot; sustainment,"Sustainment-focused Java/Spring Boot 3 demo: Apache Kafka ingest with DLQ, Apache NiFi flow, distroless image, runbook + SOP + post-incident report"
1236840437,arthurtvrs10/java-api-consumption-examples,https://github.com/arthurtvrs10/java-api-consumption-examples,flag:name:example; flag:name:examples,clean-code; design-patterns; educational; http-client; java; java-21; rest-api; rest-client; spring-boot,☕ Padrões modernos e abordagens práticas para consumo de APIs REST no ecossistema Java (Java 21 & Spring Boot)
1236151146,BenHampton/rate-limit-demo-api-service,https://github.com/BenHampton/rate-limit-demo-api-service,flag:name:demo,envoy; jmeter; rate-limiting; spring-boot,Rate Limiting A Spring Boot App Using Envoy
1253289728,weidonglang/EduNexus-AI,https://github.com/weidonglang/EduNexus-AI,flag:description:course,academic-management; ai-assistant; course-registration; course-selection; educational-management; exam-management; grade-management; graduation-project; java; mysql; natural-language-sql; redis; redis-lock; spring-boot; student-information-system; teaching-evaluation; timetable; typescript; university-system; vue3,"Spring Boot + Vue 3 教务管理系统 / academic management system for graduation projects, with Redis 抢课, course selection, grades, exams, timetable, AI assistant, natural language SQL, and load testing."
1254018107,furkankayam/fix-protocol-4.2-example,https://github.com/furkankayam/fix-protocol-4.2-example,flag:name:example,docker; docker-compose; fix-42; fix-protocol; gradle; java; quickfixj; spring-boot,✅ FIX Protocol 4.2 Example
1254157039,Szpiss/dormitory-manager-coursework,https://github.com/Szpiss/dormitory-manager-coursework,flag:name:course,coursework; spring-boot; vue,高校宿舍管理系统课程大作业：Spring Boot + MySQL + Vue 前后端分离
1245940314,lilianlacerda/blog-pessoal,https://github.com/lilianlacerda/blog-pessoal,flag:description:bootcamp,java; jpa-hibernate; mysql; spring-boot; spring-security,Projeto com Spring para o bootcamp da Generation!
1249317507,arvl130/react-spring-oauth2-integration-demo,https://github.com/arvl130/react-spring-oauth2-integration-demo,flag:name:demo; flag:description:how to,bff; oauth2; react; spring; spring-boot; spring-security,Minimalist demo on how to integrate React with Spring in an OAuth2 Client Backend-for-Frontend (BFF) configuration
1248882500,ANu-771/AAD-Learning-Project,https://github.com/ANu-771/AAD-Learning-Project,flag:name:learning,api; api-development; java; json-server; meven; spring-boot,"A Java Spring Boot learning project that demonstrates RESTful API development, API consumption, CRUD operations, JSON data handling, and modern backend development concepts."
1247119159,LadyRed145/LearningPlatformCloud,https://github.com/LadyRed145/LearningPlatformCloud,flag:name:learning,amazon-s3; api-gateway; aws; aws-ec2; azure-ad-b2c; ci-cd; cloud-native; docker; docker-compose; github-actions; java; jwt; maven; oauth2; oracle; rabbitmq; rest-api; spring-boot; spring-security,"Cloud-oriented Spring Boot backend integrating Oracle, AWS S3, Azure AD B2C, RabbitMQ, Docker and automated deployment to AWS EC2."
1250300286,natnaela-devops/springboot-ci-cd-demo,https://github.com/natnaela-devops/springboot-ci-cd-demo,flag:name:demo,argocd; docker; ghcr; github-actions; gitops; java; kubernetes; kustomize; spring-boot,"Validated Spring Boot GitOps lab with Maven tests, a hardened Docker image, Kubernetes/Kustomize, Argo CD, GitHub Actions, and GHCR publishing."
1249417575,cdgutierrez6/microservices-demo,https://github.com/cdgutierrez6/microservices-demo,flag:name:demo,apache-kafka; architecture; distributed-systems; docker; event-driven; java; microservices; postgresql; redis; spring-boot,"Java Spring Boot playground where I validate event-driven choreography and domain-split services (Kafka + Docker Compose), outside my main .NET stack. Reference build, not production."
1245888427,raissa-sf/blogpessoal,https://github.com/raissa-sf/blogpessoal,flag:description:bootcamp,backend; crud; java; jpa; jwt; render; rest-api; spring-boot; spring-security; swagger,"API REST para gerenciamento de usuários, postagens e temas, desenvolvida com Java, Spring Boot, Spring Security, JWT Authentication e Spring Data JPA. Projeto desenvolvido durante o Bootcamp Java Full Stack da Generation Brasil e implantado no Render."
1250419632,GabrielP295/spring-codecademy-intro,https://github.com/GabrielP295/spring-codecademy-intro,flag:description:course,java; spring; spring-boot,"My first Spring Boot project, part of the Codecademy Learn Spring course"
1254250727,Dr0na/oauth2-token-exchange-demo,https://github.com/Dr0na/oauth2-token-exchange-demo,flag:name:demo,demo; docker-compose; identity-provider; jwt; keycloak; microservices; oauth2; openid-connect; rfc8693; security; spring-boot; token-exchange,"Interactive demo of cross-IdP OAuth 2.0 Token Exchange (RFC 8693) with Keycloak, Spring Boot, and Docker Compose."
1250998620,YSSkulkina/order-notification-demo,https://github.com/YSSkulkina/order-notification-demo,flag:name:demo,backend; demo; java; junit; maven; notifications; rest-api; spring-boot,Demo Spring Boot backend service for order notification processing
1244859682,robertairds/generation-hello-world,https://github.com/robertairds/generation-hello-world,flag:description:bootcamp,generation-brasil; spring-boot,First practical Spring Boot activity developed during the Generation Brasil bootcamp.
1246624622,Hamza-Eren/spring-aop-learning-project,https://github.com/Hamza-Eren/spring-aop-learning-project,flag:name:learning,java; spring; spring-aop; spring-boot,Step-by-step Spring AOP learning project with real-world examples.
1250381329,squid-protocol/cobol_to_java_examples,https://github.com/squid-protocol/cobol_to_java_examples,flag:name:example; flag:name:examples,cics; cobol; code-generation; code-migration; java; java-17; jpa; legacy-code; legacy-modernization; mainframe; maven; microservices; software-architecture; spring-boot; static-analysis,using the blAST engine to provide 10 examples of 10 cobol repos translated to compiling java spring boot
1248844300,lexq-io/lexq-examples,https://github.com/lexq-io/lexq-examples,flag:name:example; flag:name:examples; flag:description:how to,business-rules; decision-engine; examples; java; lexq; rest-api; rule-engine; spring-boot; typescript,How to integrate LexQ into your backend service — runnable TypeScript and Spring Boot examples calling the Execution API
1243745255,Sujan498/microservices-demo,https://github.com/Sujan498/microservices-demo,flag:name:demo,docker; java; kafka; kubernetes; microservices; spring-boot,"Event-driven Spring Boot microservices demo: 3 services, Kafka, API gateway, Docker Compose, Prometheus/Grafana, JWT"
1242975117,rodrigovp/kafka-multi-event-avro-demo,https://github.com/rodrigovp/kafka-multi-event-avro-demo,flag:name:demo,avro; confluent; event-driven; java; kafka; schema-registry; spring-boot,"Multiple Avro event types on the same Kafka topic using Schema Registry, RecordNameStrategy and Strategy Pattern"
1249133255,SaurabhGarg6174/spring-boot-learning,https://github.com/SaurabhGarg6174/spring-boot-learning,flag:name:learning,h2-database; java; junit5; mockito; spring-boot; testing,"Sandbox for modern Java (Java 25, Virtual Threads, Records, Pattern Matching) with Spring Boot, H2, and testing stack (JUnit 5, Mockito, AssertJ, MockMvc)."
1264308704,Cerbur/CRAG-Demo,https://github.com/Cerbur/CRAG-Demo,flag:name:demo,crag; docker-compose; hybrid-search; java; llm; pgvector; rag; reranking; retrieval-augmented-generation; spring-boot,"Production-style RAG learning project — trace the full pipeline from ingestion to hybrid retrieval, RRF, reranking, and LLM answers. Java 21, Spring Boot, pgvector & Docker."
1258776280,coditori/spring-ai-graphrag-demo,https://github.com/coditori/spring-ai-graphrag-demo,flag:name:demo,agentic-ai; chatbot; graphrag; hybrid-search; neo4j; postgresql; rag; root-cause-analysis; semantic-search; spring-ai; spring-boot,"A hands-on, progressive lab using Spring AI. Walk through 5 distinct stages of AI evolution: Simple Chat, In-Context Learning, Vector RAG, Hybrid GraphRAG (Neo4j), and an Intelligent Orchestrator"
1261227516,seonwooj0810/spring-modulith-example,https://github.com/seonwooj0810/spring-modulith-example,flag:name:example,java; modular-monolith; spring-boot; spring-modulith,"Spring Modulith 모듈러 모놀리스 예시 — 모듈 경계 검증, 이벤트 통신, Facade, UUID v7"
1257090091,Yamoon224/TURBO-BACKEND,https://github.com/Yamoon224/TURBO-BACKEND,flag:description:course,courier-management-system; delivery-management; order-management-payroll; rest-api; spring-boot,"API REST Spring Boot 3 (Java 21) pour la gestion de livraisons: livreurs, commandes, courses, paie, files d'attente, notifications temps réel (WebSocket/SMS), reporting PDF/Excel et intégrations PostgreSQL, Redis, JWT, Twilio et Google Maps."
1263081101,MuriloDias03/design-patterns-java-dio,https://github.com/MuriloDias03/design-patterns-java-dio,flag:description:bootcamp,design-patterns; dio; dio-bootcamp; gradle; java; junit5; mockito; spring-boot,Desafio de projeto do bootcamp Santander Java IA na plataforma DIO sobre Designer Patterns em Java 
1255135804,recluse01/demo-transfer,https://github.com/recluse01/demo-transfer,flag:name:demo,docker-compose; eventual-consistency; feign-client; jacoco; java; microservices; mysql; saga-pattern; spring-boot; testcontainers,"Spring Boot + Feign + Saga demo for cross-account transfers across services and databases, with idempotency, retries, and JaCoCo-backed CI."
1255009817,andrej1011/pmf-ris,https://github.com/andrej1011/pmf-ris,flag:description:course,fullstack; gdpr; gdpr-compliant; hospital-management-system; java; medical-data; spring-boot; spring-security,"GDPR Hospital Information System. Built for Razvoj Informacionog Softvera (Information System Development), a course at the Faculty of Sciences, University of Novi Sad. "
1263848380,gauri04k/mvc-demo-springmvc,https://github.com/gauri04k/mvc-demo-springmvc,flag:name:demo,java; maven; mysql; spring-boot; spring-data-jpa; spring-mvc; thymeleaf; user-authentication; web-application,"Spring Boot MVC web application featuring user registration and login using Thymeleaf, MySQL, and Spring Data JPA."
1258444789,sushovan-jana/spring-boot-learning,https://github.com/sushovan-jana/spring-boot-learning,flag:name:learning,backend; hibernate; java; java-mail-sender; jpa; jwt-authentication; maven; mysql-database; otp-verification; rest-api; rest-apis; spring-boot; spring-core; spring-security; thymeleaf-template-engine,"Production-grade Spring Boot suite demonstrating Spring Security filter chains, stateless JWT authentication, OTP MFA engines, and RESTful JPA/MySQL design patterns."
1258890550,sequelcore/sequel-backend-demo,https://github.com/sequelcore/sequel-backend-demo,flag:name:demo,clean-architecture; java; mortar; postgresql; sequel; spring-boot,"Public Spring Boot backend demo for Sequel libraries, starting with Mortar."
1262745245,morrisxz360/TheStarSample,https://github.com/morrisxz360/TheStarSample,flag:name:sample,java; mysql; redis; side-projects; spring; spring-boot; vue3; websocket,
1256063712,upc-pre-202610-1asi0729-20262/learning-center-platform,https://github.com/upc-pre-202610-1asi0729-20262/learning-center-platform,flag:name:learning,cqrs-pattern; domain-driven-design; java; object-oriented-programming; spring-boot,"ACME Learning Center Platform is a state-of-the-art RESTful API built on the foundations of Domain-Driven Design (DDD). Developed with Java 26, Spring Boot 4, and MySQL, the platform provides a robust and scalable solution for managing educational ecosystems."
1259231099,adiputera/spring-boot-headless-cms-storefront-demo,https://github.com/adiputera/spring-boot-headless-cms-storefront-demo,flag:name:demo,cms; java; nextjs; spring-boot,"A full-stack, Catalog-Aware Headless CMS demonstrating runtime-driven page composition with dynamic slots, components, and customizable templates."
1255926680,nayzinminlwin/Db_App_Dev_GpProject,https://github.com/nayzinminlwin/Db_App_Dev_GpProject,flag:description:course,html-css-javascript; java; oracle-database; spring-boot; thymeleaf,This repository is for the grup project of CCS3402 - DB Application Development Course.
1264707895,XiyuanWu/Spring_Boot_Tutorial,https://github.com/XiyuanWu/Spring_Boot_Tutorial,flag:name:tutorial,java; spring-boot,Simple Spring Boot Demo
1258541220,subhampadhi2004/LMS-Portal,https://github.com/subhampadhi2004/LMS-Portal,flag:description:course,java; mysql; spring-boot; spring-data-jpa; spring-security,"A Spring Boot-based Learning Management System that enables course management, student enrollment, and progress tracking with secure role-based access"
1261954391,ayushagrawal45/sms-backend,https://github.com/ayushagrawal45/sms-backend,flag:description:course,backend; java-8; jwt-authentication; maven; pagination; rest-api; spring-boot,"SMS-Backend is a Spring Boot REST API for student management. It handles student/course CRUD, complex enrollments, and reporting using server-side search and pagination. Secured with Spring Security and JWT, it includes a multipart file upload system to link photo URLs to profiles, optimized for seamless integration with a React frontend."
1261340100,dvarahq/dvara-examples,https://github.com/dvarahq/dvara-examples,flag:name:example; flag:name:examples,a2a; a2a-gateway; ai-gateway; ai-governance; anthropic; audit-log; docker-compose; dvara; guardrails; java; llm; llm-gateway; mcp; mcp-gateway; openai; openai-compatible; pii-redaction; policy-as-code; rate-limiting; spring-boot,"Reference Docker Compose stacks, cloud deploy recipes, and SDK integration samples for the DVARA LLM Gateway"
1264241774,Rodolphe27/student-manager,https://github.com/Rodolphe27/student-manager,flag:description:course,docker; fullstack; github-actions; java; jwt; postgresql; react; rest-api; spring-boot; spring-security; tailwindcss; typescript; vite,"Full-stack student, course & enrollment manager — Spring Boot 3 / Java 21 JWT API, React 19 + TypeScript SPA, PostgreSQL. Role-based access (student/teacher/admin), Dockerized, GitHub Actions CI, deployed on Railway + Vercel + Supabase."
1276078107,anicetkeric/spring-boot-drools-demo,https://github.com/anicetkeric/spring-boot-drools-demo,flag:name:demo,drools; drools-rule-engine; drools-springboot; spring-boot; spring-boot-3,Automating Business Decisions with Spring Boot and Drools
1271157843,sumiran3031/SpringBoot-Learning,https://github.com/sumiran3031/SpringBoot-Learning,flag:name:learning,backend; java; learning-journey; maven; rest-api; spring-boot,Spring Boot REST APIs — learning journey from scratch.
1275604550,blckaddr/spring-ai-agent-by-example,https://github.com/blckaddr/spring-ai-agent-by-example,flag:name:example,agentic; ai-agent; java; learning-by-doing; llm-agent; mcp; model-context-protocol; ollama; server-sent-events; spring-ai; spring-boot; tool-calling,"A Spring AI + MCP agent built phase by phase — a hands-on lesson in how agentic tool-calling loops really work: recovery, memory, async, and live streaming. Runs locally on Ollama, with a companion book that grows chapter by chapter."
1265735338,Crazy-ChenMiLin/Table-backend,https://github.com/Crazy-ChenMiLin/Table-backend,flag:description:course,ai-recognition; backend; java; spring-boot; timetable,Java backend for timetable/course schedule features with upload and AI recognition workflow exploration.
1268794904,teaql/teaql-java-app-examples,https://github.com/teaql/teaql-java-app-examples,flag:name:example; flag:name:examples,code-generation; examples; java; spring-boot; teaql,java example using teaql
1270798983,dc995/swing-jab-tester-sample,https://github.com/dc995/swing-jab-tester-sample,flag:name:sample,ai-agents; github-copilot; java; java-access-bridge; sample; spring-boot; sql-server; swing; test-automation; ui-testing,Runnable sample for swing-jab-tester: FinanApp Swing app + SQL-backed REST mock + a worked add/test/validate/e2e agent-driven scenario.
1267306448,muhammeteminayhan/java-spring-samples,https://github.com/muhammeteminayhan/java-spring-samples,flag:name:sample; flag:name:samples,java; keycloak; rest-api; spring-boot; swagger,"Java Spring Boot backend samples — REST APIs, Keycloak security, and Swagger/OpenAPI documentation."
1269936111,ykpraveen/mcp-spring-sample,https://github.com/ykpraveen/mcp-spring-sample,flag:name:sample,mcp-client; mcp-server; mcp-tools; reactjs; spring-ai; spring-boot,"A complete AI chat application with Spring Boot backend and React frontend, powered by Spring AI and Model Context Protocol (MCP)"
1266127904,Igorpcferreira/microservico-sistemas-distribuidos-igor,https://github.com/Igorpcferreira/microservico-sistemas-distribuidos-igor,flag:description:course,distributed-systems; java; microservices; puc-goias; rest-api; spring-boot,Spring Boot microservice built for the Distributed Systems course (CMP1190).
1269405449,GuiBrito2026/SpringWorkshop_Udemy,https://github.com/GuiBrito2026/SpringWorkshop_Udemy,flag:description:course,exception-handling; h2-database; java; poo; spring-boot,"Spring Boot learning project developed alongside a Udemy course, covering REST APIs, CRUD operations, JPA relationships, layered architecture, and dependency injection."
1275332774,Zoran3061/elearning-performance,https://github.com/Zoran3061/elearning-performance,flag:name:learning,backend; benchmark; caching; database; hibernate; java; jpa; maven; openapi; performance; postgresql; rest-api; spring-boot; sql; swagger,E-learning Performance Optimization using Spring Boot and PostgreSQL
1268051290,dongwook-won/cloud-registration-api,https://github.com/dongwook-won/cloud-registration-api,flag:description:course,aws; docker; github-actions; postgresql; rest-api; spring-boot,"Cloud-native course registration REST API — Spring Boot, PostgreSQL, JPA, Docker. Deployed on AWS (ECS/ECR/RDS) with GitHub Actions CI/CD; enrollment validation & tuition reporting."
1269788940,Thisisme-Andrew/auth-demo,https://github.com/Thisisme-Andrew/auth-demo,flag:name:demo,access-token; authentication; authorization; docker-compose; java; jwt; portfolio; postgresql; redis; refresh-token; rest-api; spring-boot; spring-security,"Spring Boot auth demo: hybrid JWT access + refresh tokens, Redis sessions, Postgres users, and separate web (HttpOnly cookies) and mobile API flows."
1272551673,officialayushyadav1234/Spring-Boot-Tutorials,https://github.com/officialayushyadav1234/Spring-Boot-Tutorials,flag:name:tutorial,api; api-gateway; bean-lifecycle; dependency-injection; hibernate; ioc-container; maven; microservice; mysql-integration; postman; rest-api; spring; spring-boot; springdata-jpa; starter-projects,"Learn Spring and Spring Boot, Java framework Basic to advance for Interview prepration."
1273817121,abdulrehman688/eps-ticket-system,https://github.com/abdulrehman688/eps-ticket-system,flag:description:course,aging; cpu-scheduling; java; javascript; operating-systems; os-project; preemptive-scheduling; priority-scheduling; scheduler-simulator; spring-boot; starvation; student-project,"CPU scheduling simulator built as a support-ticket system Preemptive Priority Scheduling + Aging to prevent starvation. Java/Spring Boot backend, vanilla JS frontend. OS course project."
1272748887,arman-nqz/SpringBootPracticeWithDevitro,https://github.com/arman-nqz/SpringBootPracticeWithDevitro,flag:description:tutorial,databases; h2-database; java; postgresql; spring-boot; springboot,Some practice small projects to learn spring boot based on Devitro Spring boot youtube video tutorials
1270005000,goodboy413266-rgb/travelingo-learning-api,https://github.com/goodboy413266-rgb/travelingo-learning-api,flag:name:learning,h2-database; hibernate; java21; jpa; learning-project; mysql; rest-api; spring-boot,트레블링고 팀 프로젝트의 학습 콘텐츠 매니저 영역(Chapter/LearningContent/CultureTip)을 분석·리팩토링하면서 본인 명의 commit으로 작업 이력을 정리한 개인 학습 백엔드 (Spring Boot 3.5 + JPA)
1273309026,lzhisz/seata-demo,https://github.com/lzhisz/seata-demo,flag:name:demo,dubbo; seata; spring-boot,Seata  demo project
1278065305,OmidBehzadpoor/SecondHand,https://github.com/OmidBehzadpoor/SecondHand,flag:description:course,backend; cicd; docker; frontend; java; jwt-authentication; maven; spring-boot,Advanced Programming course project 
1280465549,elmahen/shop-learning-project,https://github.com/elmahen/shop-learning-project,flag:name:learning,docker; java; learning-project; maven; postgresql; react; rest-api; spring-boot; spring-data-jdbc; vite,Full-stack learning project: Spring Boot · Spring Data JDBC · PostgreSQL · React
1287611030,Emy-gold/ai_powered_learning_platform,https://github.com/Emy-gold/ai_powered_learning_platform,flag:name:learning,ai-chat; react; spring-boot; tailwindcss,"My first full application, its a learning platforn made by spring boot, react and with ai chats included."
1281190415,adiputera/k8s-cronjob-spring-boot-demo,https://github.com/adiputera/k8s-cronjob-spring-boot-demo,flag:name:demo,cronjob; docker; java; k8s; kubernetes; scheduler; spring-boot,Kubernetes CronJob Demo using Spring Boot. Run multiple cronjobs using single Spring Boot application image.
1282307350,yarosla7a/user_service,https://github.com/yarosla7a/user_service,flag:description:bootcamp,backend; gradle; hibernate; java; jpa; liquibase; mapstruct; pet-project; postgresql; rest-api; spring-boot,"Java backend pet-project: Spring Boot, PostgreSQL, JPA/Hibernate, Liquibase, REST API. Developed step by step as part of a backend bootcamp"
1276882514,muhammadrehanazam/Student_Management,https://github.com/muhammadrehanazam/Student_Management,flag:description:course,api; java; mavens; spring-boot,"Production-ready RESTful API built with Java, Spring Boot 3, and Spring Security. Features stateless JWT authentication, Role-Based Access Control (RBAC), and relational course & student management."
1279303727,SlokeBhakat/spring-boot-jdbctemplate-postgresql-example,https://github.com/SlokeBhakat/spring-boot-jdbctemplate-postgresql-example,flag:name:example,crud; crud-api; crud-application; crud-sample; jdbc; jdbc-template; postgres; postgresql; rest-api; spring; spring-boot; spring-data-jdbc; spring-jdbc; springboot,"Spring Boot JdbcTemplate example with PostgreSQL: CRUD Rest API using Spring Data JDBC, Spring Web MVC"
1284982933,isidrorn/spring-boot-http-query-verb-example,https://github.com/isidrorn/spring-boot-http-query-verb-example,flag:name:example,api; http-query; http-verbs; java-21; query; query-verb; rest; rest-api; spring-boot,Little project to play around with the new QUERY HTTP method
1287059270,MustafaBulu/car-service-manager,https://github.com/MustafaBulu/car-service-manager,flag:description:workshop,concurrency; docker-compose; e2e-testing; java; mysql; rabbitmq; react; spring-boot; testcontainers; typescript,"Spring Boot and React workshop system with locking, RabbitMQ audit events, DLQ handling, Testcontainers, and smoke E2E flows."
1276642606,Coder-Stark/java-learning-hub,https://github.com/Coder-Stark/java-learning-hub,flag:name:learning,java; spring-boot,"Documenting my journey of learning Java, Spring Boot, backend development, and full-stack engineering through notes, code examples, and hands-on projects."
1277325529,spleen1334/spring-ai-learning-projects,https://github.com/spleen1334/spring-ai-learning-projects,flag:name:learning,grafana; jaeger; java; learning-project; mcp; ollama; openai; prometheus; qdrant; rag; spring-ai; spring-boot,"Spring AI learning projects covering chat, RAG, MCP, evaluation, and observability"
1284192419,mailejikuai-Dec/spring-ai-alibaba-examples,https://github.com/mailejikuai-Dec/spring-ai-alibaba-examples,flag:name:example; flag:name:examples,ai; examples-java; java; maven; mcp; multimodal; ollama; rag; redis; spring-ai-alibaba; spring-boot; tool-calling,一个完整的 Spring AI Alibaba 示例项目，涵盖 Chat、Prompt、RAG、MCP、Tool Calling、多模态 AI 等。持续更新中
1277374371,spleen1334/spring-grpc-samples,https://github.com/spleen1334/spring-grpc-samples,flag:name:sample; flag:name:samples,gradle; grpc; java; learning-project; maven; native-image; protobuf; spring-boot; spring-grpc; tomcat,"Spring Boot gRPC learning samples with server, client, servlet/Tomcat, Protobuf, and native image support"
1279729280,alaradim95-cyber/java-fundamentals-practice,https://github.com/alaradim95-cyber/java-fundamentals-practice,flag:description:course,github-actions; java; junit; maven; mockito; postgresql; rest-api; spring-boot; spring-data-jpa; tamkeen,"Java and Spring Boot coursework covering OOP, REST CRUD, service/repository layers, JPA/PostgreSQL, testing, and CI/CD."
1282898034,AryanDevCodes/kafka-learning,https://github.com/AryanDevCodes/kafka-learning,flag:name:learning,kafka; kafka-consumer; kafka-offset; kafka-producer; kafka-topic; maven; spring-boot; spring-boot-validation,Kafka-based projects for learning and studying Apache Kafka patterns
1277340641,spleen1334/testbank-microservices-learning,https://github.com/spleen1334/testbank-microservices-learning,flag:name:learning,api-gateway; config-server; docker-compose; eureka; grafana; java; kafka; keycloak; learning-project; microservices; opentelemetry; prometheus; resilience4j; spring-boot; spring-cloud,"Spring Boot microservices learning project with Eureka, Config Server, Gateway, Kafka, Keycloak, Docker Compose, and observability"
1287662836,engmabdellah32/learning-management-system,https://github.com/engmabdellah32/learning-management-system,flag:name:learning,docker; flyway; java; jwt; jwt-authentication; learning-management-system; mapstruct; maven; mysql; rest-api; spring; spring-boot; swagger,"A production-ready Learning Management System built with Spring Boot, JWT, Docker, Flyway and MySQL."
1299528397,srishti-m-cmd/SpringCoreDemo,https://github.com/srishti-m-cmd/SpringCoreDemo,flag:name:demo,spring; spring-boot; spring-data; spring-data-jpa; spring-mvc; spring-security; springboot; springframework,"A beginner-friendly project created to learn the core concepts of the Spring Framework using Java. Explores concepts such as IoC, Dependency Injection, Beans, ApplicationContext, and Spring annotations. Includes simple examples to understand how Spring manages objects and dependencies. A hands-on learning repository for building a strong foundation"
1294271820,alderichoarau/azure-quiz-backend,https://github.com/alderichoarau/azure-quiz-backend,flag:description:course,az-104; az-104-practice-exam; az-900; az-900-practice-test; azure; backend; java; spring-boot,"Spring Boot REST API for a Microsoft Azure certification revision app — course modules, official mock exams, and quiz sessions backed by PostgreSQL."
1290564244,AnupamNeon/SpringBoot_Learning,https://github.com/AnupamNeon/SpringBoot_Learning,flag:name:learning,backend; hibernate-jpa; rest-api; spring-boot; spring-mvc; spring-security,"Learning Spring Boot through practical projects, REST APIs, JPA, Hibernate, Spring Security and backend development concepts."
1297676492,thestackunderflow/spring-ai-enterprise-examples,https://github.com/thestackunderflow/spring-ai-enterprise-examples,flag:name:example; flag:name:examples,chatclient; enterprise-ai; java; llm; spring-ai; spring-boot,Runnable Spring AI 2.0.0 examples for enterprise Java teams — one module per episode of the Spring AI for Enterprise Java series.
1300406871,a27497/lecturelens,https://github.com/a27497/lecturelens,flag:description:course,ai; asr; course-video; ffmpeg; java; langchain4j; llm; minio; redis; rocketmq; spring-boot; typescript; video; vue,"A Java and Vue course video learning workspace with chunked upload, asynchronous AI pipelines, transcripts, translations, study notes, Q&A, and downloadable artifacts."
1293880010,iyadalkentar/order-events-demo,https://github.com/iyadalkentar/order-events-demo,flag:name:demo,aws; docker; event-driven-architecture; kafka; microservices; nestjs; postgresql; spring-boot,"Event-driven order & notification system (Spring Boot + NestJS) over Kafka, deployed to AWS (EC2 + RDS)."
1295403885,ahincho/nova-java-example,https://github.com/ahincho/nova-java-example,flag:name:example,demo; example; java; nova-platform; spring-boot,Nova Java meta-framework instance / demo. Shows real usage of Nova pure libraries and starters.
1301036924,erebelo/spring-loom-demo,https://github.com/erebelo/spring-loom-demo,flag:name:demo,csv-parser; java; mongodb; spring-boot; strategy-pattern; virtual-threads,"Spring Boot 4 REST API demonstrating Java 21 Virtual Threads, Strategy Pattern, and controlled concurrent CSV processing with MongoDB persistence."
1290941388,mongodb-developer/agentskilldemo,https://github.com/mongodb-developer/agentskilldemo,flag:name:demo; flag:description:how to,anthropic; atlas; java; mcp; mongodb; nodejs; spring; spring-boot,A simple sample application for interacting with a customer database to showcase how to use MongoDB agent skills on your codebase
1289624878,quoctinh-dev/ioc-spring-web-s05-ex01-course-list-api-with-pageable-and-sort,https://github.com/quoctinh-dev/ioc-spring-web-s05-ex01-course-list-api-with-pageable-and-sort,flag:name:course,java; rikkei-academy; spring-boot,"Spring Boot Web Service Development | Exercises & Projects repository covering REST APIs, JPA, Validation, and Spring Security (JWT)."
1292598136,bunu23/ats-demo,https://github.com/bunu23/ats-demo,flag:name:demo,agent; automation; docker; event-driven; full-stack; hiring; java; kafka; react; rule-engine; security; spring-boot; sql; typescript; workflow-automation,An event-driven Applicant Tracking System with autonomous recruitment workflow automation.
1293123196,anicetkeric/spring-boot-apache-kafka-lab-demo,https://github.com/anicetkeric/spring-boot-apache-kafka-lab-demo,flag:name:demo,java; kafka; spring-boot; spring-kafka,Spring Boot Apache Kafka Lab
1302387344,yunjiao-source/tutorials4j,https://github.com/yunjiao-source/tutorials4j,flag:name:tutorial; flag:description:tutorial,framework; java; spring-boot; spring-c,tutorials4j 是一个基于 Spring Boot 的 Java 教程项目，提供丰富的示例代码和实用的企业级框架组件。
1307832603,SrinathRayabarapu/spring-ai-demo,https://github.com/SrinathRayabarapu/spring-ai-demo,flag:name:demo,java; ollama; spring-ai; spring-boot,Spring Boot + Spring AI demo chatting with a local Ollama model
1305984810,amitxthedev/Grow-Learning,https://github.com/amitxthedev/Grow-Learning,flag:name:learning,hibernate; java; jpa; mysql; spring-boot,Building a E-Learning Platform with SpringBoot Mysql React
1309844598,Tutul191020/resilience4j-demo,https://github.com/Tutul191020/resilience4j-demo,flag:name:demo,circuit-breaker; demo; fallback; java; microservices; resilience4j; retry; spring-boot,"Hands-on Resilience4j demo: Circuit Breaker, Retry, Fallback, Rate Limiter, Bulkhead, and Time Limiter with Spring Boot"
1312235492,blgncan/enterprise-demo-platform,https://github.com/blgncan/enterprise-demo-platform,flag:name:demo,backend; bean-validation; enterprise-application; java; mapstruct; maven; postgresql; rest-api; spring-boot; spring-data-jpa,"Enterprise-grade Full Stack application built with Java,Spring Boot and React."
1301408082,adiputera/spring-boot-pbac-audit-log-demo,https://github.com/adiputera/spring-boot-pbac-audit-log-demo,flag:name:demo,audit-log; audit-trail; authentication; authorization; java; pbac; spring-boot,"A comprehensive Spring Boot 4 / Java 25 application demonstrating granular policy-based / permission-based access control (PBAC) combined with a Single CRUD Controller, stateless JWT Authentication, and Redis Token Revocation."
1307189859,erebelo/spring-strategy-demo,https://github.com/erebelo/spring-strategy-demo,flag:name:demo,java; mongodb; spring-boot; strategy-pattern,Java REST API project using Spring Boot 4 demonstrating the Strategy Design Pattern for graph-based relationship resolution with MongoDB.
1309579090,zouxiaochun2020/springboot-order-api-repair-demo,https://github.com/zouxiaochun2020/springboot-order-api-repair-demo,flag:name:demo,idempotency; java; postgresql; rest-api; spring-boot; testcontainers,Portfolio case study: a tested Spring Boot REST API repair for duplicate orders caused by client retries.
1304947095,DouglasLira-Dev/vocefin-api,https://github.com/DouglasLira-Dev/vocefin-api,flag:description:bootcamp,bootcamp-project; docker; flyway; generative-ai; java; jpa; openai; postgresql; rest-api; spring-ai; spring-boot; whisper,"API inteligente de orçamento financeiro por comando de voz — Spring Boot + Spring AI (Whisper STT, TTS, Tool Calling). Projeto de conclusão do Bootcamp Java da DIO."
1304232557,aquipe99/springboot-devops-demo,https://github.com/aquipe99/springboot-devops-demo,flag:name:demo,devops; docker; github-actions; java; kubernetes; mapstruct; maven; postgresql; rest-api; sonarcloud; spring; spring-boot; swagger,"Spring Boot REST API showcasing Docker, GitHub Actions, SonarCloud and Kubernetes DevOps practices."
1302459511,adiputera/spring-boot-search-restriction-demo,https://github.com/adiputera/spring-boot-search-restriction-demo,flag:name:demo,hibernate; java; jpa; search-restriction; spring-boot,"A proof-of-concept and architectural demonstration bringing the powerful Dynamic Search Restriction Engine pattern—made famous by enterprise e-commerce platforms like SAP Commerce—natively to Spring Boot 4, Java 25+, and Hibernate 6 / JPA."
1308578648,anicetkeric/spring-kafka-websocket-pipeline-demo,https://github.com/anicetkeric/spring-kafka-websocket-pipeline-demo,flag:name:demo,java; java21; kafka; kafka-consumer; kafka-producer; spring-boot; spring-websocket; springboot; websocket; websockets,"Building an End-to-End Real-Time Event Pipeline with Spring Boot, Kafka, and WebSockets"
1303729986,adiputera/spring-boot-cms-restriction-demo,https://github.com/adiputera/spring-boot-cms-restriction-demo,flag:name:demo; flag:description:how to,cms; cms-restriction; demo; java; spring-boot,"A demo of high-performance, code-level CMS restriction evaluation engine built with Java 25 and Spring Boot 4.1.0.  This repository demonstrates how to design and implement a flexible, in-memory CMS restriction evaluation loop modeled after the SAP Commerce (formerly Hybris) CMS architecture."
1309206490,katyella/spring-boot-otel-demo,https://github.com/katyella/spring-boot-otel-demo,flag:name:demo,grafana; java; observability; opentelemetry; spring-boot,"Spring Boot + OpenTelemetry demo: both integration paths, one distributed trace, full local Grafana stack. Companion to the katyella.com article."
1310517255,mauricioffdev/spring-guides-payroll,https://github.com/mauricioffdev/spring-guides-payroll,flag:description:tutorial,h2-database; java; postman; spring-boot; thymeleaf,"""An enhanced version of the official Spring REST tutorial, refactored with MVC architecture, an H2 database, and a Thymeleaf web interface using Java 25."
1307915358,Gabriel-Tex/learning-java,https://github.com/Gabriel-Tex/learning-java,flag:name:learning,backend; java; spring-boot; spring-framework,Repositório para guardar meu aprendizado em Java
1319641045,marceldobehere/goofy-protocol-example-service,https://github.com/marceldobehere/goofy-protocol-example-service,flag:name:example,backend; crypto; cryptography; frontend; goofy-protocol; java; nextjs; protocol; security; spring; spring-boot; static,Example IRC-like Service using the Goofy Protocol
1322668074,ans-collab/Jokes-Demo,https://github.com/ans-collab/Jokes-Demo,flag:name:demo,aws-ec2; ci-cd; github-actions; html-css-javascript; java; maven; rest-api; spring-boot; yaml,"Simple Spring boot project that generates jokes, utilizing simple REST API; The main focus of this project is setting up CI/CD via Github Actions. Published to AWS (EC2)"
1314512851,adiputera/spring-boot-entity-generation-demo,https://github.com/adiputera/spring-boot-entity-generation-demo,flag:name:demo,demo; entity-generation; gradle; java; spring-boot,"This repository is a Proof of Concept (POC) demonstrating a dynamic, classloader-based entity generation architecture for Spring Boot."
1324597691,estebanguitar/ledger-consistency-demo,https://github.com/estebanguitar/ledger-consistency-demo,flag:name:demo,event-driven; idempotency; java; kafka; multi-module; reconciliation; spring-boot; transactional-outbox,이벤트 기반 결제·정산 원장 — 발행 유실·중복 소비·순서 역전을 막고 일 마감 스냅샷으로 대사한다 (Spring Boot 3.5 · Kafka · MySQL 멀티모듈)
1318310889,anicetkeric/spring-authorization-server-demo,https://github.com/anicetkeric/spring-authorization-server-demo,flag:name:demo,aouth; aouth2; aouth2-server; authorization-server; docker; docker-compose; postgres; postgresql; postgresql-database; postman; spring-boot; spring-security; springboot,Spring Authorization Server in Action: Securing Modern Applications with OAuth 2.1
1324216987,kycasdzxc/spring-ai-otel-example,https://github.com/kycasdzxc/spring-ai-otel-example,flag:name:example,genai; grafana; mcp; model-context-protocol; observability; opentelemetry; semantic-conventions; spring-ai; spring-boot,Spring AI chat app that queries Grafana over MCP and exports its own telemetry to the official OpenTelemetry Collector. Notes on where Spring AI diverges from the GenAI semantic conventions.
1315999035,anicetkeric/kafka-json-to-avro-migration-demo,https://github.com/anicetkeric/kafka-json-to-avro-migration-demo,flag:name:demo,avro-kafka; avro-schema; kafka; kafka-consumer; kafka-producer; spring-boot; springboot,Migrate JSON Topic to Avro Safely — Zero-Downtime Migration on the lab-events Topic
1316371129,satyam6203/CI-CD-LEARNING-PROJECT,https://github.com/satyam6203/CI-CD-LEARNING-PROJECT,flag:name:learning,azure; ci-cd; docker; github-actions; spring-boot,"DevOps learning project showcasing Continuous Integration and Continuous Deployment using GitHub Actions, Docker, and Spring Boot with automated workflows."
1325707890,wilbertjoosen/demo,https://github.com/wilbertjoosen/demo,flag:name:demo,argocd; cqrs; distributed-systems; domain-driven-design; gitops; java; kafka; keycloak; kubernetes; microservices; oauth2; saga-pattern; spring-boot; vue,"Microservices reference architecture in Spring Boot: Kafka sagas, CQRS, GitOps/ArgoCD on Kubernetes, Keycloak OAuth2, Vue 3 — every pattern grounded in the why, not just the how."
1317619103,StJ0hn/CashCard,https://github.com/StJ0hn/CashCard,flag:description:course,gradle; java; junit5; spring-boot; spring-security; tdd,"A REST API built with Spring Boot to manage ""Cash Cards"" — prepaid debit cards used as a controlled allowance for a family's children. The project was built following the ""Building a REST API with Spring Boot"" course from Spring Academy, guided by TDD (Test-Driven Development)."
1316665067,BadeaGeorgeCatalinB13/sql-injection-demo,https://github.com/BadeaGeorgeCatalinB13/sql-injection-demo,flag:name:demo,java; security; spring-boot; sql-injection; training,Intentionally vulnerable Spring Boot app for practicing SQL injection detection and exploitation (training use only)
1314851531,AhmedElkhateeb11/learnify-elearning-platform,https://github.com/AhmedElkhateeb11/learnify-elearning-platform,flag:name:learning,design-patterns; elearning-platform; java; junit; maven; openapi; postman; rest-api; restful-api; software-architecture; spring-boot,"Java e-learning platform demonstrating GoF design patterns, layered architecture, Spring Boot REST APIs, OpenAPI documentation, and automated testing."
1327244181,lbobylev/harness-demo,https://github.com/lbobylev/harness-demo,flag:name:demo,java; langgraph4j; openai; spring-ai; spring-boot,A Spring Boot demo project that implements a VMAO-style agentic incident investigation harness with Spring AI and LangGraph4j.
1334001127,paragpratim/spring-mcp-example,https://github.com/paragpratim/spring-mcp-example,flag:name:example,mcp-server; mcp-tools; spring-boot,This project demonstrates a Spring Boot + Spring AI MCP server that exposes a tool over the Model Context Protocol (MCP). It includes a Docker Compose setup for running the app and the MCP Inspector together.
1329279257,srishti-m-cmd/Spring-learning,https://github.com/srishti-m-cmd/Spring-learning,flag:name:learning,spring; spring-boot; spring-cloud; spring-data-jpa; spring-mvc; spring-security; springboot; springcloud; springframework,"A hands-on repository for learning and practicing Spring Framework and Spring Boot concepts. Includes examples covering core concepts, dependency injection, beans, annotations, and application configuration. Built to understand how Spring applications are structured and how different components work together. A learning-focused project documenting "
1328499633,sekai-lyr/english-word-learning,https://github.com/sekai-lyr/english-word-learning,flag:name:learning,english-learning; full-stack; jpa; spring-boot; vue3; word-learning,"Full-stack vocabulary learning system - Spring Boot + JPA + Vue 3, smart answer checking & wrong-answer notebook"
1328499469,sekai-lyr/sekai-learning,https://github.com/sekai-lyr/sekai-learning,flag:name:learning,education; gamification; learning-platform; spring-boot; thymeleaf,Anime-styled gamified learning platform with points & community - Spring Boot + Thymeleaf + MyBatis
1329454048,bysbsh/ai-rag-learning-guide,https://github.com/bysbsh/ai-rag-learning-guide,flag:name:learning,ai-learning; embedding; java; ollama; qdrant; rag; spring-boot,从零学习 Java AI：Ollama、Embedding、Qdrant、RAG 与 Spring Boot 知识工作台
1333831345,DiazzzDev/docker_demo,https://github.com/DiazzzDev/docker_demo,flag:name:demo,docker; java; spring-boot,Spring Boot Docker deployment demo for beginners.
1332111952,ytliuSVN/springboot-kafka,https://github.com/ytliuSVN/springboot-kafka,flag:description:course,java; kafka; mysql; spring-boot,Spring Boot + Apache Kafka Course - The Practical Guide
1333889174,nakapachi/modern-bank-demo,https://github.com/nakapachi/modern-bank-demo,flag:name:demo,banking-demo; education; flyway; internet-banking; japanese-bank; java; postgresql; spring-boot; thymeleaf,"Educational internet banking demo modeled after Japanese banks, built with Spring Boot, PostgreSQL, Thymeleaf, and Flyway."
1329837364,giuseppe-trisciuoglio/jetbrains-crud-generator-plugin-examples,https://github.com/giuseppe-trisciuoglio/jetbrains-crud-generator-plugin-examples,flag:name:example; flag:name:examples,clean-architecture; clean-code; crud; crud-generator; ddd; java; jetbrains; jetbrains-plugin; plugin; spring-boot; springboot,"Example Maven projects for the CrudGenerator IntelliJ plugin. Standard projects are minimal Spring Boot applications with only the starting JPA entity, and the generation action writes the full CRUD layer, including DTOs, application services, repositories, mappers, controllers, exceptions, events, and tests. "
1337440794,Edvaldo-Junior-Java/Projeto-Java-Integrador-Generation-Brasil,https://github.com/Edvaldo-Junior-Java/Projeto-Java-Integrador-Generation-Brasil,flag:description:bootcamp,api-rest; generation-brasil; java; spring-boot,"Projeto Integrador desenvolvido em Java 17 e Spring Boot para o ecossistema IntiCare (Bootcamp Generation Brasil). A API REST utiliza Spring Data JPA, MySQL para persistência de dados, validações, Lombok para produtividade e conta com conteinerização via Docker."
1336791413,Jagadish2003/agentiq-demo-j2ee-lending,https://github.com/Jagadish2003/agentiq-demo-j2ee-lending,flag:name:demo,j2ee; java; lending; maven; spring-boot,Acme Lending Platform - Spring Boot 3 / Java 17 multi-module J2EE application (AgentIQ discovery demo estate)
1336285960,willaevangelista/domain-model-orm,https://github.com/willaevangelista/domain-model-orm,flag:description:course; flag:description:workshop,devsuperior; h2-database; hibernate-orm; java; maven; spring-boot,"A Spring Boot application built to practice domain modeling and Object-Relational Mapping (ORM) concepts using JPA and Hibernate. The project models an academic event system, where participants can enroll in activities (courses, lectures, workshops)."
1333415594,temptation4/blocking-vs-nonblocking-demo,https://github.com/temptation4/blocking-vs-nonblocking-demo,flag:name:demo,java; reactive-programming; spring-boot; spring-webflux,Blocking vs non-blocking I/O comparison using Spring WebFlux
1327822075,tarun05rawat/StudentCoursePlanner,https://github.com/tarun05rawat/StudentCoursePlanner,flag:name:course; flag:description:course,course-planner; java; jpa-hibernate; postgresql; react; rest-api; spring-boot,"Backend-first course planning system for semester scheduling, prerequisite validation, and degree audits, built with Spring Boot, PostgreSQL, and a lightweight React frontend."
1328623460,zeta4lab/spring-security-jwt-example,https://github.com/zeta4lab/spring-security-jwt-example,flag:name:example,java; jwt; spring-boot; spring-security,Secure JWT authentication example with Spring Boot and Spring Security
1337072408,umilutinovic25-hash/carservice-api,https://github.com/umilutinovic25-hash/carservice-api,flag:description:workshop,backend; java; jpa; mysql; rest-api; spring-boot,"Spring Boot 3 + JPA + MySQL REST API for a car service workshop: work orders, status state machine, invoicing"
1326530104,adiputera/spring-boot-solr-demo,https://github.com/adiputera/spring-boot-solr-demo,flag:name:demo,demo; java; solr; spring-boot,"This repository contains a Proof of Concept (POC) for a **Metadata-Driven Solr Integration** using Spring Boot, PostgreSQL, and Apache Solr.  The architecture is inspired by the dynamic, configuration-driven approach of SAP Commerce, but it is built entirely using modern Spring Boot patterns, avoiding legacy terminology and overhead."
1330171556,NevesHenry/fullstack-aws-demo,https://github.com/NevesHenry/fullstack-aws-demo,flag:name:demo,aws; java; localstack; react; s3; spring-boot; testcontainers; vite,"File vault on S3: React (Vite + TS) front end, Spring Boot API, LocalStack locally and real AWS by flipping one property. Same-origin behind nginx, so no CORS. Java 21 · AWS SDK v2 · Testcontainers."
1331839377,anicetkeric/db-kafka-redis-websocket-pipeline-demo,https://github.com/anicetkeric/db-kafka-redis-websocket-pipeline-demo,flag:name:demo,docker; docker-compose; dockerfile; kafka; kafka-connect; kafka-consumer; kafka-producer; ksqldb; ksqldb-cli; postgres; postgresql; redis; redis-queue; redis-streams; spring-boot; springboot; websocket; websockets,Real-Time Order Pipeline: Postgres → Kafka Connect → ksqlDB → Redis → WebSocket
1330171336,NevesHenry/microservices-events-demo,https://github.com/NevesHenry/microservices-events-demo,flag:name:demo,docker-compose; event-driven; java; microservices; rabbitmq; spring-boot; testcontainers,"Two Spring Boot services that talk only through RabbitMQ events — idempotent consumers, atomic stock reservation, retries and dead-lettering. Java 21 · Spring Boot 4.1 · Testcontainers · Docker Compose."
1333113810,moocstudent/mycat-demo,https://github.com/moocstudent/mycat-demo,flag:name:demo,database-middleware; database-sharding; demo; java; mariadb; mybatis; mycat; mysql; sharding; spring-boot; tomcat-jdbc,Runnable Spring Boot + MyBatis database-sharding demo over Mycat 1.6 on MySQL 8.0 - includes the driver/pool fix that makes Mycat 1.6 work against a MySQL 8 backend (English + ?? docs).
1339202245,JuanIsidroMenendez/movies-api,https://github.com/JuanIsidroMenendez/movies-api,flag:description:bootcamp,api-rest; backend; crud-api; dto; h2-database; java; maven; solid-principles; spring-boot,"REST API for managing a movie collection, built with Java 21 and Spring Boot. Features full CRUD, genre management, and search by title and genre. Uses a feature-based architecture with generic service interfaces, DTOs, validation, and centralized exception handling. Bootcamp project."
1343094744,Dasith-Randula/SmartCare-Hospital-Management-System,https://github.com/Dasith-Randula/SmartCare-Hospital-Management-System,flag:description:course,java; jpa-hibernate; maven; mysql; postman; rest-api; spring-boot,"SmartCare Hospital Management System developed using Java, Spring Boot, MySQL, Spring Data JPA and REST APIs for the CCS1303 Object-Oriented Programming coursework."
1348907725,kcarrubba/web-engineering-final-project,https://github.com/kcarrubba/web-engineering-final-project,flag:description:course,agile; full-stack; html; java; javascript; jwt; rest-api; spring-boot; spring-mvc; spring-security; web-development,"Developed a full-stack course enrollment web application using Spring Boot, RESTful APIs, Spring Data JPA, and a browser-based front end. Implemented authentication and security with JWT access/refresh tokens and HTTPS."
1345081852,ercansormaz/temporary-url-demo,https://github.com/ercansormaz/temporary-url-demo,flag:name:demo,signed-requests; signed-url; signed-urls; spring-boot; temporary-url; temporary-urls,"Spring Boot demo showcasing Temporary URL with HMAC-SHA256 validation. Provides signed, time-limited access to protected endpoints via generated URLs, with interceptor-based checks for signature and expiration."
1339361966,anicetkeric/kafka-secure-cluster-capstone-demo,https://github.com/anicetkeric/kafka-secure-cluster-capstone-demo,flag:name:demo,grafana; grafana-dashboard; kafka; kafka-consumer; kafka-producer; prometheus; prometheus-exporter; sasl; saslauthd; spring-boot; spring-security; springboot; tls; tls-certificate; websocket; websockets,
1350653248,jg-abreu/daily-learning-log,https://github.com/jg-abreu/daily-learning-log,flag:name:learning,daily-log; java; learning; python; spring-boot; sql; study-notes,"Repositório de estudos diários, organizado por nível e assunto 📚"
1350691944,kunal-shillak/spring-security-demo,https://github.com/kunal-shillak/spring-security-demo,flag:name:demo,java; spring-boot; spring-security,
1343197240,tiago-liberato/api-gestao-clientes,https://github.com/tiago-liberato/api-gestao-clientes,flag:description:bootcamp,api-rest; docker; flyway; java; spring-boot,API para gestão de clientes desenvolvida durante o Bootcamp Santander Java - 2026
1349760053,byandrev/spring-webflux-demo,https://github.com/byandrev/spring-webflux-demo,flag:name:demo,r2dbc; reactive; spring-boot; webflux,"A minimal Spring Boot 4 / WebFlux app that streams bank transactions from PostgreSQL over R2DBC, rendered row by row with Thymeleaf, and also exposed as JSON."
1338420899,kycasdzxc/kafka-relay-demo,https://github.com/kycasdzxc/kafka-relay-demo,flag:name:demo,consumer-group; distributed-systems; docker-compose; event-driven; kafka; postgresql; spring-boot,"A parcel-tracking pipeline used as a Kafka fan-out lab: one consumer group plus a Postgres ledger, because per-waybill ACK progress cannot be written into a commit offset. Sender leases and epoch fencing included, all reproducible with docker compose."
1345925521,MrSgemaSeny/MrDevCourses,https://github.com/MrSgemaSeny/MrDevCourses,flag:name:course; flag:description:course,postgresql; react; spring-boot; vibe-coding,"LMS platform for Mr Developer courses. Drip-content, Spring Boot + React/FSD."
1342400206,IrvinCole4723/tenant-order-buckets-java,https://github.com/IrvinCole4723/tenant-order-buckets-java,flag:description:course,ecommerce; java; multi-tenant; spring-boot,Spring-style Java service that isolates course-store receipts and fulfillment updates in deterministic tenant buckets.
1339454363,uengine-oss/bpm-sample-app-banking,https://github.com/uengine-oss/bpm-sample-app-banking,flag:name:sample,banking; bpm; bpmn; event-driven; kafka; spring-boot; uengine; vue3,uEngine6 BPM 과 Kafka 이벤트로 연동되는 은행 계정계(System of Record) 샘플 앱 — 일반계좌신규 · 예금잔액 통보
1350461228,didinj/java-spring-cloud-microservices-example,https://github.com/didinj/java-spring-cloud-microservices-example,flag:name:example; flag:description:how to,java; microservices; spring; spring-boot; spring-cloud,How to Build a Microservice in Java with Spring Cloud
1360474072,dineshrajbhar-cloud/Spring-AI,https://github.com/dineshrajbhar-cloud/Spring-AI,flag:description:how to,java; javascript; ollama; reactjs; spring-boot; springai,"An intelligent, context-aware chatbot application built using the Spring AI framework and Spring Boot. This project demonstrates how to easily integrate advanced Large Language Models (LLMs) into a Java ecosystem without writing complex provider-specific code."
1358300599,sarangas001/spring-learning,https://github.com/sarangas001/spring-learning,flag:name:learning,backend; hibernate; java; rest-api; spring; spring-boot; spring-data-jpa; spring-mvc; spring-security; springframework,"Hands-on Spring Boot learning repository covering REST APIs, Spring Core, JPA/Hibernate, databases, validation, security, testing, and more."
1352650657,zablon-oigo/spring-boot-k8s,https://github.com/zablon-oigo/spring-boot-k8s,flag:description:how to,docker; java; kubernetes; kubernetes-cluster; maven; nginx; nginx-ingress; spring-boot,"This project demonstrates how to containerize a Spring Boot REST API and deploy it to Kubernetes using Docker, kind, and NGINX Ingress.  The application exposes a simple REST endpoint and runs with multiple replicas behind a Kubernetes Service. NGINX Ingress provides HTTP routing to the application."
1357897099,fcovergarac/investment-system-api-springboot,https://github.com/fcovergarac/investment-system-api-springboot,flag:description:course,docker; docker-compose; fullstack; hibernate; jacoco; java21; junit5; openapi3; postgresql; rest-api; spring-boot; spring-boot-3; spring-data-jpa; swagger-ui; test-coverage,"Full-Stack Financial Investment API built with Java 21, Spring Boot 3, DDD, PostgreSQL and Docker following Clean Architecture (Project developed in a Java course)."
1359087936,apphaven-eu/example-java,https://github.com/apphaven-eu/example-java,flag:name:example,apphaven; deployment; docker; java; paas; postgresql; spring-boot,"Deploy Spring Boot with managed PostgreSQL on AppHaven, a European application hosting platform."
1353798436,ohlengr/java-learning-projects,https://github.com/ohlengr/java-learning-projects,flag:name:learning,backend; cli; concurrency; core-java; filesystem; http-client; java; java-learning; oop; postgresql; project-based-learning; spring-boot,A project-based Java learning journey from Core Java to Spring Boot through progressively challenging CLI and backend projects.
1361149434,renbohao888/seckill-demo,https://github.com/renbohao888/seckill-demo,flag:name:demo,high-concurrency; java; lua; mysql; redis; seckill; spring-boot,高并发电商秒杀系统（自研 · 防超卖实践）：Spring Boot 3 + Redis + Lua 原子预减库存 + stock>0 条件更新兜底 + JMeter 百级并发压测验证数据一致性
1358296130,David-nguyen01/fstu-offline-ai-learning-assistant,https://github.com/David-nguyen01/fstu-offline-ai-learning-assistant,flag:name:learning,fastapi; fine-tuning; offline-ai; portfolio; rag; react; spring-boot; sql-server,"Offline-first AI learning platform with scoped RAG, Spring Boot, FastAPI, React, and research-grade evaluation."
1359226224,stefanocaramagno/airport-flight-activity-monitoring-and-threshold-alerting-system,https://github.com/stefanocaramagno/airport-flight-activity-monitoring-and-threshold-alerting-system,flag:description:course,apache-kafka; bash; docker; grpc; java; json; kubernetes; nginx; postgresql; postman; powershell; prometheus; rest; spring-boot; sql; xml; yaml,This project was completed as part of the Distributed Systems and Big Data course during my Master's Degree in Computer Science and Engineering at the University of Catania.
1351535041,Mihai1997-cmd/legacy-orders-strangler-demo,https://github.com/Mihai1997-cmd/legacy-orders-strangler-demo,flag:name:demo,circuit-breaker; java; legacy-modernization; microservices; resilience4j; spring-boot; strangler-pattern,"Legacy monolith modernized incrementally via the strangler pattern. Spring Boot gateway with circuit breaking, anti-corruption layer, and per-customer conditional routing."
1353666694,tiagouzl/spring-ai-ollama-demo,https://github.com/tiagouzl/spring-ai-ollama-demo,flag:name:demo,java; llm; ollama; rag; spring-ai; spring-boot,"Spring Boot + Spring AI rodando LLM local via Ollama (com fallback cloud via Alibaba DashScope) — chat, streaming, RAG, tools e autenticação de exemplo."
1359224720,stefanocaramagno/hotel-reservation-and-operations-management-platform,https://github.com/stefanocaramagno/hotel-reservation-and-operations-management-platform,flag:description:course,css; html; java; javascript; json; mysql; rest; spring-boot; sql; tailwind-css,This project was completed as part of a Software Engineering course during my Master's Degree in Computer Science and Engineering at the University of Catania.
1360156331,dariakhanuichenko/microservices-demo,https://github.com/dariakhanuichenko/microservices-demo,flag:name:demo,event-driven; kafka; microservices; saga; spring-boot," Flower shop. This is a learning playground for event-driven patterns, not a product.  Customer orders flowers. Order should be paid and flowers should be reserved on the stock.  "
1354940657,kristikomini/JavaEE,https://github.com/kristikomini/JavaEE,flag:description:course,docker; hibernate; jakarta-ee; java; jpa; maven; rest-api; spring-boot,"Spring Boot 3.5 / Java 21 reference application: university course enrollment with capacity limits, enrollment windows and prerequisites. Every class commented with what it does and why."
1351980174,amvera-academy/amvera-spring-boot-example,https://github.com/amvera-academy/amvera-spring-boot-example,flag:name:example,amvera; demo; java; spring-boot,
1361905085,Erozah/kestachet,https://github.com/Erozah/kestachet,flag:description:course,clean-architecture; hexagonal-architecture; java; maven; offline-first; postgresql; rest-api; spring-boot,API REST Spring Boot de listes de courses en Architecture Hexagonale avec moteur de budget et synchronisation offline-first.
1358294059,Eltharion29/fulfilled-course-order-receipts,https://github.com/Eltharion29/fulfilled-course-order-receipts,flag:name:course; flag:description:course,acroform; java; pdf; spring-boot,Fill and flatten course order receipt PDFs after fulfillment in a Spring Boot service.
1354687747,Bertonen-dev/Inscripciones-api,https://github.com/Bertonen-dev/Inscripciones-api,flag:description:course,concurrency; docker; flyway; github-actions; java; jpa; postgresql; rest-api; spring-boot; testcontainers,"REST API for courses with limited capacity and an automatic waiting list — concurrency-safe seat allocation, verified with a 20-thread integration test on real PostgreSQL."
1363109383,miguelgarglez/learning-inbox,https://github.com/miguelgarglez/learning-inbox,flag:name:learning,ai-assisted-development; backend; java; learning-by-doing; spring-boot; testing,"A small Java learning-resource API with real HTTP tests, documented tradeoffs, and an AI-assisted engineering workflow."
1362488121,NFehringVHV/camunda7-agentic-examples,https://github.com/NFehringVHV/camunda7-agentic-examples,flag:name:example; flag:name:examples,agentic-ai; bpmn; camunda; camunda7; external-task; llm; spring-ai; spring-boot; tool-calling,Runnable examples for camunda7-agentic-starter: a Camunda 7 demo process and a Spring AI Bedrock example worker.  
1375420839,J0Hn-git/java-learning,https://github.com/J0Hn-git/java-learning,flag:name:learning,java; jdk; jdk21; spring-boot,"A collection of my Java learning journey, covering Java fundamentals, OOP, data structures, collections, problem-solving, coding challenges, and practical projects."
1366196836,sudhirkumar0802/education-management-system,https://github.com/sudhirkumar0802/education-management-system,flag:description:course,education-management; hibernate; java; maven; mysql; openai; rest-api; spring-boot; spring-data-jpa; swagger,"Student, Teacher, Course and Enrollment Management System using Spring Boot and MySQL"
1367876198,frankietty/geetest-v4-login-demo,https://github.com/frankietty/geetest-v4-login-demo,flag:name:demo,captcha-tool; geetest; login; security; spring-boot; vue3,官网登录验证模块（Spring Boot + Vue 3）：集成极验 GT4 行为验证，构建 IP 限流 + 行为验证二次校验 + 密码加盐三层防御，PC / 平板 / 手机三端响应式
1367692346,Nehapodduturi/campusconnect-course-registration,https://github.com/Nehapodduturi/campusconnect-course-registration,flag:name:course; flag:description:course,docker; java; junit; kafka; postgresql; redis; rest-api; spring-boot,"Java Spring Boot course registration platform with REST APIs, Kafka, Redis, PostgreSQL, Docker, and automated testing."
1372724959,gao-shu/openbiz-workorder-demo,https://github.com/gao-shu/openbiz-workorder-demo,flag:name:demo,business-components; java; maven; multi-tenant; openbiz; ruoyi; spring-boot; work-order,独立消费 com.openbiz:openbiz-service 的 Spring Boot 工单示例（本地 Maven 制品 + 真实 MySQL）。
1377730618,rubyskee/java-learning-path,https://github.com/rubyskee/java-learning-path,flag:name:learning,backend-development; git; java; java-learning; programming; rest-api; spring-boot; sql,"A structured Java learning path covering core concepts, backend development, and industry-relevant technologies through hands-on projects."
