repository_id,full_name,html_url,flag_reasons,topics,description
2855791,sivaprasadreddy/sivalabs-blog-samples-code,https://github.com/sivaprasadreddy/sivalabs-blog-samples-code,flag:name:sample; flag:name:samples,docker; java; javascript; spring; spring-boot,Code samples for my blog posts on https://sivalabs.in
4897632,ralscha/extdirectspring-demo,https://github.com/ralscha/extdirectspring-demo,flag:name:demo,demo; ext-direct; extjs; extjs6; java; javascript; spring; spring-boot; springframework,Sample applications for ExtDirectSpring
9396682,spring-guides/gs-rest-service,https://github.com/spring-guides/gs-rest-service,flag:description:how to,spring-boot,Building a RESTful Web Service :: Learn how to create a RESTful web service with Spring.
12872240,ralscha/spring4ws-demos,https://github.com/ralscha/spring4ws-demos,flag:name:demo,java; spring; spring-boot; spring-framework; spring-mvc; websocket,WebSocket examples with Spring 4
27070013,conorheffron/cron-job-sample,https://github.com/conorheffron/cron-job-sample,flag:name:sample,cron; cronjob-scheduler; job-scheduler; spring-boot; spring-boot-4,Sample Cron job using Spring annotations
25172969,cesardl/addressbook-sample-webapp,https://github.com/cesardl/addressbook-sample-webapp,flag:name:sample,java; maven; mysql; spring-boot; thymeleaf,Demo project with JSF Framework
46230914,g00glen00b/spring-samples,https://github.com/g00glen00b/spring-samples,flag:name:sample; flag:name:samples,spring; spring-boot; spring-cloud; spring-cloud-netflix; spring-security,A series of examples used to demonstrate certain features of Spring.
41420623,jkazama/sample-boot-jpa,https://github.com/jkazama/sample-boot-jpa,flag:name:sample,ddd; devcontainer; gradle; java; jpa; spring-boot; spring-security,Spring Boot + JPA [ Evans DDD Sample ]
46798744,raonigabriel/spring-qrcode-example,https://github.com/raonigabriel/spring-qrcode-example,flag:name:example,java; microservice; qrcode; spring-boot; zxing,"Demonstrates some of the capabilities of the Spring Boot framework through a small, simple example."
31264621,azizunsal/SpringBoot-BoneCP-PooledDataSource,https://github.com/azizunsal/SpringBoot-BoneCP-PooledDataSource,flag:description:how to,bonecp; connection-pool; hikaricp; java; spring-boot; spring-boot-application,Demonstrates how to set up a connection pool with BoneCP in a SpringBoot application.
47102376,jonashackt/restexamples,https://github.com/jonashackt/restexamples,flag:name:example; flag:name:examples,gitlab-ci; rest; spring-boot,Playing around with Spring Boot and REST
36982605,platan/handlebars-spring-boot-starter-example,https://github.com/platan/handlebars-spring-boot-starter-example,flag:name:example,handlebars; handlebars-spring-boot-starter; spring-boot; spring-boot-starter,Example showing Spring Boot auto-configuration for Handlebars
44186202,vpavic/spring-boot-hazelcast-sample,https://github.com/vpavic/spring-boot-hazelcast-sample,flag:name:sample,hazelcast; sample; spring-boot,Spring Boot Hazelcast Sample
44167164,RobertJGabriel/Java-Examples,https://github.com/RobertJGabriel/Java-Examples,flag:name:example; flag:name:examples; flag:description:course,college-project; java; maven; spring; spring-boot; spring-jdbc,"Spring Boot and Spring JDBC examples from coursework and side experiments, including an artist and art-movement data model."
72907253,ityouknow/spring-boot-examples,https://github.com/ityouknow/spring-boot-examples,flag:name:example; flag:name:examples,docker; docker-composer; fastdfs; java; mongodb; mybatis; rabbitmq; scheduler; spring; spring-boot; spring-boot-examples; spring-boot-mail; spring-boot-mongodb; spring-boot-upload-file; spring-cloud; spring-data-jpa; springboot; springboot-shiro; springcloud; thymeleaf,about learning Spring Boot via examples. Spring Boot 教程、技术栈示例代码，快速简单上手教程。 
66179765,dyc87112/SpringBoot-Learning,https://github.com/dyc87112/SpringBoot-Learning,flag:name:learning,dubbo; jdbctemplate; log4j; mybatis; redis; spring-boot; spring-cloud; spring-data-jpa,《Spring Boot基础教程》，2.x版本持续连载中！点击下方链接直达教程目录！
72082404,binarywang/weixin-java-mp-demo,https://github.com/binarywang/weixin-java-mp-demo,flag:name:demo,demo-spring-boot; java; spring-boot; wechat; weixin,基于Spring Boot 和 WxJava 实现的微信公众号Java后端Demo，支持多公众号
65829809,spring-projects/spring-tools,https://github.com/spring-projects/spring-tools,flag:description:course,eclipse; spring; spring-boot; sts4; theia; visual-studio-code; vscode-extension,"The next generation of tooling for Spring Boot, including support for Cloud Foundry manifest files, Concourse CI pipeline definitions, BOSH deployment manifests, and more... - Available for Visual Studio Code, Cursor, Eclipse, and Theia"
72600969,venkataravuri/e-commerce-microservices-sample,https://github.com/venkataravuri/e-commerce-microservices-sample,flag:name:sample,cloudnative-services; docker; elasticsearch; kubernetes; microservices; mongodb; nodejs; python; redis; spring-boot; terraform,"A fictitious cloud-native e-commerce application using microservices architecture powered by polyglot languages & databases, deployable to Kubernetes & AWS"
72743098,heowc/SpringBootSample,https://github.com/heowc/SpringBootSample,flag:name:sample,spring; spring-batch; spring-boot; spring-data; spring-security; spring-statemachine,spring boot sample source 
71553163,wonwoo/spring-boot-kotlin-example,https://github.com/wonwoo/spring-boot-kotlin-example,flag:name:example,heroku; kotlin; spring-boot; spring-boot-kotlin; spring-security; thymeleaf,spring boot kotlin example 
73756474,jcalvopinam/example-envers,https://github.com/jcalvopinam/example-envers,flag:name:example,audit-table; auditory-tables; envers; hibernate-envers; java; spring-boot; spring-data-jpa,Auditing with Hibernate Envers and Spring Data JPA
60749836,davidkey/DynamicJasperExample,https://github.com/davidkey/DynamicJasperExample,flag:name:example,dynamicjasper; jasper; jasperreports; spring-boot; springboot; springboot2,Short example of a dynamic JasperReport rendered as pdf / xlsx by Spring Boot application.
72189499,TFdream/spring-boot-tutorials,https://github.com/TFdream/spring-boot-tutorials,flag:name:tutorial; flag:description:tutorial,mybatis; rabbitmq; redis; spring-boot; swagger,Spring Boot Tutorials.
61468080,Nasruddin/spring-boot-samples,https://github.com/Nasruddin/spring-boot-samples,flag:name:sample; flag:name:samples,blog; docker; elasticsearch; jersey; jpa; jwt; mysql; redis; redis-session; rxjava; spring; spring-boot; spring-boot2; spring-data; spring-reactive; spring-reactor; swagger; vaadin,WIP - Updating to Spring boot 2.0
73190379,snowdrop/rest-http-example,https://github.com/snowdrop/rest-http-example,flag:name:example,booster; example; kubernetes; openshift; rest; rhoar; spring-boot,Quickstart to expose a REST Greeting endpoint using SpringBoot and Apache Tomcat in embedded mode
72958776,ramsafin/spring-boot-steam-auth-example,https://github.com/ramsafin/spring-boot-steam-auth-example,flag:name:example,hibernate; java; jpa; openid; spring-boot; steam; thymeleaf; website,Spring boot webapp demo with Steam auth integration
68984519,vacax/spring-boot-demo,https://github.com/vacax/spring-boot-demo,flag:name:demo,gradle; java; spring-boot,Proyecto Demostración Spring Boot
53461865,sureshg/spring-boot-demo,https://github.com/sureshg/spring-boot-demo,flag:name:demo,jvm; kotlin; spring-boot,🌿 A sample Spring Boot RESTful Web Service with Kotlin. 
66270941,zikzakjack/MyRefcards,https://github.com/zikzakjack/MyRefcards,flag:description:cheatsheet,hadoop; hdfs; hive; java; jpa; openapi3; pig; spring; spring-boot; sqoop,"My CheatSheets about Java, Spring Boot, BigData ...."
62384709,spearheadOne/SpringDemo,https://github.com/spearheadOne/SpringDemo,flag:name:demo,spring; spring-boot; spring-cloud; spring-data-jpa; spring-mvc,Big Spring demo.
59165262,helmedeiros/spring-logback-example,https://github.com/helmedeiros/spring-logback-example,flag:name:example,example; gradle; java; logback; logging; spring-boot,A minimal Spring Boot application configured with Logback logging.
70336962,clemstoquart/spring-boot-sample,https://github.com/clemstoquart/spring-boot-sample,flag:name:sample,java; spring-boot,Simple Spring Boot app designed for training purpose
77821491,in28minutes/SpringBootForBeginners,https://github.com/in28minutes/SpringBootForBeginners,flag:description:tutorial,spring-boot; spring-configuration; spring-data-jpa; spring-initializr; spring-security,Spring Boot Tutorial For Beginners
83952391,binarywang/weixin-java-cp-demo,https://github.com/binarywang/weixin-java-cp-demo,flag:name:demo,spring-boot; wechat; wechat-sdk; weixin,基于Spring Boot 和 WxJava 实现的微信企业号/企业微信 后端Demo
81792983,kousen/spring-and-spring-boot,https://github.com/kousen/spring-and-spring-boot,flag:description:course,java; spring; spring-boot,Lab solutions for Spring and Spring Boot course
80343157,rakshitshah94/Angular2-SpringBoot-Example,https://github.com/rakshitshah94/Angular2-SpringBoot-Example,flag:name:example,angular2-springboot; crud; java-spring-mvc; spring-boot,Normal CRUD operation with Angular 2 and spring boot.(Modified with edit and create functionality V1.2)  is available at >
81929768,keveon/spring-data-jpa-demo,https://github.com/keveon/spring-data-jpa-demo,flag:name:demo,jpa; lombok; spring-boot; spring-data-jpa,"这是一个 Spring Data JPA 的 demo, 旨在演示大部分常用的使用方法。"
81299765,yidongnan/spring-boot-grpc-example,https://github.com/yidongnan/spring-boot-grpc-example,flag:name:example,grpc; spring-boot; spring-boot-grpc,spring-boot-grpc-example
81876394,piomin/sample-spring-reactive,https://github.com/piomin/sample-spring-reactive,flag:name:sample,mongodb; reactive; reactive-programming; reactor; spring; spring-boot; spring-boot-2; spring-data-mongodb; spring-framework-5; spring-webflux,"Sample reactive microservices using spring 5, spring boot, spring webflux, project reactor and Mongo database"
83529184,piomin/sample-camel-spring-boot,https://github.com/piomin/sample-camel-spring-boot,flag:name:sample,apache-camel; api-gateway; circuit-breaker; consul; eip; fallback; hystrix; inter-service-communication; load-balancer; spring-boot,"three samples in different branches that illustrates usage of apache camel as microservice framework providing integration with consul, hystrix, ribbon and other tools"
81716065,piomin/sample-spring-cloud-stream,https://github.com/piomin/sample-spring-cloud-stream,flag:name:sample,message-broker; messaging; messaging-services; microservices; rabbitmq; spring-boot; spring-cloud; spring-cloud-sleuth; spring-cloud-stream,"sample microservices communicating asynchronously using spring cloud stream, rabbitmq"
81089456,piomin/sample-docker-microservice,https://github.com/piomin/sample-docker-microservice,flag:name:sample,quarkus; spring-boot,Two similar Spring Boot and Quarkus web-based apps for performance comparison
82417863,rkaneko/spring-boot-rest-api-example,https://github.com/rkaneko/spring-boot-rest-api-example,flag:name:example,examples; java; mysql; rest-api; spring-boot; spring-session,Implement REST APIs using Spring Boot and Spring Session.
80737608,piomin/sample-amqp-logging,https://github.com/piomin/sample-amqp-logging,flag:name:sample,amqp; amqp-client; appender; elastic-stack; elasticsearch; elk; kibana; logstash; microservices; rabbitmq; spring-boot,sample spring boot application that ships logs to logstash via rabbitmq amqp message broker
86232187,hendisantika/spring-boot-file-upload-example,https://github.com/hendisantika/spring-boot-file-upload-example,flag:name:example,java; spring-boot; thymeleaf; thymeleaf-template-engine; tomcat; upload,Spring Boot file upload example
83683008,snowdrop/health-check-example,https://github.com/snowdrop/health-check-example,flag:name:example,booster; example; health-check; kubernetes; openshift; rhoar; spring-boot,Quickstart to demonstrate OpenShift health probes working with Spring Boot Actuator
85594246,snowdrop/crud-example,https://github.com/snowdrop/crud-example,flag:name:example,booster; crud; example; kubernetes; openshift; rhoar; spring-boot,Spring Boot HTTP CRUD Booster
79563990,snowdrop/configmap-example,https://github.com/snowdrop/configmap-example,flag:name:example,booster; example; kubernetes; openshift; rhoar; spring-boot,Quickstart to expose a REST Greeting endpoint using Spring Boot where the message is defined as a Kubernetes Config Map property
81830677,qct/spring-boot-examples,https://github.com/qct/spring-boot-examples,flag:name:example; flag:name:examples; flag:description:how to,data-jpa; flyway; jacoco; jaxrs; kafka; mybatis; oauth2; profile; rabbitmq; restful; rocketmq; spring-boot; spring-boot-examples; state-machine; swagger,"demonstrate spring boot features, showing how to."
82515446,rdlopes/custom-jpa-demo,https://github.com/rdlopes/custom-jpa-demo,flag:name:demo,spring-boot; spring-data-jpa,Demo for custom JPA repository with a common repository implementation and a starter pom
85964165,ONSdigital/rm-sample-service,https://github.com/ONSdigital/rm-sample-service,flag:name:sample,gov; java; microservices; response-management; spring-boot,This microservice manages the survey sample.
83474244,kodtodya/spring-boot-examples,https://github.com/kodtodya/spring-boot-examples,flag:name:example; flag:name:examples,artemis; java-8; rest-client; spring-boot,Spring Boot Examples to illustrate the concepts
79807895,lihuagang03/spring-guides,https://github.com/lihuagang03/spring-guides,flag:description:tutorial,spring-boot; spring-cloud; spring-guides; spring-tutorial,Practice Spring Guides and Tutorials! 实践Spring入门指南和教程！
89000808,forezp/SpringBootLearning,https://github.com/forezp/SpringBootLearning,flag:name:learning,apidocs; cache; docker; mongodb; mybatis; rabbitmq; redis; spring-boot; springboot-redis; springcloud; swagger,《Spring Boot教程》源码
91324844,hantsy/spring-microservice-sample,https://github.com/hantsy/spring-microservice-sample,flag:name:sample,docker; docker-machine; docker-swarm; docker-toolbox; microservice; ngnix; rest; spring; spring-boot; spring-data-jpa; spring-data-redis; spring-security; spring-session,Spring Boot based Mircoservice sample
87855411,piomin/sample-spring-microservices-advanced,https://github.com/piomin/sample-spring-microservices-advanced,flag:name:sample,api-gateway; hoverfly; microservices; mongodb; spring-boot; spring-cloud; spring-cloud-config; spring-cloud-contract; swagger2; testing; zuul,"More advanced samples of spring boot and spring cloud microservices showing usage of such tools like api Swagger2 on Zuul, integraction with MongoDB, configuration server, testing with Spring Cloud Contract or Hoverfly"
89575316,piomin/sample-hazelcast-spring-datagrid,https://github.com/piomin/sample-hazelcast-spring-datagrid,flag:name:sample,caching; data-grid; hazelcast; hibernate; jpa-caching; kubernetes; minikube; mysql; spring-boot; spring-data-hazelcast; spring-data-jpa; striim-cluster,"sample spring-boot applications integrated with hazelcast imdg, and providing hot cache with hazelcast and striim "
88772379,mzimecki/MySpringBootCamelExample,https://github.com/mzimecki/MySpringBootCamelExample,flag:name:example,camel; camel-route; spring-boot; webservice,Example of Spring Boot web service with Apache Camel
91212391,DanieldfMedina/GenAI-Course-Repo,https://github.com/DanieldfMedina/GenAI-Course-Repo,flag:name:course; flag:description:tutorial,chromadb; deep-learning; embeddings; faiss; genai-chatbot; generative-ai; huggingface; lang; machine-learning; nlp; python; spring-boot; vector-database,"🚀 Explore hands-on examples and tutorials on Generative AI using Langchain and Huggingface, enhancing your skills from basics to advanced deployment techniques."
93703374,ITHit/WebDAVServerSamplesJava,https://github.com/ITHit/WebDAVServerSamplesJava,flag:name:sample; flag:name:samples,amazon-s3; java; kotlin; ms-ofba; oracle; samples; server; spring; spring-boot; springboot; sql; webdav,WebDAV server examples in Java based on IT Hit WebDAV Server Library for Java
93274182,piomin/sample-microservices-protobuf,https://github.com/piomin/sample-microservices-protobuf,flag:name:sample,exposing-microservices; http; performance; protocol-buffers; rest-api; rest-protocol-buffers; spring-boot,creating microservices with rest http api exposed over google protocol buffer on spirng-boot 
93896351,piomin/sample-jasperreport-boot,https://github.com/piomin/sample-jasperreport-boot,flag:name:sample; flag:description:how to,jasperreports; java; pdf; pdf-files; pdf-generation; performance; spring-boot,sample application that show how to generate large pdf files using spring-boot with jasperreports
95023873,hantsy/spring-cloud-sample,https://github.com/hantsy/spring-cloud-sample,flag:name:sample,microservice; rest; spring-boot; spring-cloud; spring-cloud-netflix,Wires up Microservice with Spring Cloud
93952809,gabo-gil-dev/SampleUnitTests,https://github.com/gabo-gil-dev/SampleUnitTests,flag:name:sample,easymock; h2-database; java; mockito; samples; spring-boot; tdd; unit-testing; unittestcase,Some ideas and samples about unit testing using the different tools given by Spring Boot Test dependency. For me and my team they are so useful when we write and run the Unit Test for medium or high complexity classes.
93277909,hemantsonu20/api-gateway-sample,https://github.com/hemantsonu20/api-gateway-sample,flag:name:sample,java; spring-boot; swagger; swagger-ui; zuul,A simple micro services architecture with api gateway implementation
93638170,gabo-gil-dev/SpringBootWithJerseyApp,https://github.com/gabo-gil-dev/SpringBootWithJerseyApp,flag:description:how to,easymock; java; jersey; maven; mockito; restful; service; spring-boot; web; webservice,Little example about how to configure and test (with Mockito and EasyMock) a Jersey Restful end-point in a Spring Boot Application
94906884,gabo-gil-dev/SampleDBSecureStatements,https://github.com/gabo-gil-dev/SampleDBSecureStatements,flag:name:sample; flag:description:how to,java; prepared-statements; secure; security; spring-boot; sql,JAVA Spring Boot sample about how to use parameters in SQL Prepared Statements is a good practice for performance reasons but also is good way to improve the security of your application
98204210,hantsy/spring-reactive-sample,https://github.com/hantsy/spring-reactive-sample,flag:name:sample,kotlin; reactive-streams; reactor; rxjava; rxjava2; rxjava3; spring; spring-boot; spring-data; spring-data-cassandra; spring-data-couchbase; spring-data-elasticsearch; spring-data-mongodb-reactive; spring-data-neo4j; spring-data-r2dbc; spring-data-redis; spring-security; spring-session; spring-webflux,Spring Reactive playground
98206782,miyabayt/spring-boot-doma2-sample,https://github.com/miyabayt/spring-boot-doma2-sample,flag:name:sample,adminlte; doma2; spring-boot; thymeleaf,
96963912,ramsrib/multi-tenant-app-demo,https://github.com/ramsrib/multi-tenant-app-demo,flag:name:demo,demo; discriminator; hibernate; multi-tenant; spring-boot,Demonstrates the discriminator field (shared schema) based multi-tenant application using Spring Boot & Hibernate 5.
96916263,OpenVidu/classroom-demo,https://github.com/OpenVidu/classroom-demo,flag:name:demo,active; angular; example; mysql; openvidu; spring-boot; webrtc,[OpenVidu v2] Classroom demo (Angular + Spring Boot + MySQL) built on OpenVidu 2
98192938,marcopaga/spring-cloud-netflix-demo,https://github.com/marcopaga/spring-cloud-netflix-demo,flag:name:demo,demo; docker; docker-compose; docker-compse; eureka; helm-chart; kubernetes; kubernetes-cluster; kubernetes-deployment; netflix; ribbon; sleuth; spring-boot; spring-cloud; zipkin; zuul,"Spring cloud Demo Project with Zuul, Eureka, Config Server, Ribbon, Sleuth & Zipkin"
98709934,hengyunabc/spring-boot-fat-jar-jsp-sample,https://github.com/hengyunabc/spring-boot-fat-jar-jsp-sample,flag:name:sample,spring; spring-boot; tomcat,
99372351,mainul35/Spring-Spring-Boot-Tutorial-Projects,https://github.com/mainul35/Spring-Spring-Boot-Tutorial-Projects,flag:name:tutorial; flag:description:tutorial,spring; spring-boot; spring-data-jpa; spring-jdbc; spring-mvc; spring-security; spring-security-oauth2,Spring and Spring Boot Tutorials with simple examples
96580012,piomin/sample-spring-graphite,https://github.com/piomin/sample-spring-graphite,flag:name:sample,grafana; influxdb; metrics; slack; spring-boot; spring-boot-actuator,"generating and exporting metrics from spring-boot application to influxdb, visualizing them in grafana and sending notifications to slack"
100295796,ralscha/wamp2spring-demo,https://github.com/ralscha/wamp2spring-demo,flag:name:demo,demos; examples; spring; spring-boot; wamp; wamp-protocol; wamp-router; websocket,Example projects with the wamp2spring library
96413042,CleverCloud/springboot-mongo-example,https://github.com/CleverCloud/springboot-mongo-example,flag:name:example,clevercloud-example; mongodb; spring-boot,Run Spring Boot with MongoDB on Clever Cloud
100174955,sunkuet02/spring-sample-projects,https://github.com/sunkuet02/spring-sample-projects,flag:name:sample,spring-boot; spring-boot-samples; spring-data,
103118188,jonashackt/spring-boot-vuejs,https://github.com/jonashackt/spring-boot-vuejs,flag:description:how to,axios; backend; docker; frontend; heroku; jest; nightwatch; rest-api; rest-backend; spring-boot; vue; vue-cli; vue-cli-3; vue-cli-plugin; vue-frontend; vuejs; vuejs2; webpack,Example project showing how to build a Spring Boot App providing a GUI with Vue.js
101670294,gothinkster/spring-boot-realworld-example-app,https://github.com/gothinkster/spring-boot-realworld-example-app,flag:name:example,mybatis; realworld; spring-boot,"Example Spring codebase containing real world examples (CRUD, auth, advanced patterns, etc) that adheres to the RealWorld API spec."
103168870,wiremock/wiremock-cloud-demo-app,https://github.com/wiremock/wiremock-cloud-demo-app,flag:name:demo,login; mocklab; oauth; oauth2; openid-connect; spring-boot,MockLab demo Java app based on Spring Boot
103932776,eis/spring-boot-security-example,https://github.com/eis/spring-boot-security-example,flag:name:example,java11; java8; spring-boot,
104013244,Evliess/MyDemos,https://github.com/Evliess/MyDemos,flag:name:demo,nodejs; spring-boot; spring-cloud,Here are some simple demos
101189504,jybjobs/springboot-demo,https://github.com/jybjobs/springboot-demo,flag:name:demo,cache; jmeter; jvm-sandbox; redis; spring-boot; springboot,springboot demo
110211147,xkcoding/spring-boot-demo,https://github.com/xkcoding/spring-boot-demo,flag:name:demo,demo; in-action; java; spring; spring-boot; spring-boot-2; spring-boot-demo; web; xkcoding,🚀一个用来深入学习并实战 Spring Boot 的项目。
110079416,jonashackt/spring-boot-rest-clientcertificate,https://github.com/jonashackt/spring-boot-rest-clientcertificate,flag:description:how to,client-certificate; crt; java-keystore; jks; key; resttemplate-configuration; spring-boot; spring-resttemplate; truststore,"Example project showing how to provide a Spring Boot App that serves a secured REST endpoint, that is called with Spring´s RestTemplate configured to use client authentification with a client certificate"
110536162,easy-4-java/spring-boot-starter-samples,https://github.com/easy-4-java/spring-boot-starter-samples,flag:name:sample; flag:name:samples,easy4j; java; maven; spring-boot; spring-boot-starter,Spring Boot Starter Samples
111017293,tomdesair/tus-java-server-spring-demo,https://github.com/tomdesair/tus-java-server-spring-demo,flag:name:demo,file-upload; java; resumable; resumable-upload; spring; spring-boot; tus; tus-protocol; uppy,Tus Java server demo with asynchronous and resumable file uploads in Spring Boot
107463986,piomin/sample-envoy-proxy,https://github.com/piomin/sample-envoy-proxy,flag:name:sample,envoy; inter-service-communication; microservices; proxy; routing; service-discovery; spring-boot; zipkin,custom implementation of service discovery with envoy and inter-service communication for spring-boot applications
109949647,piomin/sample-ignite-jpa,https://github.com/piomin/sample-ignite-jpa,flag:name:sample; flag:description:how to,apache-ignite; clustering; data-grid; ignite; in-memory-database; kubernetes; spring-boot; spring-data-ignite; spring-data-jpa,"set of sample applications in different branches that show how to use spring-boot toghether with spring-data-ignite in order to integrate an application with single standalone Apache Ignite instance, and cluster of instances"
105704160,piomin/sample-spring-boot-web,https://github.com/piomin/sample-spring-boot-web,flag:name:sample,mongodb; rest-api; rest-api-documentation; spring-boot; spring-data-jpa; spring-data-mongo; spring-web; springfox-swagger2; swagger2,"sample spring boot microservices with spring web, database backend (mongo), api auto documentation (swagger2)"
107961419,Pooky/java-enterprise-examples,https://github.com/Pooky/java-enterprise-examples,flag:name:example; flag:name:examples,java; java-enterprise; javaee; mockito; persistance; servlet; spring; spring-boot; wiki,Java EE programing patterns
110245149,juhahinkula/CarRestService,https://github.com/juhahinkula/CarRestService,flag:description:course,rest; spring; spring-boot,Restful API for front end course
106432629,suru33/java-spring-security-examples,https://github.com/suru33/java-spring-security-examples,flag:name:example; flag:name:examples,code-samples; java; spring-boot; spring-security,Spring Security Samples
109601899,suru33/java-spring-batch-examples,https://github.com/suru33/java-spring-batch-examples,flag:name:example; flag:name:examples,code-samples; java; spring-batch; spring-boot,Spring Batch Samples
112953040,Romeh/spring-boot-sample-app,https://github.com/Romeh/spring-boot-sample-app,flag:name:sample,cucumber; java8; jenkins-pipeline; jpa; logback; lombok; maven; rest-api; spring-aop; spring-boot; spring-cloud-config; spring-retry; springboot-sample; springboot2; springbootdemo; swagger; swagger2,Sample app generated from my spring boot archtype on :https://github.com/Romeh/spring-boot-quickstart-archtype
112096298,alexmanrique/spring-boot-application-example,https://github.com/alexmanrique/spring-boot-application-example,flag:name:example,java8; jpa; maven; spring-boot; spring-jpa,Spring boot example application written in Java 
112958110,ashutoshsahoo/spring-boot-kubernetes-mysql,https://github.com/ashutoshsahoo/spring-boot-kubernetes-mysql,flag:description:how to,dockerfile; gradle; java; kubernetes; mysql; mysql-database; mysql-replication; palantir-docker; pvc; sonar; sonarqube; sonarqube-gradle-plugin; sonarqube-plugin; spring; spring-boot; spring-boot-3; spring-boot-kubernetes,"A production-style reference implementation demonstrating how to deploy a Spring Boot application with MySQL on Kubernetes, including containerization, Kubernetes deployments, persistent storage, secrets management, and service-to-database connectivity."
113969913,jonashackt/spring-boot-rest-clientcertificates-docker-compose,https://github.com/jonashackt/spring-boot-rest-clientcertificates-docker-compose,flag:description:how to,certificate-signing-request; client-certificate; docker; docker-compose; integration-test; java-keystore; jks; rest-template; spring-boot; ssl-certificates; testcontainers; truststore,"Example project showing how to access REST endpoints from multiple servers that are secured by different client certificates, using Spring´s RestTemplate & Docker Compose"
113974389,hantsy/spring-reactive-microservice-sample,https://github.com/hantsy/spring-reactive-microservice-sample,flag:name:sample,cassandra; gateway; microservice; mongodb; reactive; reactor; reids; spring-boot; spring-webflux,Spring Microservice Demo built with Spring 5 newly introduced Reactive stack
113020176,sourcelabs-nl/kotlin-bootique,https://github.com/sourcelabs-nl/kotlin-bootique,flag:description:workshop,are; hiring; kotlin; maven; spring-boot; we,Kotlin Bootique Workshop Documentation
114772156,nathanmkaya/spring-retrofit-example,https://github.com/nathanmkaya/spring-retrofit-example,flag:name:example,hibernate-jpa; kotlin; retrofit2; retrofit2-rxjava2; spring-boot; spring-mvc,Spring Boot + Retrofit + RxJava + Kotlin
113030324,LorenzoBettini/demo-spring-testing,https://github.com/LorenzoBettini/demo-spring-testing,flag:name:demo,spring-boot; spring-test,
113846565,crakdelpol/oauth-implicit-example,https://github.com/crakdelpol/oauth-implicit-example,flag:name:example,okta; spa; spring-boot,Example Single Page Application with oauth authentication
114034336,mbacallado/spring-framework-example,https://github.com/mbacallado/spring-framework-example,flag:name:example,backend-development; gradle; java; learning-project; mariadb; rest-api; spring-boot; spring-security; thymeleaf,"Complete example of a Spring Boot web app with REST API, JPA, Thymeleaf, and Spring Security. Built for backend learning and prototyping."
116064241,piomin/sample-spring-cloud-consul,https://github.com/piomin/sample-spring-cloud-consul,flag:name:sample,consul; consul-kv-store; microservices; spring-boot; spring-cloud; spring-cloud-consul; spring-cloud-gateway,Spring Boot applications/microservices demo using Consul discovery & config 
119544686,piomin/sample-spring-cloud-security,https://github.com/piomin/sample-spring-cloud-security,flag:name:sample; flag:description:how to,microservices; oauth2; spring-boot; spring-cloud; spring-security; spring-webflux; ssl; x509certificates,Demo project illustrating how to configure security for Spring Boot microservices 
121573024,jorgerdc/tutoriales,https://github.com/jorgerdc/tutoriales,flag:name:tutorial; flag:description:tutorial,bootstrap; eclipse; git; gradle; java8; junit5; reactjs; scala; spring-boot,Repo con material tipo tutorial de diversos temas.
117534568,piomin/sample-spring-cloud-testing,https://github.com/piomin/sample-spring-cloud-testing,flag:name:sample,contract-testing; gatling; hoverfly; microservices; microservices-testing; pact; pact-jvm; spring-boot; spring-boot-test; spring-cloud; spring-cloud-contract,"sample spring boot application illustratig usage of such test frameworks like spring boot test, gatling, spring cloud contract, pact, mockito, hoverfly"
118123264,piomin/sample-spring-cloud-messaging,https://github.com/piomin/sample-spring-cloud-messaging,flag:name:sample,messaging; rabbitmq; spring-boot; spring-cloud; spring-cloud-stream; spring-cloud-stream-rabbitmq,Demo for presenting Spring Cloud Stream and RabbitMQ 
116245755,piomin/sample-spring-cloud-zookeeper,https://github.com/piomin/sample-spring-cloud-zookeeper,flag:name:sample,microservices; spring-boot; spring-cloud; spring-cloud-zookeeper; zookeeper,Spring Boot applications/microservices demo using Zookeeper discovery & config
115940506,springhow/spring-boot-war-example,https://github.com/springhow/spring-boot-war-example,flag:name:example,spring-boot; war,Example project to build a WAR file out of a standard spring-boot project
116953479,panxiaoan/spring-boot-gwt-sample,https://github.com/panxiaoan/spring-boot-gwt-sample,flag:name:sample,docker; gwt; java; jenkins; kubernetes; spring-boot,Spring Boot GWT Sample
119531237,entur/ukur-demo,https://github.com/entur/ukur-demo,flag:name:demo,java-11; push-notifications; ror; spring-boot; ukur,Demo web application for Ukur
116227093,pplmx/LearningSpringCloud,https://github.com/pplmx/LearningSpringCloud,flag:name:learning,spring; spring-boot; spring-cloud,learn spring cloud
121507169,gabrianoo/Demos,https://github.com/gabrianoo/Demos,flag:name:demo,gradle; java; java-9; java9; react; react-dom; reactjs; spring; spring-boot; spring-boot-actuator; spring-boot-devtools; spring-boot-security; spring-boot-thymeleaf; spring-boot-web,This repository is for some demo projects puting some technology together
121131254,netbuffer/spring-cloud-demo,https://github.com/netbuffer/spring-cloud-demo,flag:name:demo,feign; feign-client; hystrix; java; java8; javascript; lambda; microservice; ribbon; service; spring; spring-boot; spring-cloud; spring-cloud-eureka; spring-data; spring-framework; spring-mvc; zuul,spring-cloud-demo SpringCloud  Microservice technology test  discovery&service provider&rpc&restful api...（zuul api gateway / ribbon / eureka / feign / hystrix / config server / zipkin）
121116100,hiejulia/tutor-finding,https://github.com/hiejulia/tutor-finding,flag:description:course,hibernate; mysql; restful-api; spring-boot; spring-security,Studen searching for tutors for helping with courses at university
125895633,eventuate-tram/eventuate-tram-examples-customers-and-orders,https://github.com/eventuate-tram/eventuate-tram-examples-customers-and-orders,flag:name:example; flag:name:examples,eventual-consistency; java; microservice-architecture; microservices; sagas; spring-boot,An example of Choreography-based sagas in Spring Boot/JPA microservices
124252070,monodot/camel-demos,https://github.com/monodot/camel-demos,flag:name:demo,apache-camel; camel; demo; learning; spring-boot,"🐪🐪 Demonstrations of various features of Apache Camel, mostly accompanied by unit tests, for your delight."
127148724,vijjayy81/spring-boot-jpa-rest-demo-filter-paging-sorting,https://github.com/vijjayy81/spring-boot-jpa-rest-demo-filter-paging-sorting,flag:name:demo,filter; filter-pagination-sorting; filtering; pagination; sort; sorting; spring; spring-boot; spring-data; spring-data-jpa; spring-mvc,"Spring Boot Data JPA with Filter, Pagination and Sorting "
125065067,jonashackt/traefik-cache-nginx-spring-boot,https://github.com/jonashackt/traefik-cache-nginx-spring-boot,flag:description:how to,caching; docker-compose-rule; docker-network; nginx; rest-template; spring-boot; traefik,Example project showing how to use Nginx as a simple cache for Traefik - incl. a Spring Boot client and server
121763743,piomin/sample-api-versioning,https://github.com/piomin/sample-api-versioning,flag:name:sample,api; api-documentation; api-versioning; rest-api; spring-boot; spring-mvc; springfox-swagger; swagger; swagger-ui; swagger2,sample spring-boot application that uses different aproaches to api versioning and integrates with swagger2 via springfox library
124215462,tomconn/camunda-batch-example,https://github.com/tomconn/camunda-batch-example,flag:name:example,batch; batch-processing; bpmn; camunda; docker-compose; spring-boot,Example of using Camunda batch extension. See https://github.com/camunda/camunda-bpm-custom-batch
126332103,snowdrop/istio-distributed-tracing-example,https://github.com/snowdrop/istio-distributed-tracing-example,flag:name:example,booster; distributed-tracing; example; istio; jaegertracing; kubernetes; openshift; opentracing; rhoar; spring-boot,A booster demonstrating Istio Distributed Tracing functionality
124222334,humank/spring-petclinic,https://github.com/humank/spring-petclinic,flag:description:how to,api-gateway; aws; java-container-wrapper; lambda; spark; spring-boot,Demonstrate how to migrate Java EE legacy architecture to AWS Serverless architecture by java-container-wrapper
127212690,joelbarmettlerUZH/Spring_Boot_Demo,https://github.com/joelbarmettlerUZH/Spring_Boot_Demo,flag:name:demo; flag:description:how to,boot; introduction; lambda-expressions; spring; spring-boot; test,How to build a simple RESTapi with Java Spring Boot from scratch
127375286,pacphi/spring-boot-with-kotlin-and-jpa-example,https://github.com/pacphi/spring-boot-with-kotlin-and-jpa-example,flag:name:example,docker; java; kubernetes; pivotal-application-service; spring-boot,Sample Spring Boot microservice implemented with Kotlin
124974552,josdem/spring-boot-validation,https://github.com/josdem/spring-boot-validation,flag:description:how to,gradle; java; spring-boot; thymeleaf,Shows how to use custom validations in a Spring Boot application
124852432,irocky1/organdemo,https://github.com/irocky1/organdemo,flag:name:demo,bitset; left-right; spring-boot,基于springboot 左右值编码/bitset结构实现
126769782,katalon-studio/sample-web-service-aut,https://github.com/katalon-studio/sample-web-service-aut,flag:name:sample,java; sample; spring-boot,Sample application for trying API testing tools
126146745,piomin/sample-eclipselink-jpa,https://github.com/piomin/sample-eclipselink-jpa,flag:name:sample; flag:description:how to,cache; continuous-queries; database-changes; eclipselink; jpa; oracle; spring-boot,sample illustrating how to use hot cache jpa with eclipse link framework and oracle continuous query notification
123514442,ppaternostro/spring-boot-example,https://github.com/ppaternostro/spring-boot-example,flag:name:example,example-spring; h2-database; java; jpa-persistence-applications; maven; rest; spring-boot; spring-data-jpa,A Spring Boot example application.
123502568,codekooking/microservices-springboot-angularjs,https://github.com/codekooking/microservices-springboot-angularjs,flag:description:how to,amqp; angularjs; hal-browser; microservice; netflix-eureka; netflix-hystrix; netflix-ribbon; netflix-zuul; rabbitmq; sleuth; spring-boot; spring-cloud; spring-cloud-config,Learn how to create awesome Micro-services and RESTful web-services Spring Boot and AngularJS
121799453,gdem/tour-of-heroes,https://github.com/gdem/tour-of-heroes,flag:description:tutorial,openshift; spring-boot; spring-data-jpa; spring-hateoas,The Tour of Heroes tutorial covers the fundamentals of Spring Boot.
130051471,piomin/sample-spring-microservices-new,https://github.com/piomin/sample-spring-microservices-new,flag:name:sample,eureka; feign; microservices; netty; ribbon; service-discovery; spring-boot; spring-boot-2; spring-boot-3; spring-cloud; spring-cloud-config; spring-cloud-gateway; spring-cloud-netflix; spring-cloud-sleuth; swagger2; zuul,"Demo for Spring Boot and Spring Cloud microservices with distributed configuration (Spring Cloud Config), service discovery (Eureka), API gateway (Spring Cloud Gateway, Zuul), Swagger/OpenAPI documentation (Springdoc), logs correlation using Spring Cloud Sleuth/Micrometer OTEL and many more"
131296014,spring-guides/tut-spring-boot-kotlin,https://github.com/spring-guides/tut-spring-boot-kotlin,flag:description:how to,spring-boot; spring-framework,"Building web applications with Spring Boot and Kotlin :: Learn how to easily build and test web applications with Spring, Kotlin, Junit and JDBC"
130998506,hantsy/spring-webmvc-jwt-sample,https://github.com/hantsy/spring-webmvc-jwt-sample,flag:name:sample,jwt; spring; spring-boot; spring-data-jpa; spring-data-rest; spring-security,Secures REST APIs with Spring Security and JWT Token based Authentication
128960270,javadevjournal/javadevjournal,https://github.com/javadevjournal/javadevjournal,flag:description:tutorial,java; maven; rest; rest-api; spring-boot; spring-cloud; spring-core; spring-data-jpa; spring-mvc; spring-security,Source code for the tutorials published on the Javadevjournal site.
131582244,callicoder/spring-boot-postgresql-jpa-hibernate-rest-api-demo,https://github.com/callicoder/spring-boot-postgresql-jpa-hibernate-rest-api-demo,flag:name:demo,hibernate; jpa; postgres; postgresql; rest; rest-api; spring; spring-boot,"Building RESTful APIs with Spring Boot, PostgreSQL, JPA and Hibernate"
128991068,syqu22/spring-boot-shop-sample,https://github.com/syqu22/spring-boot-shop-sample,flag:name:sample,boostrap; ecommerce; h2; hibernate; java; shop-sample; shopping; spring; spring-boot; spring-data-jpa; spring-mvc; spring-security; thymeleaf,My first web application using Spring Boot framework.
129111899,piomin/sample-istio-services,https://github.com/piomin/sample-istio-services,flag:name:sample,istio; java; kubernetes; microservices; minikube; service-mesh; spring-boot,Providing inter-service communication on kubernetes via Minikube using Istio framework and Spring Boot
131972977,fengwenyi/APIExample,https://github.com/fengwenyi/APIExample,flag:name:example,api; restful-api; spring; spring-boot; springmvc,以API接口开发为例，探索开发的最佳实践
129756718,cwm-coding-with-mike/Spring_Jms_Course,https://github.com/cwm-coding-with-mike/Spring_Jms_Course,flag:name:course; flag:description:course,activemq; spring-boot; spring-jms,Exercise files used for Spring Jms Course
132905583,mcicolella/docker-examples,https://github.com/mcicolella/docker-examples,flag:name:example; flag:name:examples,containers; docker; java; spring-boot; springframework,Examples about Docker
129714225,piomin/sample-nomad-java-services,https://github.com/piomin/sample-nomad-java-services,flag:name:sample,consul; java; microservices; nomad; service-discovery; spring-boot; spring-cloud; spring-cloud-consul,sample spring applications that are deployed on Hashicorp's Nomad and and communication with each other using Consul disocvery and Spring Cloud Consul client 
131217678,mhkarimi/spring-boot-security-oauth2-jwt-example,https://github.com/mhkarimi/spring-boot-security-oauth2-jwt-example,flag:name:example,java; jwt; oauth2; spring; spring-boot,Spring-boot Oauth2 example with jwt and Redis
129369366,DevZoneOne/ExampleReactiveLibraries,https://github.com/DevZoneOne/ExampleReactiveLibraries,flag:name:example,angular; flux; java; kotlin; ngrx; ngrx-effects; ngrx-store; redux; spring-boot; state-management,"3 Simple samples of consuming a REST service in Angular, standard, with NgRX or NgXS."
130034253,vpavic/samples-spring-session,https://github.com/vpavic/samples-spring-session,flag:name:sample; flag:name:samples,hazelcast; java; jdbc; mongodb; redis; samples; spring-boot; spring-framework; spring-session,Samples: Spring Session
129092748,netbuffer/spring-boot-admin-demo,https://github.com/netbuffer/spring-boot-admin-demo,flag:name:demo,admin; admin-dashboard; cloud; discovery; jvm; microservice; monitoring; monitoring-tool; provider; spring; spring-boot; spring-boot-admin; spring-boot2; spring-framework; spring-mvc; springcloud; system,spring-boot-admin-demo ，spring-boot monitor tools
135796936,rieckpil/blog-tutorials,https://github.com/rieckpil/blog-tutorials,flag:name:tutorial; flag:description:tutorial,aws; java; java-ee; jdk; junit; kotlin; maven; microprofile; postgresql; react; spring-boot; spring-framework; spring-security; spring-test; spring-web; spring-webclient; spring-webflux; testcontainers,":star: Codebase for various tutorials  about Java, Spring Boot, AWS, Kotlin, and Testing"
137475287,piomin/sample-spring-blockchain,https://github.com/piomin/sample-spring-blockchain,flag:name:sample; flag:description:how to,blockchain; cryptocurrency; docker; ethreum; spring-boot; web3j,"sample project that illustrates how to send transaction and observe processed transaction in ethereum using web3j, blockchain and spring boot "
137199409,piomin/sample-message-driven-microservices,https://github.com/piomin/sample-message-driven-microservices,flag:name:sample; flag:description:how to,kafka; message-driven; microservices; rabbitmq; spring-boot; spring-cloud; spring-cloud-sleuth; spring-cloud-stream; testing,"Sample spring cloud application that integrates with rabbitmq through spring cloud stream framework as shows how to setup message-driven microservices basing on publish-subscribe model, consumer groups"
134075667,piomin/sample-spring-chaosmonkey,https://github.com/piomin/sample-spring-chaosmonkey,flag:name:sample,chaos-engineering; chaos-monkey; microservices; spring-boot; spring-cloud; testing,sample applications illustrating usage of codecentric's chaos monkey library for microservices created using spring boot and spring cloud
137614808,Ikhiloya/spring-jpa-oracle-demo,https://github.com/Ikhiloya/spring-jpa-oracle-demo,flag:name:demo; flag:description:how to,mysql; oracle-database; sample-demo; spring-boot; spring-data-jpa,"A sample demo app that shows how to create a RESTful webservice using Spring Boot, Spring Data JPA and Oracle database"
138216240,pacphi/reactive-jdbc-demo,https://github.com/pacphi/reactive-jdbc-demo,flag:name:demo,docker; java; pcf; postgres; reactive; spring-5; spring-boot; spring-webflux,This is a simple experiment to test Spring 5's Webflux Module's Functional Programming Model interaction with the Reactiverse reactive-pg-client.
134040690,linux-china/rocker-template-demo,https://github.com/linux-china/rocker-template-demo,flag:name:demo,rocker-templates; spring-boot,Rocker template demo with Spring Boot
134189223,piomin/sample-secure-eureka-discovery,https://github.com/piomin/sample-secure-eureka-discovery,flag:name:sample,https; keytool; netflix-eureka; security; spring-boot; spring-cloud; spring-cloud-netflix; ssl,Secure discovery between client and server with spring cloud netflix eureka and spring boot
134424980,netbuffer/spring-boot-demo,https://github.com/netbuffer/spring-boot-demo,flag:name:demo,demo; git; java; java8; lambda; log; logback; maven; plugin; pom; spring; spring-boot; spring-boot2; spring-mvc; springframework; thymeleaf; thymeleaf-template-engine,"spring-boot-demo spring-boot technology test,DI,IOC，tomcat，mvc，servlet，filter，log，logback，interface，restful，exception，http，build，git，system，json..."
138506742,rogervinas/spring-boot-autoconfiguration-demo,https://github.com/rogervinas/spring-boot-autoconfiguration-demo,flag:name:demo,spring-boot,🍀 Spring AutoConfiguration Demo
134043058,davidjimenezanca/Example_SpringBoot-Swagger-REST,https://github.com/davidjimenezanca/Example_SpringBoot-Swagger-REST,flag:name:example,api-rest; java-8; redis-server; restful-webservices; spring-boot; swagger; swagger-docs; swagger-ui,Example project of Spring Boot app with Swagger 2 API. RESTful web services from Redis database.
135808959,li-fujian/spring-boot-demo,https://github.com/li-fujian/spring-boot-demo,flag:name:demo,docker; spring-boot,spring boot Demo
143009107,piomin/sample-spring-microservices-kubernetes,https://github.com/piomin/sample-spring-microservices-kubernetes,flag:name:sample,configmap; docker; kubernetes; microservices; minikube; openshift; ribbon; spring-boot; spring-cloud; spring-cloud-kubernetes; swagger2; zuul,"Sample Spring Boot application that uses some features provided by Spring Cloud Kubernetes, Spring Cloud OpenFeign and Spring Cloud Gateway deployed on Kubernetes"
141705493,piomin/sample-spring-blockchain-contract,https://github.com/piomin/sample-spring-blockchain-contract,flag:name:sample; flag:description:how to,blockchain; ethereum; ethereum-contract; smart-contracts; solidity; solidity-contracts; spring-boot; web3j,"sample project that illustrates how to create and deploy smart contracts, smart wallets, send transactions and observe processed transactions in ethereum using web3j, blockchain, solidity and spring boot "
144778322,piomin/sample-graphql-microservices,https://github.com/piomin/sample-graphql-microservices,flag:name:sample,apollo-android; apollo-client; apollographql; eureka; eureka-discovery-service; graphql; microservices; service-discovery; spring-boot; spring-cloud,An example of microservices communicating over GraphQL protocol using Spring Cloud Netflix Eureka and Apollo Client
142951571,farhanatsani/spring-boot-thymeleaf-staradmin-demo,https://github.com/farhanatsani/spring-boot-thymeleaf-staradmin-demo,flag:name:demo,java; spring-boot; thymeleaf,Spring Boot MVC with Thymeleaf and Star Admin Template
144979991,piomin/sample-testing-microservices,https://github.com/piomin/sample-testing-microservices,flag:name:sample,component-testing; contract-testing; feign-client; gatling; hoverfly; microservices; pact; spring-boot; spring-boot-test; spring-cloud,"sample applications with implementation of unit, component, contract and integrarion tests using pact, gatling, spring boot test and hoverfly "
140650359,happyjared/spring-boot-learning,https://github.com/happyjared/spring-boot-learning,flag:name:learning,java; spring-boot,Those years of learning Spring Boot - 这些年学习的Spring Boot
140883204,abhinavtrip87/sample-web-scraper,https://github.com/abhinavtrip87/sample-web-scraper,flag:name:sample,jbrowserdriver; jsoup; spring; spring-boot; thymeleaf; webscraping,
143472684,cheerans/Microservices-Architecture,https://github.com/cheerans/Microservices-Architecture,flag:description:tutorial,autoscaling; eureka-server; eureka-service-discovery; failover; high-availability; hystrix; load-balancer; microservices-architecture; spring-boot; spring-cloud; spring-cloud-netflix; spring-rest; zipkin-instrumentation; zuul-proxy,Microservices Cloud Architecture Tutorial
143146104,rubytomato/demo-java11-spring2,https://github.com/rubytomato/demo-java11-spring2,flag:name:demo,java; maven; spring-boot,"java 11.0, Spring Boot 2.1 Rest API application"
151035781,callicoder/spring-boot-react-oauth2-social-login-demo,https://github.com/callicoder/spring-boot-react-oauth2-social-login-demo,flag:name:demo,authentication; facebook-login; github-login; google-login; oauth2; oauth2-login; react; react-oauth2; social-authentication; social-login; spring; spring-boot; spring-boot-oauth2; spring-security; spring-security-oauth2,"Spring Boot React OAuth2 Social Login with Google, Facebook, and Github"
149739805,liuyueyi/spring-boot-demo,https://github.com/liuyueyi/spring-boot-demo,flag:name:demo,aop; bean; influxdb; jdbctemplate; jpa; mongodb; mysql; react; redis; solr; spel; spring; spring-boot; spring-cloud; spring-mvc; springboot-redis; springsecurity; sse; webflux; websocket,Spring Boot & Spring Cloud & Spring Security Demo Case（Spring学习示例实战项目）
147803019,Flying9001/springBootDemo,https://github.com/Flying9001/springBootDemo,flag:name:demo,redis; spring; spring-boot; spring-cloud,springBoot demo
149887051,TavenYin/taven-springboot-learning,https://github.com/TavenYin/taven-springboot-learning,flag:name:learning,java; spring-boot; springboot,"spring boot/cloud demo, 持续更新"
148282935,worldline/learning-kotlin,https://github.com/worldline/learning-kotlin,flag:name:learning; flag:description:course,java; kotlin; ktor; spring-boot,Course and exercises allowing to learn Kotlin for full stack development!
148070508,isaacgarza/saml-example,https://github.com/isaacgarza/saml-example,flag:name:example,angular; saml; security; single-sign-on; spring-boot; spring-security; sso,SAML 2.0 example built using Sprint Boot and Angular
145540570,zhwxp/spring-boot-tcp-server-sample,https://github.com/zhwxp/spring-boot-tcp-server-sample,flag:name:sample,spring-boot; tcp-server,
145538782,zhwxp/spring-boot-tcp-client-sample,https://github.com/zhwxp/spring-boot-tcp-client-sample,flag:name:sample,spring-boot; tcp-client,
148048897,david-romero/demo-twitter-kafka,https://github.com/david-romero/demo-twitter-kafka,flag:name:demo,docker; docker-compose; java; kafka; kafka-connect; kafka-streams; kotlin; postgresql; spring; spring-boot,
148769924,piomin/sample-spring-boot-autoscaler,https://github.com/piomin/sample-spring-boot-autoscaler,flag:name:sample,autoscaling; eureka; eureka-server; jenkins; jenkins-pipeline; metrics; spring-boot; spring-boot-actuator,sample spring boot application prepared for auto-scaling on single/many target machines
145971105,jkazama/sample-boot-kotlin,https://github.com/jkazama/sample-boot-kotlin,flag:name:sample,ddd; hibernate; japanese; jpa; kotlin; spring-boot; spring-security,Spring Boot + JPA ( Hibernate ) + Kotlin [ DDD Sample ]
150961527,tonydeng/springboot-rpc-samples,https://github.com/tonydeng/springboot-rpc-samples,flag:name:sample; flag:name:samples,grpc; rpc; rpcs; spring-boot; thrift,Spring Boot RPC Samples
145411151,coachpo/closure-table-spring-boot-demo,https://github.com/coachpo/closure-table-spring-boot-demo,flag:name:demo,closure-table; java; mybatis; spring-boot; tree-structure,Spring Boot + MyBatis demo of a folder tree using the closure table pattern with MySQL. Supports add/move/delete/copy/list for hierarchical data.
150229228,Ismailalkouz94/Spring-Boot-CRUD-Example,https://github.com/Ismailalkouz94/Spring-Boot-CRUD-Example,flag:name:example,jwt; mysql; restful-api; spring-boot; spring-data-jpa; swagger,"Spring boot CRUD example using JPA, MySQL Database and secured Restful API"
149594206,bilalvdemir/SpringBootCRUDExample,https://github.com/bilalvdemir/SpringBootCRUDExample,flag:name:example,controller; crud; docker; exception-handler; exceptions; formatter; jpa; logger; mongodb; regex-pattern; restful-webservices; spring-boot; spring-mvc; validator,Spring Boot CRUD Example with MVC Pattern
147966307,OkanUzun/hazelcast-cache,https://github.com/OkanUzun/hazelcast-cache,flag:description:how to,caching; hazelcast; java; spring-boot,"This repository contains a Spring Boot application that integrates Hazelcast as a distributed caching solution. The project demonstrates how to efficiently manage cache layers, improving performance and scalability in modern applications."
145391196,jianshaow/observability-example,https://github.com/jianshaow/observability-example,flag:name:example,cxf; jaegertracing; opentelemetry; opentracing; spring; spring-boot; zipkin,
157111668,Hakky54/mutual-tls-ssl,https://github.com/Hakky54/mutual-tls-ssl,flag:description:tutorial,certificate; certificate-authority; certificate-signing-request; encryption; https; java; keystore; keytool; kotlin; mutual-authentication; mutual-tls; openssl; scala; security; server; spring-boot; ssl; tls; truststore; two-way-ssl-authentication,"🔐 Tutorial of setting up Security for your API with one way authentication with TLS/SSL and mutual authentication for a java based web server and a client with both Spring Boot. Different clients are provided such as Apache HttpClient, OkHttp, Spring RestTemplate, Spring WebFlux WebClient Jetty and Netty, the old and the new JDK HttpClient, the old and the new Jersey Client, Google HttpClient, Unirest, Retrofit, Feign, Methanol, vertx, Scala client Finagle, Featherbed, Dispatch Reboot, AsyncHttpClient, Sttp, Akka, Requests Scala, Http4s Blaze, Kotlin client Fuel, http4k, Kohttp and ktor. Also other server examples are available such as jersey with grizzly. Also gRPC, WebSocket and ElasticSearch examples are included"
155932017,maventalker/web-api-demo,https://github.com/maventalker/web-api-demo,flag:name:demo,docker; dubbo; dubbo-spring-boot-starter; spring-boot; swagger2,整合SpringBoot2、Swagger2，面向移动端提供RESTFul形式接口，致力于前后端分离、独立部署，服务响应端基础开发框架，开箱即用。
152766000,piomin/sample-spring-data-webflux,https://github.com/piomin/sample-spring-data-webflux,flag:name:sample; flag:description:how to,postgres; r2dbc; reactive; spring-boot; spring-data; spring-data-jdbc; spring-webflux,"Demo apps showing how to use R2DBC with Spring Boot, Spring Data and Spring WebFlux on Postgres database"
157725178,y0ngb1n/spring-boot-samples,https://github.com/y0ngb1n/spring-boot-samples,flag:name:sample; flag:name:samples,durid; elk; graphql; kotlin; lombok; lucene; multi-datasource; mybatis-plus; spring; spring-boot; swagger2; thymeleaf; url-shortener,🍄 Samples for Spring Boot.
156553451,wangzihaogithub/spring-netty-example,https://github.com/wangzihaogithub/spring-netty-example,flag:name:example,netty; netty-example; netty-rpc; netty-servlet; netty-websocket; qps; spring-boot; spring-boot-netty; spring-boot-protocol,所有netty项目的例子
152527104,janlle/spring-boot-examples,https://github.com/janlle/spring-boot-examples,flag:name:example; flag:name:examples,java; spring; spring-boot; starters,Spring Boot 学习demo整合各种第三方组件和各种案例
156505142,farhanatsani/spring-boot-mustache-core-ui-demo,https://github.com/farhanatsani/spring-boot-mustache-core-ui-demo,flag:name:demo,bootstrap; h2; java; mustache; spring-boot,A simple example Spring Boot with Mustache and Core UI Web Admin Template
155227481,ingogriebsch/sample-spring-data-solr-testcontainers-utilization,https://github.com/ingogriebsch/sample-spring-data-solr-testcontainers-utilization,flag:name:sample; flag:description:how to,example; java; sample; spring; spring-boot; spring-data; spring-data-solr; testcontainers,This sample shows you how to utilize the Testcontainers usage with Spring Data Solr (and Spring Boot)
155238574,davinci2014/demo,https://github.com/davinci2014/demo,flag:name:demo,spring-boot,
153799716,ingogriebsch/sample-spring-boot-graphql,https://github.com/ingogriebsch/sample-spring-boot-graphql,flag:name:sample; flag:description:how to,example; graphql; graphql-server; java; sample; spring; spring-boot,This sample shows you how to integrate GraphQL into Spring Boot
152541219,janlle/spring-security-examples,https://github.com/janlle/spring-security-examples,flag:name:example; flag:name:examples,oauth2; spring; spring-boot; spring-security,Spring Security 安全框架学习demo
152196320,ricardozanini/amq7-protobuf-sample,https://github.com/ricardozanini/amq7-protobuf-sample,flag:name:sample; flag:description:how to,amq; amqp; artemis; jms; profobuf; protobuf3; spring-boot,A simple example of how to use Google Proto Buffer to transmit messages via AMQP to Artemis broker.
154727756,trelo-bifteki/fullstack-app-demo,https://github.com/trelo-bifteki/fullstack-app-demo,flag:name:demo,gradle; spring-boot; vuejs2,A project setup for having both frontend and backend submodules
158065699,thepracticaldeveloper/kafka-spring-boot-example,https://github.com/thepracticaldeveloper/kafka-spring-boot-example,flag:name:example,kafka; practical; spring-boot; thepracticaldeveloper,Spring Boot application showing basic configuration to work with Kafka
161659835,ubie-oss/kotlin-graphql-sample,https://github.com/ubie-oss/kotlin-graphql-sample,flag:name:sample,graphql; kotlin; spring-boot,Sample implementation of Kotlin+Spring+GraphQL
160033617,kodtodya/camel-spring-boot-examples,https://github.com/kodtodya/camel-spring-boot-examples,flag:name:example; flag:name:examples,activemq; camel; fuse-7; java-8; rh-fuse; spring; spring-boot,this repo contains fuse-7 examples that can be run as spring boot
160048209,cockroachlabs-field/cdc-example,https://github.com/cockroachlabs-field/cdc-example,flag:name:example,change-data-capture; cockroachdb; docker-compose; kafka; spring-boot; zookeeper,Simple example of CockroachDB CDC using Spring Boot and Kafka
161292840,unnivm/SpringBootDemoApplication,https://github.com/unnivm/SpringBootDemoApplication,flag:name:demo,h2; h2-database; rest-api; spring; spring-boot; spring-data-jpa; spring-security,"This is a demo back end application developed using REST, Spring SECURITY, Hibernate and Java 8"
161911830,uicodefr/demo-postit,https://github.com/uicodefr/demo-postit,flag:name:demo,angular; demo; java; spring-boot; spring-security,Demo App With Spring Boot and Angular that allows you to create and organize notes.
161441329,hariprasath-r/springboot-course-data-api,https://github.com/hariprasath-r/springboot-course-data-api,flag:name:course; flag:description:course,aws; aws-elastic-beanstalk; gradle; h2-database; java; pcf; spring-boot; spring-data-jpa; swagger; swagger-ui,"Base project for all Java, Spring Boot, AWS, PCF, and Testing framework experiments. It's a simple service that maintains Topics and Courses."
159204102,ingogriebsch/sample-spring-cloud-contract-simple-rest-cdc,https://github.com/ingogriebsch/sample-spring-cloud-contract-simple-rest-cdc,flag:name:sample; flag:description:how to,cdc; example; java; sample; spring; spring-boot; spring-cloud; spring-cloud-contract,This sample shows you how to use Spring Cloud Contract to produce and consume a CDC for a simple REST API
158822993,MikeSabillon/spring-sfg-pet-clinic,https://github.com/MikeSabillon/spring-sfg-pet-clinic,flag:description:course,lombok; maven; pet-clinic-web; sfg-pet-clinic; spring-boot; thymeleaf,A project I made for the beginner to guru udemy course.
163041908,elopes/enlopes-demo-mvc,https://github.com/elopes/enlopes-demo-mvc,flag:name:demo,java; spring-boot; thymeleaf-template-engine,"Projeto de cadastro e listagem de funcionários, cargos e departamentos utilizando Spring boot e Thymeleaf."
160999966,Paz1506/cloud-example,https://github.com/Paz1506/cloud-example,flag:name:example,eureka; oauth2; sandbox; spring-boot; spring-cloud,An example of an application for working with the microservice architecture based on the Spring Boot / Cloud & Netflix stack
167950149,attacomsian/code-examples,https://github.com/attacomsian/code-examples,flag:name:example; flag:name:examples,java; javascript; mongodb; mongoose; nodejs; nodejs-tutorials; rest-api; spring-boot; spring-boot-tutorial; spring-data-jpa; thymeleaf,Example projects for my personal blog. 
166618051,gregwhitaker/springboot-apikey-example,https://github.com/gregwhitaker/springboot-apikey-example,flag:name:example,api-key; caffeine-cache; spring-boot; spring-security,Example of authenticating with a Spring Boot application using an API key.
166108727,bzdgn/docker-spring-boot-java-web-service-example,https://github.com/bzdgn/docker-spring-boot-java-web-service-example,flag:name:example; flag:description:tutorial,alpine; docker; docker-container; docker-image; dockerfile; java; open-jdk; rest-api; rest-controller; spring-boot; web-service,Tutorial for a docker container running a simple primitive web service built with Spring Boot
168331636,wander-chu/java-microservice-demo,https://github.com/wander-chu/java-microservice-demo,flag:name:demo,docker; dubbo; mybatis; spring-boot,基于Java的微服务实践，单体微服务创建、Docker部署、Dubbo微服务实践等
164224543,ozkanpakdil/spring-examples,https://github.com/ozkanpakdil/spring-examples,flag:name:example; flag:name:examples,spring; spring-boot; spring-mvc; spring-security,spring boot or framework examples
169578180,ksbrwsk/logback-amqp-sample,https://github.com/ksbrwsk/logback-amqp-sample,flag:name:sample,amqp; java; logback-appender; rabbitmq; spring-boot,Sample Spring Boot Application using Logback AMQP Appender.
169373137,ChamithKodikara/monitoring-demo,https://github.com/ChamithKodikara/monitoring-demo,flag:name:demo,actuator; api-documentation; grafana; grafana-dashboard; monitoring; prometheus; spring; spring-boot; swagger; swagger-ui,Demo project for Spring Boot application performance monitoring and REST API documentation
166992211,pradeepkrathnayaka/spring-boot-hands_on_examples,https://github.com/pradeepkrathnayaka/spring-boot-hands_on_examples,flag:name:example; flag:name:examples,java; spring; spring-boot; spring-boot-example; springboot,Mastering Spring Boot with hands-on examples
165336163,poad/examples,https://github.com/poad/examples,flag:name:example; flag:name:examples,android; java; quarkus; scala; spring-boot; springboot2; webauthn,
170916679,toniferr/SISFACTU,https://github.com/toniferr/SISFACTU,flag:description:course,maven; mysql; spring; spring-boot; thymeleaf,"Spring Boot application with Thymeleaf using Maven and MysqlDatabase for udemy course ""Spring Framework 5: Creando webapp de cero a experto (2020)"""
168778181,harryalto/spring-5-weflux-example,https://github.com/harryalto/spring-5-weflux-example,flag:name:example,spring; spring-5; spring-boot; spring-data; webclient; webflux,
169803762,ingogriebsch/sample-spring-restdocs-simple-restcontroller,https://github.com/ingogriebsch/sample-spring-restdocs-simple-restcontroller,flag:name:sample; flag:description:how to,example; java; sample; spring; spring-boot; spring-rest-docs; spring-web,This sample shows you how to implement document a simple REST controller with Spring REST Docs
165023414,ingogriebsch/sample-spring-cloud-netflix-feign-multipartfile-support,https://github.com/ingogriebsch/sample-spring-cloud-netflix-feign-multipartfile-support,flag:name:sample; flag:description:how to,example; feign; feign-cl; java; sample; spring; spring-boot; spring-cloud; spring-cloud-netflix,This sample shows you how to enable multipartfile support on Feign clients
164307379,corock/jx,https://github.com/corock/jx,flag:description:course,html-css-javascript; java; jsp-servlet; linux; mongodb; mysql; nodejs; react; spring-boot; spring-mvc,:books: Java-based full-stack web development courses
174314296,apache/incubator-kie-examples,https://github.com/apache/incubator-kie-examples,flag:name:example; flag:name:examples; flag:description:how to,apache; bpmn; cloud-native; cloudevents; dmn; drools; example; getting-started; hacktoberfest; java; knative; kogito; kubernetes; optaplanner; pmml; quarkus; spring-boot; workflow; workflow-engine,"Apache KIE Examples repository with showcases on how to use Kogito, Drools, and jBPM"
171674060,lets-mica/mica-example,https://github.com/lets-mica/mica-example,flag:name:example,mica; spring; spring-boot; springcloud,mica 演示项目
173637703,piomin/sample-spring-redis,https://github.com/piomin/sample-spring-redis,flag:name:sample,lettuce; redis; spring-boot; spring-data-redis,Demo Spring Boot application showing usage of Spring Data Redis repositories
177610209,piomin/sample-spring-elasticsearch,https://github.com/piomin/sample-spring-elasticsearch,flag:name:sample,elastichq; elasticsearch; spring-boot; spring-data,Demo ilustrating integration between Spring Boot/Spring Data and Elasticsearch 
173104432,semaphoreci-demos/semaphore-demo-java-spring,https://github.com/semaphoreci-demos/semaphore-demo-java-spring,flag:name:demo,cicd; continuous-delivery; continuous-integration; docker; java; jmeter; junit; maven; semaphoreci; spring-boot,A Semaphore demo CI/CD pipeline using Java Spring.
175280343,linux-china/reactive-grpc-demo,https://github.com/linux-china/reactive-grpc-demo,flag:name:demo,grpc; reactive; spring-boot,gRPC with reactive Reactor
174294123,kwrce/sortcourse,https://github.com/kwrce/sortcourse,flag:name:course,c7n; layui; mybatis; spring-boot,排课系统，支持一键排课，自动检测不冲突的时间，排出合理的课程表
174047425,GabLeg/springboot-example,https://github.com/GabLeg/springboot-example,flag:name:example,actuator; grpc; kafka; liquibase; lombok; maven; mongodb; redis; resttemplate; spring-boot; spring-data-jpa; springboot; springframework; swagger-ui; undertow,"Base REST API with spring boot, lombok, swagger, actuator, data-rest, undertow, liquibase"
186284368,gtiwari333/spring-boot-real-world-web-application-example,https://github.com/gtiwari333/spring-boot-real-world-web-application-example,flag:name:example,archunit; gatling; java; java-web; jms; keycloak; mapstruct; seed-project; selenide; selenium; skeleton-application; spock; spring; spring-boot; spring-mvc; spring-security; thymeleaf; webjars,Real World Spring Boot Web Application Example with tons of ready to use features
181314609,hantsy/spring-kotlin-coroutines-sample,https://github.com/hantsy/spring-kotlin-coroutines-sample,flag:name:sample,kotlin-coroutines; spring-boot; spring-data-mongodb-reactive; spring-data-neo4j; spring-data-r2dbc,Spring Kotlin Coroutines sample
183939336,kasramp/Spring-Data-ElasticSearch-Example,https://github.com/kasramp/Spring-Data-ElasticSearch-Example,flag:name:example,docker-compose; junit5; spring; spring-boot; spring-data; spring-data-elasticsearch; springboot3; springboot3-x; springframework; testcontainers,An example of Spring Data Elasticsearch with Spring Boot 3 and Elasticsearch version 8
181004147,hantsy/spring-webmvc-functional-sample,https://github.com/hantsy/spring-webmvc-functional-sample,flag:name:sample,functional-programming; kotlin; spring-boot; spring-mvc,Spring MVC functional sample
179557722,TechPrimers/spring-boot-lazy-init-example,https://github.com/TechPrimers/spring-boot-lazy-init-example,flag:name:example,lazy-initialization; spring-boot,Spring Boot 2.2+ Lazy Initialization Example
185972999,imyzt/learning-technology-code,https://github.com/imyzt/learning-technology-code,flag:name:learning,exception-handler; java; lua; maven; mybatis-plus; rabbitmq; spring-boot; spring-cloud; spring-data-jpa; spring-mvc; springbooot; validator,:seedling: :evergreen_tree: :deciduous_tree:   此项目是本人在平时日常技术学习、笔记、博客中代码的汇总，欢迎访问我的博客：http://blog.imyzt.top
186174722,sergiovlvitorino/springboot-jwt-demo,https://github.com/sergiovlvitorino/springboot-jwt-demo,flag:name:demo,ddd; domain-driven-design; example; hexagonal-architecture; java; jwt; spring-boot; spring-security; springframework,"This example shows a RESTFUL API using spring boot, spring security and Json Web Token(JWT)."
184039079,alirezakhtm/spring-cloud-demo,https://github.com/alirezakhtm/spring-cloud-demo,flag:name:demo; flag:description:how to,docker; microservice; spring; spring-boot; spring-cloud; spring-gateway; zuul,"This application is demo of spring cloud, and describe how to use eureka discovery sevices, global configuration and using circuite break pattern."
184439336,bmaupin/graylog-syslog-examples,https://github.com/bmaupin/graylog-syslog-examples,flag:name:example; flag:name:examples,bunyan; graylog; log4j; log4j2; pino; spring-boot; syslog; winston,Various documentation and example apps for sending logs to Graylog via syslog
183965678,pedrobealves/software-architecture-troubleshooting-standards,https://github.com/pedrobealves/software-architecture-troubleshooting-standards,flag:description:course,jpa; spring-boot,Spring Boot Application for development of the architectural structures for norms for Anticipation of face-to-face classes of UTFPR Technical and Professional Education Courses.
183778322,flinden68/my-events-demo-application,https://github.com/flinden68/my-events-demo-application,flag:name:demo,angula; demo-app; mongo; nodejs; python; react; spring-boot; vuejs,"This is a repository with demo's of several front end frameworks, like React, Angular and VueJS And also REST API's, like Spring Boot, NodeJS and Python"
184030658,1ujin/SpringBootDemo,https://github.com/1ujin/SpringBootDemo,flag:name:demo,java; spring-boot,
190170797,smltq/spring-boot-demo,https://github.com/smltq/spring-boot-demo,flag:name:demo,aop; bio; cloud-alibaba; cloud-gateway; data-redis; gateway; mybatis; mybatis-plus; netty; oauth2; quartz; redis; shiro; sign; spring; spring-boot; spring-boot-demo; spring-cloud; spring-mvc; spring-security,spring boot demo 是一个Spring Boot、Spring Cloud的项目示例，根据市场主流的后端技术，共集成了50+个demo，未来将持续更新。该项目包含helloworld(快速入门)、web(ssh项目快速搭建）、aop(切面编程)、data-redis(redis缓存)、quartz(集群任务实现)、shiro（权限管理）、oauth2（四种认证模式）、shign(接口参数防篡改重放）、encoder（用户密码设计）、actuator（服务监控）、cloud-config（配置中心）、cloud-gateway（服务网关）等模块
188917917,Nasruddin/spring-boot-based-microservices,https://github.com/Nasruddin/spring-boot-based-microservices,flag:description:course,authentication; authorization; docker; docker-compose; jwt-auth; jwt-token; keycloak; kubernetes; loki; microservices; microservices-application; microservices-architecture; observability; openid-connect; prometheus; spring-boot; spring-cloud; spring-security; tempo,"A modular, scalable Spring Boot microservices framework for managing courses and reviews. It features OAuth 2.0 authentication via Keycloak, API management with Spring Cloud Gateway, and observability using OTel, Grafana, Loki, Tempo, and Prometheus. MongoDB and PostgreSQL handle storage, with deployments via Docker Compose and Kubernetes."
193510708,jittagornp/spring-boot-reactive-example,https://github.com/jittagornp/spring-boot-reactive-example,flag:name:example,example; java; spring-boot; spring-boot-reactive; spring-boot-webflux; webflux,ตัวอย่างการเขียน Java Spring-boot Reactive (WebFlux)
193429820,mraible/jhipster6-demo,https://github.com/mraible/jhipster6-demo,flag:name:demo,angular; bootstrap4; heroku; jhipster; spring-boot,JHipster 6 Demo! 🎉
193740288,ntub46010/SpringBootTutorial,https://github.com/ntub46010/SpringBootTutorial,flag:name:tutorial,java; spring; spring-boot,Spring Boot 教學文章的範例程式
188012532,allurx/spring-security-demo,https://github.com/allurx/spring-security-demo,flag:name:demo,jwt; redis; spring-boot; spring-security; swagger-ui,spring security with json web token
188548356,praveen1664/Java-Learning,https://github.com/praveen1664/Java-Learning,flag:name:learning,beliefs; eclipse; java; jpa; spring-boot; spring-security,"want to learn java than go through this repo with Installing Eclipse, Maven & spring boot."
191053290,asidko/spring-tcp-messaging-example,https://github.com/asidko/spring-tcp-messaging-example,flag:name:example,java; messaging; spring-boot; spring-integration; tcp,Spring Boot messaging via TCP implementation
193891255,canyuva/spring-boot-example,https://github.com/canyuva/spring-boot-example,flag:name:example,dependency-injection; h2-database; java; spring; spring-boot; spring-core,A simple spring boot project about H2 in-memory db.
194600777,achunCoding/SpringBoot-Learning,https://github.com/achunCoding/SpringBoot-Learning,flag:name:learning,java-8; spring-boot; spring-boot-2,SpringBoot 2.X 学习
194396374,jmnpedrosa/spring-boot-restful-sample,https://github.com/jmnpedrosa/spring-boot-restful-sample,flag:name:sample,rest; restful; restful-api; spring; spring-boot; swagger-ui; swagger2,Example of a Spring Boot application that serves RESTful operations.
193884452,MDecker-MobileComputing/Java_RestApi_SpringBoot,https://github.com/MDecker-MobileComputing/Java_RestApi_SpringBoot,flag:description:how to,docker; rest-api; spring-boot,"Java application with ""Spring Boot"" that shows how to implement an REST-API."
189463038,kgromov/spring-examples,https://github.com/kgromov/spring-examples,flag:name:example; flag:name:examples,liquibase; multiple-datasource; profiles; spring-boot; spring-data-jpa; spring-web; thymeleaf,Spring boot sample project to get hands dirty in main features. Recipe is domain model
201371014,hantsy/rsocket-sample,https://github.com/hantsy/rsocket-sample,flag:name:sample,rsocket-java; spring; spring-boot,RSocket sandbox
197272602,ivangfr/springboot-vault-examples,https://github.com/ivangfr/springboot-vault-examples,flag:name:example; flag:name:examples,cassandra; consul; docker; java; mysql; spring-boot; spring-cloud-vault; spring-data-jpa; spring-vault; spring-web-mvc; springdoc-openapi; vault,"The goal of this project is to explore the capabilities of Vault. To achieve this, we will develop applications that utilize Vault to store and retrieve secrets. Vault dynamically generates credentials for accessing databases and relies on Consul as the backend. The authentication method employed in Vault is AppRole."
195465348,kasramp/spring-data-redis-example-kotlin,https://github.com/kasramp/spring-data-redis-example-kotlin,flag:name:example,kotlin; kotlin-language; redis; spring; spring-boot; spring-data,Spring Data Redis with Kotlin
200516104,ivangfr/spring-integration-examples,https://github.com/ivangfr/spring-integration-examples,flag:name:example; flag:name:examples,docker; enterprise-integration-patterns; java; mongodb; spring-boot; spring-data-mongodb; spring-integration; spring-integration-file; spring-shell; spring-web-mvc,"The goal of this project is to learn Spring Integration Framework For it, we will implement some Spring Boot applications and try to use the well known Enterprise Integration Patterns."
196836588,sotobotero/CodeHub,https://github.com/sotobotero/CodeHub,flag:description:tutorial; flag:description:course,angular; docker; javascript; jsf; quarkus; spring-boot,Multiples projects used on tutorials and training courses. This repository Contains teh base documentation about how contribute and licence referenced by other sotobotero`s repositories
198595794,ingogriebsch/sample-spring-jdbc-postgresql-lob-handling,https://github.com/ingogriebsch/sample-spring-jdbc-postgresql-lob-handling,flag:name:sample; flag:description:how to,example; java; postgres; postgresql; sample; spring; spring-boot; spring-jdbc,This sample shows you how to handle PostgreSQL lobs with Spring JDBC
201504883,shaunthomas999/junit5-samples,https://github.com/shaunthomas999/junit5-samples,flag:name:sample; flag:name:samples; flag:description:how to,junit-jupiter; junit5; mockito-junit-jupiter; parameterised-tests; spring-boot; swagger2,Sample project that shows how to use JUnit 5 in Java and Spring-boot applications
201490845,lisu188/spotify-web-api-demo,https://github.com/lisu188/spotify-web-api-demo,flag:name:demo,kotlin; lastfm; lastfm-api; spotify; spotify-api; spotify-web-api; spring-boot,generate yearly top tracks playlists from last.fm
202096623,maxmin93/high-level-client-example,https://github.com/maxmin93/high-level-client-example,flag:name:example,elasticsearch; spring-boot,Java High Level REST Client example for ES 7.x
202487142,mondari/it-learning,https://github.com/mondari/it-learning,flag:name:learning,mongodb; mysql; redis; spring-boot; spring-cloud,个人面试总结、阅读源码时的总结、以及一些学习笔记
196538860,710850609/code-demo,https://github.com/710850609/code-demo,flag:name:demo,java; pattern; qrcode; rpc; rsa; spring-boot; threadpoolexecutor,
201504433,derilius/spring-boot-demo,https://github.com/derilius/spring-boot-demo,flag:name:demo,java; java-8; spring-boot; spring-security-oauth2; swagger,Demo app in Java with Spring Boot
201657281,Ruthwik/SpringBoot-Nginx,https://github.com/Ruthwik/SpringBoot-Nginx,flag:description:how to,docker-compose; ngnix; spring-boot; springboot,This repo shows how to use the docker-compose to scale up the spring boot app and also loadbalancing the instances with ngnix.
197975701,DevPiotr/CodePolishing,https://github.com/DevPiotr/CodePolishing,flag:description:course,bootstrap; hibernate; java; mysql; spring; spring-boot,Interactive portal with courses about programming
199508225,kazmura11/multi-module-project-sample,https://github.com/kazmura11/multi-module-project-sample,flag:name:sample,docker; maven; mongodb; postgres; spring-boot,Spring Boot Maven Multi Module Project with MongoDB and PostgreSQL
195032767,wenzdaywww/study-demo,https://github.com/wenzdaywww/study-demo,flag:name:demo,dubbo; eureka; feign; hystrix; redis; spring; spring-boot; spring-cloud; zookeeper,微服务相关技术学习Demo
200430783,Paz1506/websocket-example,https://github.com/Paz1506/websocket-example,flag:name:example,examples; sandbox; spring; spring-boot; stomp; websocket,Simple messaging server with STOMP
198286600,ingogriebsch/sample-spring-data-jpa-postgresql-lob-handling,https://github.com/ingogriebsch/sample-spring-data-jpa-postgresql-lob-handling,flag:name:sample; flag:description:how to,example; java; postgres; postgresql; sample; spring; spring-boot; spring-data; spring-data-jpa,This sample shows you how to handle PostgreSQL lobs with Spring Data JPA
197867268,idontwannarock/demo-ampos-restaurant,https://github.com/idontwannarock/demo-ampos-restaurant,flag:name:demo,asciidoctor-to-html; docker-compose; dockerfile; java-8; maven; restful-api; spring-boot; spring-data-jpa; springfox-swagger-ui; springfox-swagger2; swagger2markup,AMPOS restaurant back-end demo project.
206383725,dailycodebuffer/Spring-MVC-Tutorials,https://github.com/dailycodebuffer/Spring-MVC-Tutorials,flag:name:tutorial; flag:description:tutorial,spring-boot; spring-mvc-tutorials,Spring-MVC-Tutorials
210148092,Azure-Samples/azure-spring-apps-samples,https://github.com/Azure-Samples/azure-spring-apps-samples,flag:name:sample; flag:name:samples,azure; java; microservices; spring; spring-boot; spring-cloud,Sample projects for Azure Spring Apps
206492994,ThingsWithPings/simple-crud-springboot-project,https://github.com/ThingsWithPings/simple-crud-springboot-project,flag:description:how to,crud-operation; database; java; mysql; spring-boot,This is a simple project that describe how to do CRUD operation in a springboot application
203426211,maryellenteaches/maryellenteaches.github.io,https://github.com/maryellenteaches/maryellenteaches.github.io,flag:description:course,dockerize; java; jpa; microservices; spring; spring-boot; spring-data; training; videos,"Video Course Guide By LinkedIn Learning Instructor, Mary Ellen Bowman"
207260757,jiniya22/demo-old,https://github.com/jiniya22/demo-old,flag:name:demo; flag:description:tutorial,maven; mysql; spring-boot; spring-security; swagger; thymeleaf,Spring Boot Tutorial (with Java8 + Spring Boot 2 + Spring Data JPA)
206965523,only2dhir/spring-boot-rabbitmq,https://github.com/only2dhir/spring-boot-rabbitmq,flag:description:how to,rabbitmq; rabbitmq-client; rabbitmq-consumer; spring-boot,"RabbitMQ is a widely used AMQP broker. In this article, we will learn how to integrate RabbitMQ with Spring Boot and develop a message producer and consumer example app with RabbitMQ and spring boot. We will be building a simple notification system and we will be testing the app with CommandLineRunner. The producer will publish the message to the direct exchange with routing key and the consumer consumes this message asynchronously."
210334739,zeeshanalamkhan/spring-boot-mongodb,https://github.com/zeeshanalamkhan/spring-boot-mongodb,flag:description:how to,custom-exceptions; data-jpa; logback; mongodb; rest-api; slf4j; spring-boot; swagger-ui; swagger2,How to intigrate spring boot with mongodb
211567047,kasramp/spring-multiple-datasources,https://github.com/kasramp/spring-multiple-datasources,flag:description:how to,hibernate-multitenant; jpa; jpa-hibernate; kotlin; kotlin-spring-boot; spring-boot; spring-boot-3; springboot3,Spring example written in Kotlin demonstrates how to use mutiple datasources with the ability of creating tables of the datasources
206947504,yanghun0070/demobook,https://github.com/yanghun0070/demobook,flag:name:demo,ddd; demo-book; jpa; spring-boot; spring-boot-security,demo book
207287675,sdwfqin/spring_boot_demo,https://github.com/sdwfqin/spring_boot_demo,flag:name:demo,mybatis; mysql; redis; restful-api; spring-boot,spring boot 学习例子
206964887,savitoh/reference-texts,https://github.com/savitoh/reference-texts,flag:description:tutorial,angular; backend; batch-processing; cloud-computing; docker; hibernate; java; javascript; jpa; kubernates; spring-batch; spring-boot; spring-data-jpa; typescript,Repository with links to articles and tutorials for study and/or reference in technology area.
205668223,dorianbg/spring-boot-booknetwork,https://github.com/dorianbg/spring-boot-booknetwork,flag:description:course,java; spring-boot; spring-mvc,"MSc coursework - Social network for book enthusiasts, Basic CRUD webapp built with Spring Boot 2.0 and MVC pattern (thymeleaf templates)"
209677699,bq-xiao/springboot-dubbo-demo,https://github.com/bq-xiao/springboot-dubbo-demo,flag:name:demo,dubbo; framework; rpc; spring-boot,
208115072,daviian/kafka-spring-live-demo,https://github.com/daviian/kafka-spring-live-demo,flag:name:demo,kafka; spring-boot,Apache Kafka Demo using Spring Boot
208570031,AppLoidx/OpenAM-Client-Example,https://github.com/AppLoidx/OpenAM-Client-Example,flag:name:example,openam; spring-boot; spring-security,Testing the OpenAM implementation on Spring Boot
206940533,pjqdyd/Spring-rabbitmq-demo,https://github.com/pjqdyd/Spring-rabbitmq-demo,flag:name:demo,message-queue; rabbitmq; spring-boot,RabbitMQ及SpringBoot + RabbitMQ整合实现消息队列
218797737,piomin/sample-spring-webflux,https://github.com/piomin/sample-spring-webflux,flag:name:sample,backpressure; netty; reactive-streams; reactor; spring-boot; spring-webflux; webclient,testing webclient reactive communication with spring boot reactive application built on top of spring webflux
221782554,alperkurtul/spring-boot-starter-firebase-realtime-database-demo,https://github.com/alperkurtul/spring-boot-starter-firebase-realtime-database-demo,flag:name:demo,firebase; firebase-authentication; firebase-realtime-database; firebase-user; spring-boot; springboot,Demo for spring-boot-starter-firebase-realtime-database and spring-boot-starter-firebase-user-authentication
212328680,hellosatish/authentication-demos,https://github.com/hellosatish/authentication-demos,flag:name:demo,authentication-demos; demo-codes; jwt; jwt-authentication; rbac; spring-boot; spring-security,Repository contains demo codes for different methods of authentication and authorization mechanisms. 
212941400,thoainguyen/grpc-kafka-spring-demo,https://github.com/thoainguyen/grpc-kafka-spring-demo,flag:name:demo,grpc-java; kafka; spring-boot,"Simple spring boot application using Kafka, gRPC"
220057956,amycardoso/rest-with-spring-boot-udemy,https://github.com/amycardoso/rest-with-spring-boot-udemy,flag:description:course,docker; restful-api; spring-boot,This repository contains source code developed in the course: RESTFul API's 0 to Cloud with SpringBoot 2.X and Docker
221979403,mvallim/spring-camel-kafka-schema-registry,https://github.com/mvallim/spring-camel-kafka-schema-registry,flag:description:how to,camel; kafka; schema-registry; spring-boot,How to integrate Spring-Boot + Camel + Kafka + Schema Registry
213421661,Al-assad/spring-phoenix-jdbc-sample,https://github.com/Al-assad/spring-phoenix-jdbc-sample,flag:name:sample,jdbc; jdbctemplate; phoenix; spring; spring-boot,Apache Phoenix5.0 通过 JdbcTemplate 的方式集成到 Spring-Boot 的示例代码
218934749,ToQuery/example-spring-cloud-kubernetes,https://github.com/ToQuery/example-spring-cloud-kubernetes,flag:name:example,kubernetes; spring; spring-boot; spring-cloud; spring-cloud-kubernetes,实践出真知，带你快速使用k8s与Spring Cloud
219377134,dskora/camunda-intake-application-example,https://github.com/dskora/camunda-intake-application-example,flag:name:example,axon; bpmn; camunda; cqrs; spring-boot,Using Camunda BPM Orchestrator for intake applications
212292061,h-dj/Spring-Learning,https://github.com/h-dj/Spring-Learning,flag:name:learning,spring; spring-boot,
213313050,marcusvieira88/spring-boot-api,https://github.com/marcusvieira88/spring-boot-api,flag:description:tutorial,api; cache; hateos; integration-tests; java; spring-boot; unit-tests; validation,"This is a Spring Boot project, it is used as example in my blog (https://marcusvieira.tech) tutorials."
215190665,creepyCaller/spring-boot-learning,https://github.com/creepyCaller/spring-boot-learning,flag:name:learning,spring-boot,学习Spring Boot，使用Undertow、BootStrap + Thymeleaf、Druid、JPA/hibernate、Lombok、RESTful API、JSON响应示例（使用ResponseEntity<T>实现）、Filter示例、Interceptor示例、Vue.js + Ajax异步加载页面示例
217087281,jiakunxu/demo-api,https://github.com/jiakunxu/demo-api,flag:name:demo,alipay-easysdk; aliyun; bytedance; dingtalk; druid; dubbo; fastjson2; getui; httpclient5; mybatis; poi; redis; rocketmq; spring-boot; websocket; wechatpay-apiv3; weixin,接口
220268696,EnduranceCode/spring5-begginer-guru,https://github.com/EnduranceCode/spring5-begginer-guru,flag:description:course,java; spring-boot; spring-data; spring-data-jpa; spring-mvc; springframework,"Code written following the course ""Spring Framework 5 - Beginner to Guru"" created by John Thompson"
215123376,jahid230/demoTestJPA-Rest,https://github.com/jahid230/demoTestJPA-Rest,flag:name:demo,restful-webservices; spring-boot,"spring-boot project for managing user signup and modification using restful service,JPA and H2 inmemory database"
217504095,chetankamadinni/swagger-demo,https://github.com/chetankamadinni/swagger-demo,flag:name:demo,spring-boot; swagger-ui; swagger2,Demo of swagger functionalities
213239728,irfanundevli/springfox-swagger-demo,https://github.com/irfanundevli/springfox-swagger-demo,flag:name:demo,maven; rest-api; spring-boot; spring-security; springfox-bean-validators; springfox-swagger-ui; springfox-swagger2,Spring Boot 2 RESTful API Documentation With SpringFox Swagger 2 Demo App
222052559,chalo2812/gis_example,https://github.com/chalo2812/gis_example,flag:name:example,nodejs; npm; spring-boot,
213796775,markvivv/examples,https://github.com/markvivv/examples,flag:name:example; flag:name:examples,apache-poi; log4j2; spring-activemq; spring-boot; spring-mail; spring-mybatis3-mysql; spring-validation,Spring框架使用示例及工具类案例
216110825,emmanuelneri-blog/spring-boot-crud-sample,https://github.com/emmanuelneri-blog/spring-boot-crud-sample,flag:name:sample,rest-api; spring-boot; spring-data-jpa,Exemplo de CRUD utilizando Spring Boot
227374023,laolunsi/spring-boot-examples,https://github.com/laolunsi/spring-boot-examples,flag:name:example; flag:name:examples,alibaba-cloud; blog; elasticsearch; gateway; java; mail; nacos; rabbitmq; redis; spring; spring-boot; spring-cloud; spring-cloud-alibaba; spring-cloud-gateway,:green_salad:​ Spring/SpringBoot/SpringCloud 实践学习案例，从入门到精通，持续更新中，欢迎交流学习:beer: ！ 
222902155,linux-china/spring-cloud-function-demo,https://github.com/linux-china/spring-cloud-function-demo,flag:name:demo,r2dbc; rsocket; spring-boot; spring-cloud-function,Spring cloud function with RSocket
222881885,ChristianAA/selenium-springboot-example,https://github.com/ChristianAA/selenium-springboot-example,flag:name:example,selenium; spring-boot,UI testing project example with Cucumber + Selenium (Page Factory) + Spring Boot
226231952,buerbl/learnSpringboot,https://github.com/buerbl/learnSpringboot,flag:description:how to,java; spring; spring-boot,how to learn springboot？来learnSpringboot，文章从细节出发手把手教学. 各种Springboot集成实战.
230630973,aerospike/spring-data-aerospike-demo,https://github.com/aerospike/spring-data-aerospike-demo,flag:name:demo,aerospike; spring-boot; spring-data-aerospike,Demonstration of spring-data-aerospike setup and usage in Spring Boot applications.
227662332,AndriyKalashnykov/spring-boot-rest-example,https://github.com/AndriyKalashnykov/spring-boot-rest-example,flag:name:example,kubernetes; microservice; minikube; rest-api; sdkman; spring-boot; swagger,Spring Boot REST microservice
227783524,ch4dwick/spring-cloud-gateway-demo,https://github.com/ch4dwick/spring-cloud-gateway-demo,flag:name:demo,java; spring-boot; spring-boot-3; spring-cloud,Demo of using Spring Cloud Gateway with Service Registry and Load Balancing
230623041,HillmerCh/java-on-k8s,https://github.com/HillmerCh/java-on-k8s,flag:description:how to,docker; eclipse-collections; java; kubernetes; primefaces; spring-boot,"This repository shows how to use Docker and Kubernetes with Java Applications.It has two modules: a simple RESTFul Service and a Web Client. It uses Maven and Java Technologies such as SpringBoot, JAX-RS, CDI, JPA, PrimeFaces and Bean Validation."
227089010,adreeana/spring-batch-samples,https://github.com/adreeana/spring-batch-samples,flag:name:sample; flag:name:samples,spring-batch; spring-boot,
225901384,GulDilin/itmo-web-programming-lab4-Spring,https://github.com/GulDilin/itmo-web-programming-lab4-Spring,flag:description:course,spring-boot; spring-data-jpa; spring-mvc,Laboratory work 2 of Web Programming (Spring Framework). Software Engineering Course ITMO 2-year 
229738218,cp-ugorji/springboot-mongodb-sample-crud,https://github.com/cp-ugorji/springboot-mongodb-sample-crud,flag:name:sample,java; json; lombok; maven; mongodb; spring-boot; swagger; swagger-ui; webapi,Sample Rest API with Mongo DB
230789199,marccollin/thymeleaf,https://github.com/marccollin/thymeleaf,flag:description:tutorial,java; spring-boot; thymeleaf,Thymeleaf ajax form tutorial
226756922,ToQuery/example-spring-cloud-gateway,https://github.com/ToQuery/example-spring-cloud-gateway,flag:name:example,demo; example; gateway; simple; spring; spring-boot; spring-cloud; spring-cloud-gateway,
223987446,olezhik/spring-boot-security-redis-example,https://github.com/olezhik/spring-boot-security-redis-example,flag:name:example,java; redis; spring-boot; spring-security,"An example project with Spring Boot, Spring Security and Redis."
229658824,donnatto/spring-hibernate-java,https://github.com/donnatto/spring-hibernate-java,flag:description:course,hibernate; java; postgresql; spring; spring-boot; swagger-ui; swagger2,repository for the Spring and Hibernate Java course in Platzi
227567788,ToQuery/example-spring-security,https://github.com/ToQuery/example-spring-security,flag:name:example,example; simple; spring; spring-boot; spring-security; spring-security-jwt; spring-security-oauth2,实践出真知，带你快速使用 Spring Security
222786094,NotEmptyNotAll/DemoShop,https://github.com/NotEmptyNotAll/DemoShop,flag:name:demo,aws; css; gcp; hibernate; htm; javascript; jparepository; jquery; materialize; maven; postgresql; spring-boot; spring-mvc; spring-security; spring-web; thymeleaf; tomcat,A site created for the sale of various product. 
224454871,Ahmadreza-SY/jalas,https://github.com/Ahmadreza-SY/jalas,flag:description:course,kotlin; spring-boot,The backend of our SE coursework project written in Kotlin using Spring Boot
223716635,farzan6118/spring-redis-project-samples,https://github.com/farzan6118/spring-redis-project-samples,flag:name:sample; flag:name:samples,cache; crud; modular; redis; spring-boot,spring boot crud with redis
238404616,apache/camel-examples,https://github.com/apache/camel-examples,flag:name:example; flag:name:examples,camel; cloud-native; data-transformation; enterprise-integration-patterns; examples; integration; integration-framework; java; kafka; mcp; microservices; quarkus; rest-api; spring-boot; yaml,Apache Camel Examples
231407406,nikos912000/grpcdemo,https://github.com/nikos912000/grpcdemo,flag:name:demo,grpc; java; maven; spring-boot,Demo application for a Spring Boot service which exposes a gRPC endpoint. Built using Maven.
233064525,piomin/sample-java-kubemq,https://github.com/piomin/sample-java-kubemq,flag:name:sample,kubemq; kubernetes; spring-boot,Demo of Java app with Spring Boot integrating with KubeMQ on Kubernetes
233878991,ahsumon85/spring-security-thymeleaf-jpa-mysql,https://github.com/ahsumon85/spring-security-thymeleaf-jpa-mysql,flag:description:how to,jpa-hibernate; mysql; spring-boot; spring-boot-security; thymeleaf,"In this article, we will see how to secure a spring-boot-2.0 MVC pattern application using spring basic security. a user can registration with user name & password as a role base and user can update password. after user login a can view module by role wise. it's has two role admin and user."
232411155,jesperancinha/concert-demos-root,https://github.com/jesperancinha/concert-demos-root,flag:name:demo,kotlin; r2dbc; reactive-programming; spring; spring-boot; spring-data-jpa; spring-mvc; spring-reactive; spring-web; webflux,This project is built in order to compare and illustrate differences between MVC and Reactive Web design patterns.
233187849,y0ngb1n/spring-cloud-samples,https://github.com/y0ngb1n/spring-cloud-samples,flag:name:sample; flag:name:samples,cloud-native; kubernetes; microservice; spring-boot; spring-cloud,🛫 微服务和云原生架构示例项目，基于 Spring Boot 和 Kubernetes 技术栈
235699387,mukhtiarahmed/rest-example,https://github.com/mukhtiarahmed/rest-example,flag:name:example,docker; jpa; jwt; spring-boot,"Spring Boot, JPA, Postgresql, Docker,  REST API Example"
232864321,toniferr/pet-clinic,https://github.com/toniferr/pet-clinic,flag:description:course,h2-database; mysql; spring; spring-boot,"Monolith springBoot application with Thymeleaf using Maven and database (h2 & MySQL) for udemy course ""Spring Framework 5: Beginner to Guru"""
231372564,Estafet-LTD/blockchain-demo-console-ui,https://github.com/Estafet-LTD/blockchain-demo-console-ui,flag:name:demo,boostcd; couchbase; jaeger; kafka; microservices; openshift; opentracing; spring-boot,
237421419,ShankarGanapathy/ReactJs-SpringBoot-maven-Integration,https://github.com/ShankarGanapathy/ReactJs-SpringBoot-maven-Integration,flag:description:tutorial,java; maven; reactjs; spring-boot; spring-data-jpa,Integration tutorial for Spring( maven) and React JS
235512925,sdrahnea/statistical-samples,https://github.com/sdrahnea/statistical-samples,flag:name:sample; flag:name:samples,hibernate; java; jpa; primefaces; spring; spring-boot; sql,application which contains chart samples 
231236268,RolandSall/Microservices-Movie-Example,https://github.com/RolandSall/Microservices-Movie-Example,flag:name:example,circuit-breaker; hystrix-dashboard; microservice; spring-boot; spring-cloud,"This project is a quick demo that applies the concept of microservices, in order to get familiar with the basics before starting to apply on much more complicated projects"
233477333,MikeSabillon/spring-swagger-example,https://github.com/MikeSabillon/spring-swagger-example,flag:name:example,java11-spring-boot; mvc; spring-boot; swagger; swagger-ui; swagger2,[WIP] Example documentation project to showcase spring and swagger.
232323296,alexromanov/boot-testing-examples,https://github.com/alexromanov/boot-testing-examples,flag:name:example; flag:name:examples,spring-boot; testing,Currency converter / formatter project for use case of Spring Boot testing 
234062148,toniferr/recipe,https://github.com/toniferr/recipe,flag:description:course,maven; msyql; spring; spring-boot; thymeleaf,"Monolith Spring Boot Application of Recipe Project for udemy course ""Spring Framework 5: Beginner to Guru"""
235776628,mohammadadil-dev/spring-mvc-demo,https://github.com/mohammadadil-dev/spring-mvc-demo,flag:name:demo,restapi; spring; spring-boot; spring-mvc,
234993216,duttydev/sample-spring-boot-rest-api,https://github.com/duttydev/sample-spring-boot-rest-api,flag:name:sample,mongodb; rest-api; spring-boot; spring-data-mongodb; spring-mvc,
248722958,jonashackt/spring-boot-graalvm,https://github.com/jonashackt/spring-boot-graalvm,flag:description:how to,docker; github-actions; graalvm; graalvm-native-image; heroku; heroku-container-registry; heroku-docker; java; native-image; native-image-maven-plugin; spring-boot; spring-graal; substratevm; travis; travis-ci,This example project shows how to compile a Webflux based Spring Boot application into a Native App using GraalVM Native Image locally & on GitHub Actions with & without Docker
247844335,Throyer/springboot-api-rest-example,https://github.com/Throyer/springboot-api-rest-example,flag:name:example,crud; docker-compose; java; java-refresh-token; java17; jwt; jwt-token; postgres; postgresql; refresh-token; spring-boot; spring-crud; spring-data-jpa; spring-docker; spring-security; springsecurity; swagger; swagger-ui; tests; thymeleaf,"Spring Boot API RESTful with tests, swagger e JWT 🚀"
243525381,javaslin/admindemo,https://github.com/javaslin/admindemo,flag:name:demo,mybatis; mysql; spring-boot; springboot; swagger,SSM+layui+Echarts 医药管理系统
249190301,idugalic/axon-statemachine-demo,https://github.com/idugalic/axon-statemachine-demo,flag:name:demo,axonframework; ddd; fsm; oop; spring-boot,Axon Finite State Machine Demo
250379107,oktadev/okta-spring-logout-example,https://github.com/oktadev/okta-spring-logout-example,flag:name:example,java; logout; oauth2; oidc; spring-boot; spring-security,An example Spring Boot application that is used to demonstrate the various logout options with Spring Security and OIDC.
242372381,gosocial2/goSpringMvcThymeleafSample,https://github.com/gosocial2/goSpringMvcThymeleafSample,flag:name:sample,adminlte; bootstrap4; database-er-diagram; java; javaweb; mysql-database; spring-boot; spring-data-jpa; spring-mvc; thymeleaf,"A Sample Spring MVC CRUD Application with Spring Data JPA and front-end UI-layer based on Thymeleaf, HTML5, CSS3 and Bootstrap4-based AdminLTE v3 template"
243454564,forketyfork/xa-camel-demo,https://github.com/forketyfork/xa-camel-demo,flag:name:demo,camel; java; maven; spring-boot; xa-transactions,Demo Spring Boot Camel application with XA transactions
240921675,meken/kafka-spring-app-service,https://github.com/meken/kafka-spring-app-service,flag:description:how to,azure; azure-app-service; azure-event-hub; java; kafka; spring-boot,Sample project to demo how to deploy an Event Hub with Kafka endpoints and accessing it through a Spring Boot app on Azure App Service
245422954,Habib-87/spring-boot-azure-cosmos,https://github.com/Habib-87/spring-boot-azure-cosmos,flag:description:how to,cosmos-db; mongodb; spring-boot,The repo is about how to connect Azure Cosmos DB in the Azure cloud using Mongo DB API.
244818928,scryed0204/activiti-integrate-demo,https://github.com/scryed0204/activiti-integrate-demo,flag:name:demo,activiti; java; spring-boot,An example for integrating Activiti Modeler with Spring Boot project
250886596,soumik-dutta/grpcdemo,https://github.com/soumik-dutta/grpcdemo,flag:name:demo,docker; grpc-java; kubernetes; spring; spring-boot,This application demonstrates the gRPC communication
244752428,zhoozhoo/spring-cloud-examples,https://github.com/zhoozhoo/spring-cloud-examples,flag:name:example; flag:name:examples,docker; docker-compose; dockerfile; keycloak; oauth2; spring-boot; spring-cloud; spring-cloud-circuitbreaker; spring-cloud-config; spring-cloud-eureka; spring-cloud-gateway; spring-cloud-loadbalancer; spring-cloud-sleuth; spring-security; webflux; zip,An example of Spring Cloud microservices in Docker
251325459,mcalegaro/spring-boot-rest-example1,https://github.com/mcalegaro/spring-boot-rest-example1,flag:name:example,junit5; lombok; maven; rest-api; spring-boot; swagger-ui,Simple Rest Api
241987443,MatLock/championship,https://github.com/MatLock/championship,flag:description:how to,aop-aspects; docker; docker-compose; h2-database; java-8; mysql; mysql-database; spring-boot; swagger-ui; travis-ci,small project to show how to build a java spring boot project with docker and travis
250818329,j-perry/spring-boot-sample-mvc-app,https://github.com/j-perry/spring-boot-sample-mvc-app,flag:name:sample,java; java-11; spring-boot; spring-boot-2; spring-mvc-application,"A basic Spring Boot 2 MVC application that provides developers the basis to create standalone web applications written in JavaScript, HTML5, CSS, etc. This is not a RESTful Spring Boot based project, you can modify it to do so; there is however one available in my repository. This is a project I will be using in an upcoming pet project."
251564492,StutiBansal21/TechnicalBlog,https://github.com/StutiBansal21/TechnicalBlog,flag:description:how to,java; postgresql; spring-boot,basic project of java using spring boot and  postgress to show how to connect both
244735692,shayandaneshvar/learning-spring-cloud,https://github.com/shayandaneshvar/learning-spring-cloud,flag:name:learning,circuit-breaker; ddd-architecture; eureka-client; eureka-server; eureka-service-discovery; feign; hystrix; hystrix-dashboard; microservices-architecture; spring-boot; spring-cloud; spring-data-jpa; swagger-ui; swagger2,
244212248,akadir/spring-demo,https://github.com/akadir/spring-demo,flag:name:demo,mapstruct; mdc; spring-aop; spring-aop-in; spring-boot; swagger-documentation,An example Spring Boot project
252287954,Karaya-12/MyBatisSpringBootDemo,https://github.com/Karaya-12/MyBatisSpringBootDemo,flag:name:demo,demo; mybatis-springboot; spring-boot; swagger-ui; swagger2,MyBatis with Spring Boot Demo
242006397,rubytomato/demo-java13-spring2-h2,https://github.com/rubytomato/demo-java13-spring2-h2,flag:name:demo,h2-database; maven; spring-boot,
245912548,techjennyfinch/CaseStudy,https://github.com/techjennyfinch/CaseStudy,flag:description:course,css; html; java; jpa; maven; spring; spring-boot; spring-security; sql,"Full Stack Project using Java, Spring, and SQL which manages inventory based on specific organizational needs. Created as final case study for Per Scholas Java Application Developer Course."
254814986,ttulka/ddd-example-ecommerce,https://github.com/ttulka/ddd-example-ecommerce,flag:name:example,architecture; ddd; design; domain-driven-design; event-driven; example; hexagonal-architecture; high-cohesion; java; low-coupling; modular-monolith; ood; oop; rich-domain-model; screaming-architecture; service-oriented-architecture; services; soa; spring; spring-boot,Domain-driven design example in Java with Spring framework
257534718,vaadin/vaadin-rest-example,https://github.com/vaadin/vaadin-rest-example,flag:name:example,example; rest; spring-boot; vaadin,Example of using REST services in a Vaadin application
252781388,redhat-developer/redhat-datagrid-tutorials,https://github.com/redhat-developer/redhat-datagrid-tutorials,flag:name:tutorial; flag:description:tutorial,caching; datagrid; distributed-systems; jcache; key-value-store; spring-boot,Red Hat Datagrid simple tutorials
254129130,curityio/spring-boot-openid-client-mtls,https://github.com/curityio/spring-boot-openid-client-mtls,flag:description:how to,code-example; financial-grade; mutual-tls; oauth2; openid-connect; spring-boot; website,An example on how to create an OpenID client with Spring Security that uses mutual TLS client authentication to retrieve the token.
256197002,uuhnaut69/spring-boot-cdc-alibaba-canal-example,https://github.com/uuhnaut69/spring-boot-cdc-alibaba-canal-example,flag:name:example,alibaba-canal; cdc; elasticsearch; mysql; spring-boot,An example for practice CDC from MySQL to Elasticsearch using Alibaba Canal
256270897,toniferr/spring-boot-jwt,https://github.com/toniferr/spring-boot-jwt,flag:description:course,jwt; spring-boot; web-token,"A springboot application using JSON Web Token for udemy course ""Spring Framework 5: Creando webapp de cero a experto (2020)"""
258624248,mayararysia/conference-demo,https://github.com/mayararysia/conference-demo,flag:name:demo,java; rest-api; restful-api; spring-boot; spring-framework; starter, REST API with Spring Boot 🍃
256439276,proteomicsunitcrg/qsample-server,https://github.com/proteomicsunitcrg/qsample-server,flag:name:sample,angularjs; computational-proteomics; full-stack-application; mass-spectrometry; quality-control; spring-boot," Full-stack system for the QSample project, including both backend (Spring Boot) and frontend (QSample Client, AngularJS). Manages API requests, database interactions, and deployment via Docker Compose. "
252416925,dekmm/speedment-spring-app-example,https://github.com/dekmm/speedment-spring-app-example,flag:name:example,database; example; java; orm; speedment; spring; spring-boot,An example project containing a Speedment application with Spring Boot support
253652181,dcagnetta/learning-java,https://github.com/dcagnetta/learning-java,flag:name:learning,java; spring-boot; websockets,Learning Java
257364853,ankitech/spring-swagger-setup,https://github.com/ankitech/spring-swagger-setup,flag:description:how to,lombok-maven; openapi-specification; openapi3; spring-boot; swagger; swagger-ui; swagger2,This is an repository that shows how to set up swagger documentation in a spring project
256350704,Favilela/Spring-boot-mvc-demo,https://github.com/Favilela/Spring-boot-mvc-demo,flag:name:demo,java; spring-boot; spring-mvc,
255291984,P1100/Virtual-Labs,https://github.com/P1100/Virtual-Labs,flag:description:course,angular; html-css-javascript; java; jpa-hibernate; spring; spring-boot; spring-security-jwt; typescript,Final project for Internet Applications course
253402458,xinghua24/BookmarkDemo,https://github.com/xinghua24/BookmarkDemo,flag:name:demo,material-design; reactjs; redux; spring-boot,A very simple bookmark application demo
257669611,ankitech/spring-docker-setup,https://github.com/ankitech/spring-docker-setup,flag:description:how to,dcoker; docker-compose; fabric8-maven-plugin; maven-plugin; spring; spring-boot,This is an repository that shows how to set up automated docker images from a spring project
256276765,TofazzalTopu/spring-security-database-authentication-thymeleaf-example,https://github.com/TofazzalTopu/spring-security-database-authentication-thymeleaf-example,flag:name:example,itextpdf; jasperreports; oracle; spring-boot; spring-data-jpa; spring-mvc; spring-security; thymeleaf,"Spring Boot Database authentication with MySQL, Thymeleaf"
252380173,pikachukaka/cmsdemo,https://github.com/pikachukaka/cmsdemo,flag:name:demo,java; mybatis; spring-boot,
263834466,apache/camel-spring-boot-examples,https://github.com/apache/camel-spring-boot-examples,flag:name:example; flag:name:examples,camel; cloud-native; data-transformation; enterprise-integration-patterns; examples; integration; integration-framework; java; kafka; mcp; microservices; rest-api; spring-boot; yaml,Apache Camel Spring Boot Examples
259640970,vaadin/vaadin-oauth-example,https://github.com/vaadin/vaadin-oauth-example,flag:name:example,example; google-login; oauth2; spring-boot; vaadin,OAuth 2 and Google Sign-in for Vaadin
262824605,rewolf/blog-hmac-auth-webclient,https://github.com/rewolf/blog-hmac-auth-webclient,flag:description:how to,example; gist; hmac-authentication; signing; spring-boot; spring-webclient; spring-webflux; webclient,Example of how to do HMAC-based Auth with Spring's WebClient
264710860,mfvanek/spring-boot-open-telemetry-demo,https://github.com/mfvanek/spring-boot-open-telemetry-demo,flag:name:demo,docker; gradle; gradle-8; hacktoberfest; java; java-21; kafka; kotlin-dsl; open-telemetry; spring; spring-boot; spring-boot-3,Spring Boot Open Telemetry Demo
259527569,itqpleyva/spring-file-upload,https://github.com/itqpleyva/spring-file-upload,flag:description:how to,bootstrap; multipart-uploads; spring-boot; thymeleaf-template-engine,Example of how to upload files into a server using Spring Boot
260713451,vinayakmp007/simple-java-database-elastic-springboot,https://github.com/vinayakmp007/simple-java-database-elastic-springboot,flag:description:how to,docker; docker-compose; elasticsearch; elasticsearch-high-level-client; java; jpa; mysql-database; spring-boot,This is a small example of using SQL database along with ElasticSearch.So SQL database can be used to store relations and other information while ElasticSearch can be used for searching data effectively.This project shows how to synchronize data in database to ElasticSearch in near realtime.
262103965,Rohithv07/Java-Learning,https://github.com/Rohithv07/Java-Learning,flag:name:learning,bootstrap; css; design-patterns; html; java; jdbc; js; junit; restful-api; spring; spring-boot; spring-jpa,This all are the activities and handson during my Learning
258912600,zhouhao/spring-boot-jwt-example,https://github.com/zhouhao/spring-boot-jwt-example,flag:name:example,database; flywaydb; jwt; spring-boot; spring-security,Example spring boot project for spring security with jwt integration.
268003811,hantsy/spring-reactive-jwt-sample,https://github.com/hantsy/spring-reactive-jwt-sample,flag:name:sample,jwt; spring; spring-boot; spring-data-mongodb-reactive; spring-security; spring-webflux,Secures REST APIs with Spring Security and JWT Token-based Authentication powered by Spring Reactive stack
265881116,digitalsonic/learning-spring-samples,https://github.com/digitalsonic/learning-spring-samples,flag:name:sample; flag:name:samples; flag:name:learning,java; spring-boot; spring-cloud; spring-framework,《学透Spring: 从入门到项目实战》代码示例
267096348,alexmarqs/springboot-multimodule-example,https://github.com/alexmarqs/springboot-multimodule-example,flag:name:example,docker; multi-module-project; spring-boot,📂 Spring Boot multi-module application example
270582509,piomin/sample-springboot-dekorate-istio,https://github.com/piomin/sample-springboot-dekorate-istio,flag:name:sample,dekorate; istio; kubernetes; spring-boot,Demo illustrating Spring Boot deployment on Kubernetes with automatic manifests generation with Dekorate 
270569289,unnivm/kafka-demo-kotlin,https://github.com/unnivm/kafka-demo-kotlin,flag:name:demo,gradle; kafka; kafka-producer; kotlin; spring; spring-boot,A very simple producer consumer example using Kafka and Kotlin and Spring Boot
269670960,Cepr0/sb-oauth2-mfa-demo,https://github.com/Cepr0/sb-oauth2-mfa-demo,flag:name:demo,mfa; oauth2; otp; spring-boot; two-factor-authentication,Spring Boot application with OAuth2 and multi-factor authentication
267200481,bearBoy80/spring-boot-demo,https://github.com/bearBoy80/spring-boot-demo,flag:name:demo,docker; java; jwt; oauth2; redis; spring; spring-boot; spring-boot-actuator; spring-boot2x; spring-security,springboot 整合各种组件demo，目前已经整合form表单认证、httpBasic 认证、手机验证认证，redis、spring task，后期会整合更多认证方式
268071342,dilaverdemirel/spring-cloud-stream-outbox-extension-example,https://github.com/dilaverdemirel/spring-cloud-stream-outbox-extension-example,flag:name:example,spring-boot; spring-cloud-stream,It shows spring-cloud-stream-outbox-extension how is work.
266872913,Svitlana-Berezhna/registration-form,https://github.com/Svitlana-Berezhna/registration-form,flag:description:course,java; lombok; spring-boot; spring-framework,Registration Form (Homework № 8 of the Java Software Development Course).
273463463,piomin/sample-spring-microservices-transactions,https://github.com/piomin/sample-spring-microservices-transactions,flag:name:sample,distributed-transactions; microservices; postgresql; spring-boot; spring-data; spring-data-jpa; transactional,Spring Boot Demo with microservices that performs distributed transactions
272407759,piomin/sample-spring-boot-on-kubernetes,https://github.com/piomin/sample-spring-boot-on-kubernetes,flag:name:sample,kubernetes; maven; mongo; mongodb; okteto; okteto-cloud; spring-boot; spring-data; spring-data-mongodb; spring-devtools,Spring Boot on Kubernetes Demo Project
275105507,anthunt/spring-boot-aws-xray-sample,https://github.com/anthunt/spring-boot-aws-xray-sample,flag:name:sample,aws-xray; demo; feign-client; hikaricp; java; jdbc; mybatis; sample; spring-boot,AWS XRay tracing helper configuration and Demo for spring boot with java.
271513261,zhuyizhuo/spring-boot-samples,https://github.com/zhuyizhuo/spring-boot-samples,flag:name:sample; flag:name:samples,spring-boot,"Spring Boot 示例工程, Spring Boot 3.x 版本连载中！！！"
271999817,bonggalshn/spring-demo,https://github.com/bonggalshn/spring-demo,flag:name:demo,java; javaspringboot; rest-api; spring-boot,Simple Rest API using java spring boot
272486206,dieterOltean/online-shop,https://github.com/dieterOltean/online-shop,flag:description:bootcamp,hibernate-relationships; java; mysql; oop; spring-boot,Back-end for the Online-shop app. Build for the final exam at the Java Bootcamp.
274561686,CUBETIQ/backend-sample-config-client,https://github.com/CUBETIQ/backend-sample-config-client,flag:name:sample,java; spring-boot,Backend Sample Config Client
272204065,imflamboyant/spring-boot-docker-example,https://github.com/imflamboyant/spring-boot-docker-example,flag:name:example,docker-compose; maven; postgresql; rest; spring-boot,
274147567,CUBETIQ/backend-demo-training,https://github.com/CUBETIQ/backend-demo-training,flag:name:demo,java; kotlin; spring; spring-boot,CUBETIQ Spring Backend Training
274652221,wmmxsd/spring-boot-elasticsearch-demo,https://github.com/wmmxsd/spring-boot-elasticsearch-demo,flag:name:demo,elasticsearch; rest-high-level-client; spring-boot,spring-boot-elasticsearch-demo
282109630,RameshMF/ReactJS-Spring-Boot-CRUD-Full-Stack-App,https://github.com/RameshMF/ReactJS-Spring-Boot-CRUD-Full-Stack-App,flag:description:how to,axios; hibernate; mysql; reactjs; spring-boot,Learn how to develop a full-stack CRUD application using React as frontend and spring boot as backend.
283997116,piomin/sample-spring-boot-graphql,https://github.com/piomin/sample-spring-boot-graphql,flag:name:sample,graphiql; graphql; h2; hibernate; jpa; netflix-dgs; netflix-oss; spring-boot; spring-data-jpa; spring-graphql,Demo application illustrating advanced usage of GraphQL with Spring Boot like filtering or relationship fetching
287572223,fraktalio/courier-demo,https://github.com/fraktalio/courier-demo,flag:name:demo,axon-framework; cqrs; ddd; demo-app; event-sourcing; eventmodeling; java; microservices; spring-boot,"Axon demo - `Courier Management` Information System - A part of the systems landscape: https://github.com/fraktalio/courier-demo, https://github.com/fraktalio/restaurant-demo, https://github.com/fraktalio/order-demo"
287337520,okta-samples/okta-spring-boot-sample,https://github.com/okta-samples/okta-spring-boot-sample,flag:name:sample,oidc; okta-cli; okta-spring-boot; spring-boot; spring-security,Spring Boot + Okta
286183869,gunkim/spring-security-jwt-sample,https://github.com/gunkim/spring-security-jwt-sample,flag:name:sample,jwt; spring-boot; spring-security,"Java 25, Spring Boot 4, Spring Security Jwt Sample"
282697375,j-barata/marketbasket-sbp-sample,https://github.com/j-barata/marketbasket-sbp-sample,flag:name:sample,pf4j; plugins; sbp; spring-boot,A dummy project to test the SBP library.
281740165,wpanas/testcontainers-examples,https://github.com/wpanas/testcontainers-examples,flag:name:example; flag:name:examples; flag:description:how to,docker; hacktoberfest; junit; kotlin; samples; spring-boot; test-automation; testcontainers,"Bunch of sample projects that showcase how to use Testcontainers with Spring Boot, JUnit 5, Kotest together with PostgreSQL or Kafka. Finally, this repo shows not only how to test with Testcontainers, but also how to run your application locally"
277105460,paipai-pai/Demo-face,https://github.com/paipai-pai/Demo-face,flag:name:demo,ai; java; python; spring-boot,python实习项目，主要是基于人脸识别与人脸深度融合开发的一些小功能，例如人脸注册登录，AI换脸等等，希望能为你提供帮助
287094984,cicsdev/cics-java-liberty-springboot-transactions,https://github.com/cicsdev/cics-java-liberty-springboot-transactions,flag:description:how to,cics; gradle-build; java; liberty; maven-pom; spring-boot,Java™ application demonstrating how to create a transactional Spring Boot application for use in CICS® Liberty
286203477,ChinaLym/shoulder-framework-demo,https://github.com/ChinaLym/shoulder-framework-demo,flag:name:demo,demo; shoulder-framework; spring-boot; springboot,"SpringBoot plugin(Shoulder-Framework) demos, follow Shoulder and learn to a master of SpringBoot ~"
280734982,AndriyKalashnykov/spring-boot-demo,https://github.com/AndriyKalashnykov/spring-boot-demo,flag:name:demo,buildkit; buildpacks; docker-image; dockerfile; github-workflows; kaniko; restful-api; skaffold; spring-boot; swagger; swagger-api; swagger-ui,"Spring Boot Container Pipeline Reference — hardened Dockerfile, Buildpacks, Kaniko & Skaffold image builds with Trivy- & cosign-signed GHCR delivery"
283123903,gdisk/spring-boot-websocket-demo,https://github.com/gdisk/spring-boot-websocket-demo,flag:name:demo,spring-boot; websocket,springboot整合WebSocket示例
279845854,FuriousPws002/cas-pac4j-example,https://github.com/FuriousPws002/cas-pac4j-example,flag:name:example,cas; pac4j; shiro; spring-boot; sso; sso-client; sso-server,CAS Server CAS Client Pac4j integration
278773946,rewolf/blog-webclient-payload-logger,https://github.com/rewolf/blog-webclient-payload-logger,flag:description:how to,blog; example; reactor-core; spring-boot; spring-webflux; webclient,Example of how to log serial payloads in Spring WebClient
283234231,laffer1/ctgdemo,https://github.com/laffer1/ctgdemo,flag:name:demo,spring-boot; thymeleaf; webclient; webflux,Demo Applications to show off Spring WebFlux.
284861881,pablosilvab/demo-backend-spring-boot,https://github.com/pablosilvab/demo-backend-spring-boot,flag:name:demo,docker; docker-compose; java; maven; spring; spring-boot; spring-data-jpa; springboot,Backend build with Spring Boot 
284224133,fengsam6/cloundDemo,https://github.com/fengsam6/cloundDemo,flag:name:demo,microservices-architecture; mybatisplus; spring-boot; springclound,基于nacos、ribbion、feign、sentinel练习spring cloud，巩固spring clound理解
282953633,riquerezende/messaging-stomp-websocket-sample,https://github.com/riquerezende/messaging-stomp-websocket-sample,flag:name:sample; flag:description:tutorial,java; spring; spring-boot; stomp; stompwebsocket; websocket,Spring Tutorial - Using WebSocket to build an interactive web application
280753722,francescofiora/books,https://github.com/francescofiora/books,flag:description:tutorial,gradle; java; mockito; spring-boot; swagger3,Rest Api tutorial
280488827,Bernardo-MG/spring-boot-executable-jar-example,https://github.com/Bernardo-MG/spring-boot-executable-jar-example,flag:name:example,example; executable; maven; spring-boot,Example of an executable JAR with Spring Boot.
282967143,cyberdevcorp/springboot-tuto-books-api,https://github.com/cyberdevcorp/springboot-tuto-books-api,flag:description:tutorial,docker; docker-compose; docker-container; h2-database; java; redis; spring-boot; springboot2; swagger-ui; swagger2,Springboot learning tutorial during my UDEV integration to CGI
293116666,hantsy/spring-r2dbc-sample,https://github.com/hantsy/spring-r2dbc-sample,flag:name:sample,r2dbc; r2dbc-h2; r2dbc-mssql; r2dbc-mysql; r2dbc-oracle; r2dbc-postgresql; spring; spring-boot; spring-data-r2dbc; testcontainers,"Code samples for demonstrating R2dbc, Spring R2dbc, and Spring Data R2dbc."
289421697,ben-jamin-chen/kafka-streams-redis-statestore,https://github.com/ben-jamin-chen/kafka-streams-redis-statestore,flag:description:how to,avro; docker-compose; java; java-25; java25; jedis; kafka-streams; openapi3; redis; restful-api; spring-boot; spring-boot-4; springdoc-openapi; swagger-ui,A demo project demonstrating how to read and write data into a Redis-backed state store using Kafka Streams (4.3.1)
299592065,piomin/sample-spring-amqp,https://github.com/piomin/sample-spring-amqp,flag:name:sample,kubernetes; rabbitmq; spring-amqp; spring-boot,Spring AMQP with Rabbit MQ
296044082,HackyleShawe/JavaBackEndDemos,https://github.com/HackyleShawe/JavaBackEndDemos,flag:name:demo,java; javaee; spring; spring-boot; spring-cloud,Java Web开发中（Java EE、Spring生态）常用的业务开发解决方案、组件整合、技术使用示例、项目骨架。
290817102,cicsdev/cics-java-liberty-springboot-jdbc,https://github.com/cicsdev/cics-java-liberty-springboot-jdbc,flag:description:how to,cics; gradle-build; java; jdbc; liberty; maven-pom; spring-boot,Java™ Spring Boot application demonstrating how to use the Spring Boot JdbcTemplate in CICS® Liberty
288965100,juliuskrah/graphql-demo,https://github.com/juliuskrah/graphql-demo,flag:name:demo,graalvm; graphql; kotlin; locale; mongock; native; spring; spring-boot; spring-data-mongodb; spring-graphql,GraphQL Demo Application
299660659,hoelee/springboot-hoelee-demo,https://github.com/hoelee/springboot-hoelee-demo,flag:name:demo,caffeine; h2; java; portfolio; postgresql; rest-api; spring-boot; spring-data-jpa; spring-security; thymeleaf,"Portfolio showcase: modern Spring Boot app with Thymeleaf UI, Spring Data JPA, Caffeine caching, Spring Security, validation, and tests."
289153078,CUBETIQ/spring-boot-axon-demo,https://github.com/CUBETIQ/spring-boot-axon-demo,flag:name:demo,axon-framework; cqrs; cubetiq; ddd; event-driven; event-sourcing; microservices; spring-boot,"Axon Project Demo (Event Sourcing, DDD and CQRS)"
288426499,cicsdev/cics-java-liberty-springboot-link,https://github.com/cicsdev/cics-java-liberty-springboot-link,flag:description:how to,cics; gradle-build; java; maven-pom; spring-boot,Sample application that demonstrates how to use Link to Liberty to link to a Spring Boot Java™ application
290757888,cicsdev/cics-java-liberty-springboot-jdbc-multi,https://github.com/cicsdev/cics-java-liberty-springboot-jdbc-multi,flag:description:how to,gradle-build; java; jdbc; liberty; maven-pom; spring-boot,Java™ application demonstrating how to use the Spring Boot JdbcTemplate with multiple DataSources
298644691,Kevded/demo-java-predicates,https://github.com/Kevded/demo-java-predicates,flag:name:demo,java; nested-predicates; predicates; spring-boot,Example using Predicates and Functions Java.util.*
289174782,loveniit01/DockerSpringTomcatExample,https://github.com/loveniit01/DockerSpringTomcatExample,flag:name:example,docker; docker-compose; docker-container; docker-image; docker-spring-tomcat; dockerfile; dockerfiles; jar; java; java8; rest-api; spring; spring-boot; tomcat; tomcat9; war,war deploy on tomcat docker container by using docker compose
303085982,fraktalio/order-demo,https://github.com/fraktalio/order-demo,flag:name:demo,axon-framework; cqrs; ddd; demo-app; event-modeling; event-sourcing; java; microservices; spring-boot,"Axon demo - `Order Management` Information System - A part of the systems landscape https://github.com/fraktalio/courier-demo, https://github.com/fraktalio/restaurant-demo, https://github.com/fraktalio/order-demo"
302636528,piomin/sample-spring-security-microservices,https://github.com/piomin/sample-spring-security-microservices,flag:name:sample,keycloak; microservices; oauth2; spring-boot; spring-cloud-gateway; spring-security; spring-security-oauth2,Demo illustrating the usage of Spring Security in microservices built on top of Spring Boot and Spring Cloud 
307356090,JavaChinna/spring-boot-angular-oauth2-social-login-demo,https://github.com/JavaChinna/spring-boot-angular-oauth2-social-login-demo,flag:name:demo,angular10; jwt; oauth2; restful-api; social-login; spring-boot; spring-data-jpa; spring-security; spring-security-oauth2,"Spring Boot 2 + Angular 10 User Registration and OAuth2 Social Login with Facebook, Google, LinkedIn, and Github"
309413330,ttulka/ddd-example-ecommerce-microservices,https://github.com/ttulka/ddd-example-ecommerce-microservices,flag:name:example,architecture; ddd; docker; domain-driven-design; event-driven; example; kubernetes; microservices; oop; soa; spring-boot,Domain-driven design microservices example
301861514,fraktalio/restaurant-demo,https://github.com/fraktalio/restaurant-demo,flag:name:demo,axon-framework; cqrs; ddd; demo-app; event-modeling; event-sourcing; kotlin; microservices; spring-boot,"Axon demo - `Restaurant Management` Information System - A part of the systems landscape https://github.com/fraktalio/courier-demo, https://github.com/fraktalio/restaurant-demo, https://github.com/fraktalio/order-demo"
302595489,anirban99/spring-boot-examples,https://github.com/anirban99/spring-boot-examples,flag:name:example; flag:name:examples,gradle; h2-database; jackson; jacoco; java; junit5; kotlin; mockito; rest-api; spring-boot; spring-data-jpa; thymeleaf,Spring-based applications using Java and Kotlin
309563640,gsdukbh/Java-demo,https://github.com/gsdukbh/Java-demo,flag:name:demo,demo; demo-app; java; rabbitmq; spring; spring-boot,Java实战项目demo。Java project demo
308132892,francescofiora/products,https://github.com/francescofiora/products,flag:description:tutorial,gradle; java; spring-boot; spring-security; swagger3,SpringBoot Rest Api tutorial
310809523,blaze-b/mc-java-demo-trainer,https://github.com/blaze-b/mc-java-demo-trainer,flag:name:demo,java; servelet; spring; spring-boot; spring-mvc,A complete java e2e features testing and running it make it workable solutions to be taken later
312035136,cicsdev/cics-java-liberty-springboot-jms,https://github.com/cicsdev/cics-java-liberty-springboot-jms,flag:description:how to,cics; gradle-build; java; jms; liberty; maven-pom; spring-boot,Java™ Spring Boot application to demonstrate how to use the Spring Boot JmsTemplate to integrate with CICS® using IBM® MQ as the JMS provider
312047344,wolvesmentality/sample-spring-boot-resilience4j,https://github.com/wolvesmentality/sample-spring-boot-resilience4j,flag:name:sample,actuator-spring-boot; aop-aspects; junit5; lombok; maven; resilience4j; spring; spring-boot; spring-rest,A simple spring boot application to play with resilience4j lib
302736766,Accusoft/hello-prizmdoc-viewer-with-java-and-angular,https://github.com/Accusoft/hello-prizmdoc-viewer-with-java-and-angular,flag:description:how to,angular; angularjs; java; prizmdoc-viewer; sample; spring; spring-boot,A small Java Spring and Angular application which shows how to use PrizmDoc Viewer in an Angular context.
302301478,terrestris/shogun-example-app,https://github.com/terrestris/shogun-example-app,flag:name:example,shogun; spring-boot; webgis,A SHOGun example app
315187507,ahsumon85/spring-boot-rest-oauth2-jpa-mysql,https://github.com/ahsumon85/spring-boot-rest-oauth2-jpa-mysql,flag:description:tutorial,hibernate-validator; jpa-hibernate; mysql; spring-boot; spring-security-oauth2; webservice,"In this tutorial, we'll secure a REST API using Spring Boot, JPA, MySQL, Hibernate validation with spring security cloud OAuth2 with Authorization Server + Resource Serve with jdbcTokenStore "
318835453,lmalakhova/spring-in-action-6-samples,https://github.com/lmalakhova/spring-in-action-6-samples,flag:name:sample; flag:name:samples,spring; spring-boot,"Example code from Spring in Action, Sixth Edition"
325839181,ZaTribune/springboot-webflux-thymeleaf-demo,https://github.com/ZaTribune/springboot-webflux-thymeleaf-demo,flag:name:demo,circleci; cooking; docker; hibernate; java; kitchen; mongodb; recipes; spring; spring-boot; spring-security; spring-webflux; thymeleaf,A fully-reactive spring boot web application.
323161385,binakot/Java-Spring-RabbitMQ-Example,https://github.com/binakot/Java-Spring-RabbitMQ-Example,flag:name:example,amqp; demo; example; hacktoberfest; hacktoberfest-accepted; java; rabbitmq; spring; spring-boot; spring-cloud,
314807054,Avec112/vaadin-security-demo,https://github.com/Avec112/vaadin-security-demo,flag:name:demo,java; spring-boot; spring-security; vaadin,Vaadin Spring Integration demonstrating authentication and authorization
315031112,CUBETIQ/sample-modules,https://github.com/CUBETIQ/sample-modules,flag:name:sample,gradle; kotlin; spring-boot,"Sample Modules on Spring Boot, Kotlin and Gradle"
314099975,misoboy/aws-codepipeline-demo-app,https://github.com/misoboy/aws-codepipeline-demo-app,flag:name:demo,aws; cicd; codepipeline; java; spring-boot,Spring Boot demo app for AWS CodePipeline CI/CD workflow
318029033,misoboy/aws-kms-encrypt-decrypt-demo,https://github.com/misoboy/aws-kms-encrypt-decrypt-demo,flag:name:demo,aws; encryption; java; kms; spring-boot,AWS KMS encrypt/decrypt demo using Spring Boot and AWS Java SDK
332547399,tericcabrel/blog-tutorials,https://github.com/tericcabrel/blog-tutorials,flag:name:tutorial; flag:description:tutorial,blog-tutorials; java; jwt; mongodb; nodejs; spring-boot; typescript,Sample code of my blog tutorials about backend web development
334173098,quarkus-for-spring-developers/examples,https://github.com/quarkus-for-spring-developers/examples,flag:name:example; flag:name:examples,event-driven; examples; java; kubernetes; kubernetes-native; quarkus; spring; spring-boot,Example code for the Quarkus for Spring Developers eBook
331738297,vrudas/spring-framework-examples,https://github.com/vrudas/spring-framework-examples,flag:name:example; flag:name:examples; flag:description:course,java; jwt-authentication; oauth2-client; remember-me; spring; spring-boot; spring-framework; spring-framework-5; spring-guides; spring-mvc; spring-security,An educational project with Spring Framework examples. Used for lectures at courses.
337444242,piomin/openshift-quickstart,https://github.com/piomin/openshift-quickstart,flag:description:workshop,amq-streams; kafka; knative; openshift; openshift-serverless; openshift-v4; quarkus; spring-boot; spring-cloud; spring-cloud-stream,Developer Workshops related to the Java development on OpenShift
333269792,yanghaiji/IT-Demo,https://github.com/yanghaiji/IT-Demo,flag:name:demo,flink; flink-examples; java; jdbctemplate; kafka; kettle; mybatis; nacos; netty; oauth2; redis; redisson; shardingsphere; skywalking-apm; spring; spring-boot; springcloud; testng; websocket; websockets,Springboot、SpringCloud、Nacos、JdbcTemplate、restTempalte、flink、kafka、mail、Oauth2、quartz、webSocket、shardingSphere、seata 、Jxls、Redisson、SpEL、Kettle、Skywalking、flyway、testng、websocket、netty企业多租户等学习代码示例
332690622,jeremylai7/springboot-learning,https://github.com/jeremylai7/springboot-learning,flag:name:learning,rabbitmq; redis; spring-boot,Spring Boot 整合各种组件，给大家分享，学习。欢迎 Star & Fork 的支持。
329577374,aws-samples/amazon-eks-example-for-stateful-java-service,https://github.com/aws-samples/amazon-eks-example-for-stateful-java-service,flag:name:example,amazon-eks; amazon-elasticache; java; redis; spring-boot,This repository aims to show how a stateful Java Service can be deployed on EKS
326875417,mouday/spring-boot-demo,https://github.com/mouday/spring-boot-demo,flag:name:demo,spring-boot,Spring Boot Demo
332851393,felleslosninger/idporten-oidc-demo-client,https://github.com/felleslosninger/idporten-oidc-demo-client,flag:name:demo,demo-app; eidas; idporten; java; spring-boot; team-idporten,Test client for OIDC for mainly automatic testing
333101442,ksbrwsk/pushover-notification-demo,https://github.com/ksbrwsk/pushover-notification-demo,flag:name:demo,push-notifications; pushover; pushover-notifications; spring-boot,Spring Boot App demonstrating the use of Pushover notifications.
328052121,izuno4t/springboot-doma2-example,https://github.com/izuno4t/springboot-doma2-example,flag:name:example,doma2; java; maven; spring-boot,SpringBootでDoma2を利用する場合の設定例です
334144252,negi524/spring-webflux-sample,https://github.com/negi524/spring-webflux-sample,flag:name:sample,gradle; spring; spring-boot; webflux,
329801546,misoboy/devops-spinnaker-sample-app,https://github.com/misoboy/devops-spinnaker-sample-app,flag:name:sample,cicd; java; kubernetes; spinnaker; spring-boot,Spring Boot sample app for Spinnaker CI/CD pipeline demonstrations
347050170,piomin/sample-spring-boot-saga-eventing,https://github.com/piomin/sample-spring-boot-saga-eventing,flag:name:sample; flag:description:how to,kafka; kafka-consumer; kafka-producer; knative; knative-eventing; kubernetes; skaffold; spring-boot; spring-cloud-function; spring-cloud-stream; spring-cloud-stream-kafka,Demo presenting how to use Spring Cloud Stream and Spring Cloud Function with Apache Kafka broker to implement SAGA pattern in event-driven communication.
340680321,wx-chevalier/ddd-examples,https://github.com/wx-chevalier/ddd-examples,flag:name:example; flag:name:examples,ddd; ddd-architecture; realworld; spring-boot,参考 DDD/Clean Architecture 设计理念，整合 Spring Boot/Spring Security/Mybatis Plus/Vavr 的 Spring Realworld 应用案例
344809727,piomin/sample-spring-boot-graalvm,https://github.com/piomin/sample-spring-boot-graalvm,flag:name:sample; flag:description:how to,graalvm; java; jib-maven-plugin; knative; kubernetes; native-image; skaffold; spring-boot,"Demo project that shows how to build Spring Boot applications with GraalVM and run them in serverless architecture, e.g. Knative on Kubernetes with Skaffold and Jib"
340024748,piomin/sample-spring-bluegreen-with-db,https://github.com/piomin/sample-spring-bluegreen-with-db,flag:name:sample,bluegreen-deployment; database-migrations; istio; jpa; kubernetes; liquibase; liveness; readiness; spring-boot,Demo applications and Kubernetes manifests for illustrating blue-green deployment strategy with database schema changes using tools like Liquibase and Istio
341367175,brian-emarquez/Learning-Java,https://github.com/brian-emarquez/Learning-Java,flag:name:learning,api; facelets; java; javaee; javaserver-faces; jdbc; jdk; jsp; mvc; netbeans; oop; oracle; servlets; servlets-jsp; sorting-algorithms; spring-boot,"☕  JAVA SE, POO, JDBC, Oracle,  Servlets, JavaEE, Web Services, JSF, EJB, JPA, PrimeFaces, Hibernate, Spring, Struts."
340620264,tian-qingzhao/spring-cloud-alibaba-demo,https://github.com/tian-qingzhao/spring-cloud-alibaba-demo,flag:name:demo,java; spring-boot; spring-cloud; spring-cloud-alibaba,Spring Cloud Alibaba的demo，集成了SpringCloudAlibaba的五大组件Nacos、Sentinel、Seata、Dubbo、RocketMQ。容器化的部署Docker、K8S。使用ELK实现分布式日志搜索。
343515095,4SoftwareDevelopers/demo-spring-firestore,https://github.com/4SoftwareDevelopers/demo-spring-firestore,flag:name:demo,firebase; firestore; generic-programming; generics; spring-boot,API REST Genérica creada usando Spring Boot y Firestore.
343604587,jiniya22/demo,https://github.com/jiniya22/demo,flag:name:demo; flag:description:tutorial,java; jpa; mariadb; maven; spring-boot; spring-data-jpa; springboot2,Spring Data JPA Tutorial (with Java8 + Spring Boot 2 + Spring Data JPA)
344914969,tpayne/kubernetes-examples,https://github.com/tpayne/kubernetes-examples,flag:name:example; flag:name:examples,docker; gitops; kubernetes; maven; spring-boot,"This repo is for Kubernetes examples. This includes YAML, code and Maven plugins."
340124081,DNA-Evolutions/Docker-REST-TourOptimizer,https://github.com/DNA-Evolutions/Docker-REST-TourOptimizer,flag:description:how to,dna-evolutions; docker; jopttouroptimizer-docker; openapi; optimization; rest; rest-api; spring; spring-boot; swagger; tour-optimizer; tsp; vrp; vrptw; webflux,How to  setup DNA's Spring-TourOptimizer inside a Docker 
353785112,gregwhitaker/webflux-redis-example,https://github.com/gregwhitaker/webflux-redis-example,flag:name:example,reactive; redis; spring-boot; spring-webflux; webflux,Example of retrieving data from Redis in a Spring WebFlux application.
344945462,lsmhun/sm-demo,https://github.com/lsmhun/sm-demo,flag:name:demo,spring-boot; spring-security; state-machine; vuejs,Spring Boot State Machine demo
341342588,izuno4t/springboot-doma2-kotlin-example,https://github.com/izuno4t/springboot-doma2-kotlin-example,flag:name:example,doma2; kotlin; maven; spring-boot,
345947621,claudioaltamura/spring-boot-superheroes-example,https://github.com/claudioaltamura/spring-boot-superheroes-example,flag:name:example,github-actions; gradle; java; lombok; openapi; rest; rest-assured; spring-boot; springboot4,Spring Boot Superheroes example
356073261,mraible/jhipster7-demo,https://github.com/mraible/jhipster7-demo,flag:name:demo,angular; bootstrap; github-actions; heroku; jhipster; spring-boot,JHipster 7 Demo! 🔥
355903290,workshops-de/Bookshelf_sample_solution,https://github.com/workshops-de/Bookshelf_sample_solution,flag:name:sample; flag:description:workshop,java; spring; spring-boot; spring-mvc; springboot,Sample solution for Spring Boot workshop
354898491,ZaTribune/springboot-activemq-sse-demo,https://github.com/ZaTribune/springboot-activemq-sse-demo,flag:name:demo,activemq-artemis; chatting; java; server-sent-events; spring-boot; spring-security; sse; thymeleaf,A demo application that demonstrates the use of JMS Messaging with Server Sent Events to deliver push messages to browser clients.
358683749,mmafrar/spring-mvc-crud-example,https://github.com/mmafrar/spring-mvc-crud-example,flag:name:example,java; jsp; spring-boot; spring-data-jpa; spring-mvc,Implementing Spring Boot MVC CRUD operations with JPA and JSP
359201994,tutorialworks/camel-json-api-example,https://github.com/tutorialworks/camel-json-api-example,flag:name:example,apache-camel; java; json; rest-api; spring-boot,Demo: Apache Camel REST API with JSON
354852653,jeftegoes/CleanArchitectureOverviewAndExamples,https://github.com/jeftegoes/CleanArchitectureOverviewAndExamples,flag:name:example; flag:name:examples,clean-architecture; java; spring-boot; uncle-bob,
355993695,JohnDuncanScott/example-rest-service,https://github.com/JohnDuncanScott/example-rest-service,flag:name:example,backend; bootstrap; example; frontend; fullstack; java; javascript; restful-api; spring-boot; vue,This project showcases a simple REST service
357282425,NikiRaykov/SoftUni-Software-Engineering,https://github.com/NikiRaykov/SoftUni-Software-Engineering,flag:description:course,html-css; java; javascript; mysql; quality-assurance; softuni-programming; software-engineering; spring-boot,Course exercises | SoftUni | Niki Raykov
356438417,Jhonysganzerla/spring-mockito-tests-example,https://github.com/Jhonysganzerla/spring-mockito-tests-example,flag:name:example,java; junit; mockito; spring-boot; study-project; tdd; testing,Projeto-exemplo de testes unitários e de integração em Spring Boot com Mockito e JUnit 5.
368490659,camunda-community-hub/Camunda-7-Spring-Boot-Tutorial-Lafayette,https://github.com/camunda-community-hub/Camunda-7-Spring-Boot-Tutorial-Lafayette,flag:name:tutorial; flag:description:tutorial,camunda-7; spring-boot,This project is used as part of a video tutorial in order to show how you can use various features of Camunda in a spring boot application
365941274,fengwenyi/spring-boot-demo,https://github.com/fengwenyi/spring-boot-demo,flag:name:demo,spring-boot,Spring Boot示例，以及Spring Boot与其他三方框架整合示例。在开发中遇到方便查询
367822341,sofieneBK/Hands-on-ci-cd-for-springboot-apps,https://github.com/sofieneBK/Hands-on-ci-cd-for-springboot-apps,flag:description:tutorial,aws-elastic-beanstalk; ci-cd; github-actions; java; sonarcloud; spring-boot,Code for Hands-on CI/CD for Spring Boot applications using GitHub Actions and AWS Tutorial
368103946,pedrohenriquelacombe/spring-rest-crud-example,https://github.com/pedrohenriquelacombe/spring-rest-crud-example,flag:name:example,java; lombok; spring; spring-boot; spring-data-jpa; spring-web,Use this repository as a basis to start the development of a new Java REST API.
366191901,couchbase-examples/java-springboot-quickstart,https://github.com/couchbase-examples/java-springboot-quickstart,flag:description:tutorial,couchbase; java; quickstart; spring; spring-boot; springboot,Entry level Couchbase Java Spring Boot tutorial/demo. Steps to build a REST API to manage user profile CRUD operations..
367652753,mehmetozanguven/spring-boot-examples,https://github.com/mehmetozanguven/spring-boot-examples,flag:name:example; flag:name:examples,spring-boot; spring-boot-jwt; springboot,Spring boot project examples
368286853,sirech/example-jwt-validation,https://github.com/sirech/example-jwt-validation,flag:name:example,auth0; authorization; jwt; kotlin; spring-boot,Sample backend that validates JWTs
361807310,carlosfernandezcabrero/sample-springboot-swagger-api,https://github.com/carlosfernandezcabrero/sample-springboot-swagger-api,flag:name:sample,api-restful; java; spring-boot; swagger,Sample of a Spring Boot API that uses swagger for documentation.
368038816,yAshok8/docker-learning,https://github.com/yAshok8/docker-learning,flag:name:learning,docker; docker-image; dockerfile; spring-boot,Sample docker project
375681481,hantsy/spring-graphql-sample,https://github.com/hantsy/spring-graphql-sample,flag:name:sample,graphql; graphql-java; netflix-dgs; spring; spring-boot; spring-graphql,"Spring GraphQL examples using Netflix DGS, GraphQL Java and  Spring GraphQL"
372657197,rubykv/code-examples,https://github.com/rubykv/code-examples,flag:name:example; flag:name:examples,docker; java; kafka; microservice; mongodb; spring-boot; spring-cloud,code-examples is a collection of Java/Spring based software projects implemented as POCs (Proof Of Concept)
373283991,feltex/academicnet,https://github.com/feltex/academicnet,flag:description:tutorial,aws; docker; docker-compose; elasticbeanstalk; h2; h2-database; java; java11; jmeter; mysql; mysql-database; postman; spring; spring-boot; springboot,"Tutorial completo de uma aplicação com Spring Boot, JSF Primefaces, MySQL, Lombok, Docker e Docker-compose. "
374912333,mlopezsoto/dynamodb_spring-boot_learningwithmykids,https://github.com/mlopezsoto/dynamodb_spring-boot_learningwithmykids,flag:name:learning,dynamodb; java; spring-boot; spring-data-jpa,REST API providing services to manage family learning activities. Uses AWS DynamoDB and Spring Boot.
375526987,aarczynski/javademo,https://github.com/aarczynski/javademo,flag:name:demo,docker; hibernate; java; rest; spring-boot,A simple REST API service written in Java and Spring Boot with Hibernate.
379797677,Azure-Samples/azure-spring-boot-samples,https://github.com/Azure-Samples/azure-spring-boot-samples,flag:name:sample; flag:name:samples,azure; azure-cosmosdb; azure-eventhub; azure-service-bus; azure-spring-cloud; azure-storage; spring; spring-boot; spring-cloud; spring-cloud-azure,Spring Cloud Azure Samples
381064402,larmic/spring-boot-demos,https://github.com/larmic/spring-boot-demos,flag:name:demo,docker; dockerfile; elasticsearch; java; keycloak; kotlin; postgres; postgresql; properties; rabbit; rabbitmq; rest-api; spring; spring-boot; springboot; testcontainers,Multiple spring boot samples written in Java or Kotlin.
378622398,nanotaboada/java.samples.spring.boot,https://github.com/nanotaboada/java.samples.spring.boot,flag:name:sample; flag:name:samples,api-development; backend; claude-code; continuous-delivery; continuous-integration; conventional-commits; docker; docker-compose; github-actions; integration-testing; java; java-examples; jdk25; learning-resource; proof-of-concept; rest-api; spring-boot; spring-boot-4; sqlite; swagger-ui,🧪 Proof of Concept for a RESTful Web Service built with Java / JDK 25 (LTS) and Spring Boot 4
377192129,Laura-bf/ITAcademy_Java,https://github.com/Laura-bf/ITAcademy_Java,flag:description:bootcamp,clean-code; design-patterns; gradle; java; jpa; junit; jwt; maven; mongodb; mysql; rest-api; solid-principles; spring-boot; swagger; tdd,"Backend Java portfolio — IT Academy Bootcamp, Barcelona 2021. From console fundamentals to Spring Boot microservices with SOLID principles and design patterns."
379079692,carlosggz/StreamDemoV2,https://github.com/carlosggz/StreamDemoV2,flag:name:demo,functional; spring-boot; spring-cloud-stream,Spring Cloud Stream demo using functional model
385561880,piomin/sample-spring-jpa-streamer,https://github.com/piomin/sample-spring-jpa-streamer,flag:name:sample; flag:description:how to,java; java-streams; jpa; jpa-hibernate; spring-boot; spring-data-jpa,Demo project showing how to express JPA queries with Java streams with the JPAstreamer library written in Spring Boot.
384972918,gaetanBloch/jhipster-geekle-demo,https://github.com/gaetanBloch/jhipster-geekle-demo,flag:name:demo,angular; java; javascript; jhipster; spring; spring-boot; typescript,JHipster Monolithic application with Spring Boot Demo project for Geekle Architecture summit Volume Presentation
389187154,da0hn/stomp-protocol-example,https://github.com/da0hn/stomp-protocol-example,flag:name:example,esp32; spring-boot; stompwebsocket; websocket,Exemplo de comunicação ESP32-Spring Boot utilizando Stomp Protocol
382627266,KarolXX/Udemy-App,https://github.com/KarolXX/Udemy-App,flag:description:course,java; mysql; spring-boot,Website with programming courses (like Udemy)
382992738,acasado666/sample-kafka-AVRO,https://github.com/acasado666/sample-kafka-AVRO,flag:name:sample,avro; java; kafka; kafka-consumer; kafka-producer; kafka-topic; spring-boot,Kafka Producer Consumer demo using AVRO
395227277,gowthamrajk/Web-Development-Guide,https://github.com/gowthamrajk/Web-Development-Guide,flag:description:tutorial,ajax; angularjs; bootstrap4; css3; django; expressjs; html5; java; javascript; jquery; mean-stack; mern-stack; mongodb; mysql; nodejs; python; reactjs; rest-api; spring-boot; vuejs,I will add some professional notes and reference tutorials which will be very much useful for freshers and beginners who are very passionate to become a web developer ❤️
389773888,amitrp/spring-examples,https://github.com/amitrp/spring-examples,flag:name:example; flag:name:examples; flag:description:tutorial,hibernate; jpa-hibernate; spring; spring-boot; spring-data-jdbc; spring-data-jpa; spring-data-rest; spring-mvc,Contains Spring and Spring Boot Code Samples used in https://www.amitph.com/ tutorials
394275818,aerospike-examples/spring-data-multiple-namespaces-example,https://github.com/aerospike-examples/spring-data-multiple-namespaces-example,flag:name:example,aerospike; example; namespaces; spring-boot; spring-data,Spring Data Aerospike with multiple namespaces example
389785494,pedrohenriquelacombe/spring-rest-advanced-search-example,https://github.com/pedrohenriquelacombe/spring-rest-advanced-search-example,flag:name:example,java; lombok; spring; spring-boot; spring-data-jpa; spring-web,This project is an example of how can we build advanced query search with Spring Data JPA.
391707966,brian-emarquez/Learning-SpringBoot,https://github.com/brian-emarquez/Learning-SpringBoot,flag:name:learning,java; microservice; spring-boot,"Spring Boot makes it easy to create stand-alone, production-grade Spring based Applications that you can just run. We take an opinionated view of the Spring platform and third-party libraries so you can get started with minimum fuss. Most Spring Boot applications need minimal Spring configuration."
392517856,Claudio-code/learning-spring-boot,https://github.com/Claudio-code/learning-spring-boot,flag:name:learning,docker; java; junit5; k8s; redis; restful-api; spring-boot,":memo: The project was created for studies how works it framework, how use redis cache and kafka here"
391506505,da0hn/webflux-mongodb-demo,https://github.com/da0hn/webflux-mongodb-demo,flag:name:demo,docker; java; mongodb; spring-boot; webflux,Demonstração de uma API REST implementada com Spring WebFlux e MongoDB
396393297,ghpm99/PersonAPI,https://github.com/ghpm99/PersonAPI,flag:description:bootcamp,digital-innovation-one; hibernate; java; spring-boot,Person API project from Digital Innovation One Bootcamp
401562444,hdmsantander/microservices-ops-demo,https://github.com/hdmsantander/microservices-ops-demo,flag:name:demo,demo; devops; elk; elk-stack; grafana; java; kafka; kafka-connect; metrics; micrometer; microservices; ops; prometheus; spring-boot; spring-cloud; spring-cloud-actuator; spring-cloud-stream; tracing; zipkin,"Spring Boot demo for observability, traceability and error analysis in a microservices environment. This repository contains examples of tracing, log and metric recopilation using Prometheus for Micrometer metrics which are displayed on Grafana, Zipkin for tracing, log analysis through the ELK stack using Kafka Connect for log ingestion using Kafka"
398507036,birkagal/college-finance-digital-twin,https://github.com/birkagal/college-finance-digital-twin,flag:description:course,agile-development; fullstack; integrative; java; spring-boot,Full stack project written using Java Spring Boot framework developed during Integrative Course with 5 other team members using Agile methodologie
404742920,netbuffer/spring-security-demo,https://github.com/netbuffer/spring-security-demo,flag:name:demo,filter; interceptor; jwt; restful-api; server; shiro; spring; spring-boot; spring-security; tomcat; web,spring-security test project ，shiro，permission framework，java security framework
403937034,wambugucoder/JAVA-GRAPHQL,https://github.com/wambugucoder/JAVA-GRAPHQL,flag:description:tutorial; flag:description:how to,graphql; graphql-java-kickstart; java-8; playground; spring-boot; voyager,A Tutorial of how to integrate Graphql with SpringBoot
403965325,claudioaltamura/java-micrometer-example,https://github.com/claudioaltamura/java-micrometer-example,flag:name:example,github-actions; gradle; java; micrometer-prometheus; spring-boot,Java Micrometer example with Prometheus
404164908,codenificient/learningsprings,https://github.com/codenificient/learningsprings,flag:name:learning; flag:description:tutorial; flag:description:course,java; learning; spring-boot,Learning Spring — Spring Boot tutorial project for Software Engineering course backend
401046197,akhileshmagdum/Spring-Framework-Learning,https://github.com/akhileshmagdum/Spring-Framework-Learning,flag:name:learning,aop; hibernate-validator; spring; spring-boot; spring-data-jpa; spring-mvc; spring-security; springframework,Spring Framework from Core to Spring-boot learning documented | Beginner Level.
404247049,nichsedge/spring-boot-react,https://github.com/nichsedge/spring-boot-react,flag:description:tutorial; flag:description:course,apap-tutorial; enterprise-architecture; fullstack; hibernate; java; jpa; junit; maven; react; rest-api; spring-boot; spring-security; thymeleaf; university-projects,A comprehensive enterprise development suite featuring Java Spring Boot backend and ReactJS frontend implementations for university APAP course tutorials & assignments.
404273245,netbuffer/sso-demo,https://github.com/netbuffer/sso-demo,flag:name:demo,cookie; demo; domain; java; javaweb; jwt; login; permission; redis; restful; restful-api; sa-token; spring; spring-boot; spring-mvc; sso; system; tomcat; website,sso test single sign on，use spring-boot，sa-token，cookie domain，redis storage
402179501,spt-development/spt-development-demo,https://github.com/spt-development/spt-development-demo,flag:name:demo,auditing; logging; microservices; spring-boot; spring-jms; spring-mvc,Demonstrates the use of a number of the spt-development projects related to logging and auditing.
405619802,yusuf-daglioglu/jwt_spring_security_demo,https://github.com/yusuf-daglioglu/jwt_spring_security_demo,flag:name:demo,java; jwt; spring-boot; spring-security,JWT Spring Security Demo
405571939,sametakbal/tutorials,https://github.com/sametakbal/tutorials,flag:name:tutorial; flag:description:tutorial,reactjs; spring-boot; spring-data-jpa,Spring Boot Tutorials
408130593,likui628/spring-boot-realworld-example-app,https://github.com/likui628/spring-boot-realworld-example-app,flag:name:example,mybatis; realworld; spring-boot,real world example app backend
408778180,manumura/spring-kafka-demo,https://github.com/manumura/spring-kafka-demo,flag:name:demo,docker; kafka; spring; spring-boot,Spring Boot Kafka demo project
408616674,codenificient/employeemanager,https://github.com/codenificient/employeemanager,flag:description:tutorial,angular; bootsrap; fullstack; java; spring-boot,Employee Manager — Full-stack Spring Boot + Angular employee management app (AmigosCode tutorial)
407783830,netbuffer/oauth-protocol-demo,https://github.com/netbuffer/oauth-protocol-demo,flag:name:demo,api; git; hosts; javaee; javaweb; jwt; maven; oauth; oauth2; permission; restful; sa-token; spring; spring-boot; springframework; tomcat,oauth protocol test，oauth2 server/client endpoint，use sa-token，spring-boot
417960071,xsreality/spring-boot-tracing-demo,https://github.com/xsreality/spring-boot-tracing-demo,flag:name:demo,distributed-tracing; java; micrometer; opentelemetry; spring-boot,Distributed tracing with Spring Boot and OpenTelemetry
420726240,casdoor/casdoor-spring-boot-example,https://github.com/casdoor/casdoor-spring-boot-example,flag:name:example,auth; authn; casdoor; iam; java; oauth2; spring; spring-boot; sso,Spring Boot example app for Casdoor based on casdoor-spring-boot-starter
414649927,Spring-Dev-Community/spring-cloud-sample,https://github.com/Spring-Dev-Community/spring-cloud-sample,flag:name:sample,spring; spring-boot; spring-cloud,This module contains articles about Spring Cloud
416316521,bzb0/spring-cloud-contract-demo,https://github.com/bzb0/spring-cloud-contract-demo,flag:name:demo,java; spring-boot; spring-cloud-contract,Demo project for Spring Cloud Contract.
416441189,bzb0/spring-cloud-sleuth-demo,https://github.com/bzb0/spring-cloud-sleuth-demo,flag:name:demo,docker; docker-compose; java; spring-boot; spring-cloud-sleuth; spring-cloud-sleuth-zipkin,"Multi service/module project, which demonstrates the usage of Spring Cloud Sleuth and Zipkin."
413731221,ctemelkuran/gittigidiyor-graduation-project-ctemelkuran,https://github.com/ctemelkuran/gittigidiyor-graduation-project-ctemelkuran,flag:description:bootcamp,docker; hibernate; java; mongodb; mvc; spring-boot,Loan application system for bank customers - Java Spring Bootcamp Graduation Project
420774920,gianlucampos/curso-spring-boot-ionic-backend,https://github.com/gianlucampos/curso-spring-boot-ionic-backend,flag:description:course,hibernate; jwt-token; mongodb; mysql; rest-api; s3; spring-boot,Aplicação desenvolvida durante o curso https://www.udemy.com/course/spring-boot-ionic/
424919031,ReLive27/spring-security-oauth2-sample,https://github.com/ReLive27/spring-security-oauth2-sample,flag:name:sample,java; jwk; jwt; oauth2; oauth2-device-code-flow; opaque-tokens; openid-connect; pkce-flow; pkce-oauth; rotating-key; spring; spring-authorization-server; spring-boot; spring-security; springcloud,This module is based on Spring Authorization Server and contains information on using Spring Security OAuth2
423869594,piomin/sample-spring-cloud-stream-kafka,https://github.com/piomin/sample-spring-cloud-stream-kafka,flag:name:sample,kafka; kafka-streams; spring-boot; spring-cloud; spring-cloud-stream; spring-cloud-stream-kafka-stream,Demo illustrating the usage of Spring Cloud Stream  in order to integrate with Kafka Streams
424885540,javiertuya/samples-test-spring,https://github.com/javiertuya/samples-test-spring,flag:name:sample; flag:name:samples,bdd; ci-cd-pipeline; github-actions; java; jbehave; jenkins; junit; maven; spring-boot; testing,Ejemplos de automatización de pruebas con Spring Boot
427763720,mmushfiq/parcel-delivery-system-demo,https://github.com/mmushfiq/parcel-delivery-system-demo,flag:name:demo,common-swagger; docker-compose; jwt; kafka; kong-api-gateway; konga; multi-module-project; netflix-zuul; postgresql; redis; spring-boot; spring-cloud-gateway; spring-cloud-stream; spring-security; swagger,Parcel Delivery System Demo
423061812,Spring-Dev-Community/spring-boot-sample,https://github.com/Spring-Dev-Community/spring-boot-sample,flag:name:sample,spring; spring-boot,This module contains articles about Spring Boot
427786068,Romariorfr/projeto_dscatalog,https://github.com/Romariorfr/projeto_dscatalog,flag:description:bootcamp,java; jpa-hibernate; spring-boot,"Projeto backend web construído durante as aulas do primeiro módulo do bootcamp spring react 3.0, evento organizado pela DevSuperior."
428309382,mimaraslan/devops-demo,https://github.com/mimaraslan/devops-demo,flag:name:demo,devops; docker; java; jenkins; junit; kubernetes; maven; spring-boot,DevOps Jenkins
428320095,litsynp/spring-kotlin-demo,https://github.com/litsynp/spring-kotlin-demo,flag:name:demo,kotlin; spring-boot,Demo project with Spring Boot and Kotlin.
423142482,alnao/JavaSpringBootExample,https://github.com/alnao/JavaSpringBootExample,flag:name:example,docker; docker-compose; hexagonal-architecture; java; microservice; minikube; spring-boot; swagger; swagger-ui,JavaSpringBootExample
427278938,marcindabrowski/examples-rooms-booking,https://github.com/marcindabrowski/examples-rooms-booking,flag:name:example; flag:name:examples,checkstyle; codenarc; github-actions; github-packages; google-java-format; gradle; java; java17; pmd; renovate; rest-api; sonarqube; spock; spotless; spring-boot,Service with example REST API for room booking system.
432667839,AlanBinu007/ReactJs-SpringBoot-Full-Stack-Development,https://github.com/AlanBinu007/ReactJs-SpringBoot-Full-Stack-Development,flag:description:workshop,jpa-hibernate; mysql; reactjs; spring-boot,"💥💥Full Stack Development  using ReactJs and Spring Boot. Here we are used MySql, MongoDb and PostgreSql database to store the data. We also implemented the Spring Security. Here we can understand add, view, edit and delete  operations. This is the template/project that we are given to our junior colleagues in our college knowledge workshop"
431090139,infinispan-demos/infinispan-sqlstore-demo,https://github.com/infinispan-demos/infinispan-sqlstore-demo,flag:name:demo,infinispan; infinispan-server; persistence; postgresql; quarkus; spring-boot; spring-boot-3,SQL Store showcasing capabilities of Infinispan Table and Query caches with persistence
433609243,vpavic/samples-spring-sse-redis,https://github.com/vpavic/samples-spring-sse-redis,flag:name:sample; flag:name:samples,java; redis; samples; server-sent-events; spring-boot; spring-data-redis; spring-framework,Samples: Spring Server-Sent Events with Redis
430430829,ttimot24/mndwrk-webinar-kafka-demo,https://github.com/ttimot24/mndwrk-webinar-kafka-demo,flag:name:demo,connect; kafka; kafka-streams; ksqldb; mndwrk; schema-registry; spring-boot; zilla,MNDWRK - Apache Kafka Webinar
431855412,camille-fs/springboot_crud_demo,https://github.com/camille-fs/springboot_crud_demo,flag:name:demo,api; java; spring-boot,Crud Api Spring boot
429218893,marcindabrowski/example-nbp-currency-exchange,https://github.com/marcindabrowski/example-nbp-currency-exchange,flag:name:example,feign-client; java; java17; rest-api; spock; spring-boot; wiremock,Service with example REST API for returning client account balance exchanged from PLN to EUR using newest NBP exchange rate obtained using http://api.nbp.pl/.
431123312,Denzel-Awuah/fullstack-crm-demo,https://github.com/Denzel-Awuah/fullstack-crm-demo,flag:name:demo,aws; docker; java; reactjs; spring-boot,Full Stack demo CRM application. (Deployed using Amazon Web Services)
438206806,bezkoder/spring-boot-login-example,https://github.com/bezkoder/spring-boot-login-example,flag:name:example,authentication; authorization; jwt; jwt-auth; jwt-authentication; jwt-authorization; jwt-token; login; mysql; rest-api; spring-boot; spring-data-jpa; spring-security; token-based-authentication,"Spring Boot Login and Registration example with MySQL, JWT, Rest Api - Spring Boot Spring Security Login example"
437907342,dsyer/spring-boot-js-demo,https://github.com/dsyer/spring-boot-js-demo,flag:name:demo,javascript; spring; spring-boot,These samples explore the different options that Spring Boot developers have for using Javascript and CSS on the client (browser) side of their application.
440606797,nbicocchi/learn-microservices,https://github.com/nbicocchi/learn-microservices,flag:description:course,containerization; devops; microservice; mlops; software-architecture-and-design; spring-boot,"Advanced course on tools and practices aiming at designing, developing, deploying and maintain in production microservice architectures."
441155760,cuberhaus/subgrup-prop7.1,https://github.com/cuberhaus/subgrup-prop7.1,flag:description:course,design-patterns; java; recommender-system; spring-boot; upc,"Recommender system project (FIB-UPC, PROP course): three-layer Java application (Domain, Persistence, Presentation) with software design patterns."
437937053,syedsohel22/java-learning,https://github.com/syedsohel22/java-learning,flag:name:learning,java; maven; spring-boot; spring-mvc; spring-security,Learning Java Backend Developement
440274917,EvertonTrennepohl/IGTI-Bootcamp-TechPan-DesafioFinal-Backend,https://github.com/EvertonTrennepohl/IGTI-Bootcamp-TechPan-DesafioFinal-Backend,flag:description:bootcamp,h2-database; heroku; java; maven; spring-boot; spring-data-jpa; spring-mvc,API ngFood - Backend do desafio final do Bootcamp IGTI - Desenvolvedor Tech Pan. API disponível em https://app-ngfood.herokuapp.com/cardapio .
441885001,bzb0/spring-cloud-zookeeper-demo,https://github.com/bzb0/spring-cloud-zookeeper-demo,flag:name:demo,java; microservices; spring-boot; spring-cloud; zookeeper," Multi microservice/module project, which demonstrates the usage of Spring Cloud Zookeeper."
440640891,vulna-felickz/my-spring-log4j-vuln-sample,https://github.com/vulna-felickz/my-spring-log4j-vuln-sample,flag:name:sample,java; spring; spring-boot,
450540635,piomin/sample-spring-kafka-microservices,https://github.com/piomin/sample-spring-kafka-microservices,flag:name:sample; flag:description:how to,kafka; kafka-streams; spring-boot; spring-kafka,Example microservices showing how to use Kafka and Kafka Streams with Spring Boot on the example of distributed transactions implementations with the SAGA pattern 
445454324,evrentan/spring-boot-project-example,https://github.com/evrentan/spring-boot-project-example,flag:name:example,java; maven; open-source; spring-boot,Spring Boot Project Example by Evren Tan
445601141,soyeon207/blog_example,https://github.com/soyeon207/blog_example,flag:name:example,example; spring-boot; velog,🗂 블로그 샘플 예제 (velog)
449456597,Romanow/jpa-example,https://github.com/Romanow/jpa-example,flag:name:example,jpa; portfolio; report-project; spring-boot,JPA and MapStruct usage example
447232971,PiotrZielonka/infinityshopping-example-shop,https://github.com/PiotrZielonka/infinityshopping-example-shop,flag:name:example,angular; bootstrap; continuous-delivery; continuous-integration; github-actions; h2-database; hibernate; java; jhipster; junit5; jwt; liquibase; maven; postgres; rest-api; spring-boot; spring-framework; sql; testing; typescript,This is an example shop built on the InfinityShopping platform. It showcases features and functionalities of the platform.
445769878,ngbsn/sample-spring-boot-jms-transaction-ibm-mq,https://github.com/ngbsn/sample-spring-boot-jms-transaction-ibm-mq,flag:name:sample,ibm-mq; java-8; jms; spring-boot; transaction; transactional,"Example Implementation of JMS transactions in Spring Boot using JMS Listener, JMS Template for IBM MQ"
444043664,CodeCoderCoding/Spring-Boot-Demo,https://github.com/CodeCoderCoding/Spring-Boot-Demo,flag:name:demo,spring-boot,Spring-Boot的Demo。Spring-Boot基础、Spring-Boot与数据库、Spring-Boot与安全、Spring-Boot与消息队列
444357552,akshay-kamath/guestbook-application-spring-cloud,https://github.com/akshay-kamath/guestbook-application-spring-cloud,flag:description:how to,google-cloud; spring-boot; spring-cloud,"A guestbook application built using Spring Cloud. It allows users to sign a guestbook and view all the entries. The application demonstrates how to use Spring Cloud for microservices architecture, including service discovery, load balancing, and configuration management."
448428430,wesleyav/graphql-spring-boot-sample,https://github.com/wesleyav/graphql-spring-boot-sample,flag:name:sample,graphiql; graphql; graphql-java; maven; playground; spring; spring-boot; tomcat,Projeto básico usando GraphQL e Spring Boot
446590771,wesleyav/spring-boot-basic-sample-h2,https://github.com/wesleyav/spring-boot-basic-sample-h2,flag:name:sample,h2-database; java; jpa; maven; spring-boot,Projeto Spring Boot com estrutura básica para utilizar com banco de dados H2.
444099205,ngbsn/sample-spring-boot-narayana-jpa-jms-ibm-mq,https://github.com/ngbsn/sample-spring-boot-narayana-jpa-jms-ibm-mq,flag:name:sample,database; ibm-mq; java-8; jms; jpa; jta; narayana-jta; oracle; spring-boot,"Example Implementation of distributed transactions involving JPA and JMS, using Narayana JTA and Spring Boot."
453137046,shiyindaxiaojie/eden-demo-cola,https://github.com/shiyindaxiaojie/eden-demo-cola,flag:name:demo,alibaba; architect; cola4; demo; spring-boot,"阿里巴巴 COLA 企业级架构最佳实践：融合 DDD 领域驱动设计、CQRS 读写分离与 SOLID 原则，覆盖领域建模、业务扩展、状态流转和复杂系统工程落地。 Enterprise-grade COLA architecture integrating DDD, CQRS, and SOLID, with practical patterns for domain modeling, business extensions, state transitions, and complex systems."
451725870,itwanger/codingmore-learning,https://github.com/itwanger/codingmore-learning,flag:name:learning,java; mybatis; spring; spring-boot,编程猫的学习教程
453137195,shiyindaxiaojie/eden-demo-layer,https://github.com/shiyindaxiaojie/eden-demo-layer,flag:name:demo,alibaba; architect; demo; java; layered-architecture; spring-boot,"阿里巴巴 Java 分层架构最佳实践：遵循《阿里巴巴 Java 开发手册》，提供清晰边界、工程规范与可落地示例。 Alibaba Java layered architecture aligned with Alibaba Java guidelines, featuring clear boundaries, engineering conventions, and production-oriented examples."
456689339,ZaTribune/springboot-kafka-streams-microservices-demo,https://github.com/ZaTribune/springboot-kafka-streams-microservices-demo,flag:name:demo,apache-kafka; docker; docker-compose; event-driven-microservices; java; kafka-streams; microservices; sagas; spring-boot; transaction-management,An e-commerce project that demonstrates the usage of Apache Kafka streams in microservices architecture.
452117676,guanyang/spring-base-demo,https://github.com/guanyang/spring-base-demo,flag:name:demo,cache; disruptor; docker; dubbo; elasticsearch; flink; gemfire; ignite; java; kafka; log; mq; mybatis-plus; pulsar; redis; spring-boot; testing; vertx; webflux,基于springboot2的常用组件示例
455504698,ifsantana/JavaArchSample,https://github.com/ifsantana/JavaArchSample,flag:name:sample,event-driven; hexagonal-architecture; java; mongodb; multimodule; ports-and-adapters; postgresql; restful-api; spring-boot,"Event Driven Sample Archtecture using DDD, CQRS, Hexagonal / Ports and Adapters Pattern http://wiki.c2.com/?PortsAndAdaptersArchitecture"
455666800,kgromov/spring-messaging-aqmp,https://github.com/kgromov/spring-messaging-aqmp,flag:description:how to,amqp; spring-boot; starter,Sample project that shows how to create spring-boot starter for AMQP messaging
457155320,Is3x/ls3-IaC,https://github.com/Is3x/ls3-IaC,flag:description:course,coursework; docker; eureka; infrastructure-as-code; java; microservices; spring-boot; spring-cloud,"Spring Cloud microservices for a demo bank, containerised and deployed via Docker Compose with Eureka discovery and centralised config (university coursework, 2022)"
458458091,SwarnadeepGhosh/CourseAPI-Spring-Starter,https://github.com/SwarnadeepGhosh/CourseAPI-Spring-Starter,flag:name:course; flag:description:course,actuator; heroku; jpa; lombok; postgresql; restful-api; spring-boot; swagger-ui,"A production grade CourseAPI complete CRUD backend using Spring Boot, JPA, PostgreSQL and Heroku"
461610834,1kevinson/BLOG-TUTORIALS,https://github.com/1kevinson/BLOG-TUTORIALS,flag:name:tutorial,angular; blog; docker; java; kubernetes; linux; oop-principles; spring-boot; typescript,Curated list of repositories and links attached to my blog articles
463242313,mariadb-developers/reactive-programming-java-examples,https://github.com/mariadb-developers/reactive-programming-java-examples,flag:name:example; flag:name:examples,java; mariadb; r2dbc; reactor; spring; spring-boot,"Reactive examples with Java, Project Reactor, and R2DBC"
463558124,sbstnc/example-spring-otel,https://github.com/sbstnc/example-spring-otel,flag:name:example,cli; gradle; grafana; hateoas; hexagonal-architecture; java; jooq; liquibase; loki; observability; opentelemetry; picocli; prometheus; spring-boot; tempo,An example Spring Boot service instrumented with OpenTelemetry
466379458,Euihyunee/demo,https://github.com/Euihyunee/demo,flag:name:demo,spring; spring-boot,SpringBootTest
461050993,jeftegoes/IoCAndDependencyInjectionOverviewWithExamples,https://github.com/jeftegoes/IoCAndDependencyInjectionOverviewWithExamples,flag:name:example; flag:name:examples,csharp; dependency-injection; ioc; ioc-container; java; spring-boot; spring-container,Overview about IoC and Dependency Injection with Java and C# examples.
464539351,kunanan-tan/Watermark-example,https://github.com/kunanan-tan/Watermark-example,flag:name:example,java; pdf; spring-boot; watermark,example watermark
461263990,kunanan-tan/Swagger-Example,https://github.com/kunanan-tan/Swagger-Example,flag:name:example,java; spring-boot; swagger-ui,example swagger
467098805,sams52s/java_self_learning,https://github.com/sams52s/java_self_learning,flag:name:learning,java; jpa-hibernate; multithreading; postgresql; spring-boot,"This repository is for storing my notes, lectures, and references. Also, the practice code I have done during my learning"
466950037,manumura/spring-boot-firebase-messaging-demo,https://github.com/manumura/spring-boot-firebase-messaging-demo,flag:name:demo,firebase; firebase-messaging; spring; spring-boot,Spring Boot Firebase messaging demo project
471620291,in28minutes/roadmaps,https://github.com/in28minutes/roadmaps,flag:description:course,aws; azure; cloud; devops; google-cloud; java; spring; spring-boot,Roadmaps of in28minutes courses!
469109798,bojanzdelar/Learning-management-system,https://github.com/bojanzdelar/Learning-management-system,flag:name:learning,angular; angular-material; docker; java; learning-management-system; microservices; mysql; spring-boot; spring-cloud; spring-security; tailwind-css; typescript,University's Learning management system web application implemented with microservices architecture. Built with Spring and Angular 
472939327,ilambrev/SoftUni_Java_Learning_Program,https://github.com/ilambrev/SoftUni_Java_Learning_Program,flag:name:learning,java; spring-boot; sql,Software Engineer With Java - SoftUni Professional Program
471295300,sohamkamani/spring-demo,https://github.com/sohamkamani/spring-demo,flag:name:demo; flag:description:how to,java; spring-boot,Example repository demonstrating how to create a RESTful HTTP server application using Spring boot
471758615,DashrathMundkar/cicd-java-maven-project,https://github.com/DashrathMundkar/cicd-java-maven-project,flag:description:how to,cicd; docker; java; java-8; jenkins; jenkins-pipeline; jenkinsfile; kubernetes; maven; open-source; sonarqube; spring-boot,This is simple java-maven project for cicd environment the purpose of project is to how to ship application from development to kubernetes environment using  CICD.
473274108,arsy786/student-demo,https://github.com/arsy786/student-demo,flag:name:demo,2022; demo; java; rest-api; spring-boot,Student Management System that provides basic CRUD functionality. This is part of a series of demo applications that each add more complexity to previous versions.
471362460,jonasmzsouza/ds-catalog,https://github.com/jonasmzsouza/ds-catalog,flag:description:bootcamp,heroku; java; netlify; postgresql; railway; reactjs; spring-boot; typescript,DS Catalog - Web full stack application developed in ReactJS and Java with Spring Boot framework. Cloud deployment with Heroku/Railway and Netlify. Built in the 10th DevSuperior Bootcamp class.
474258345,Vipcube/Demo-Spring-gRPC,https://github.com/Vipcube/Demo-Spring-gRPC,flag:name:demo; flag:description:how to,demo; grpc; spring-boot,This project let me know how to use in gRPC with Spring Boot.
472506605,ArthurItajahy/Blog_pessoal_FrontEnd,https://github.com/ArthurItajahy/Blog_pessoal_FrontEnd,flag:description:bootcamp,css; html; java; mysql; react; spring-boot; typescript,"Esse foi um projeto construído durante o bootcamp da Generation Brasil, onde o foco foi em capacitar os alunos e se tornarem Desenvolvedores Java Full Stack. Aprendemos sobre Logica da programação, Java, OOP, Banco de dados Relacional(MySql), Framework Spring Boot, Html, CSS, JS, TS, React."
471278658,Vipcube/Demo-SpringKafka-DistributedTransactions,https://github.com/Vipcube/Demo-SpringKafka-DistributedTransactions,flag:name:demo; flag:description:how to,kafka; kafka-streams; microservice; spring-boot; spring-kafka,This project demo saga distributed transactions how to work in Microservices with Kafka and Spring Boot.
477019665,shaart/demo-micrometer,https://github.com/shaart/demo-micrometer,flag:name:demo,grafana; maven; micrometer-prometheus; prometheus; sample-app; spring-boot,Spring Boot Web Micrometer metrics sample project for Prometheus + Grafana
482839245,jomatt/spring-boot-multitenant-sample,https://github.com/jomatt/spring-boot-multitenant-sample,flag:name:sample,multi-tenancy; multi-tenant; spring-boot,Spring Boot multi-tenant sample app
479297978,croz-ltd/nrich-demo-backend,https://github.com/croz-ltd/nrich-demo-backend,flag:name:demo,croz; java; jpa; nrich; spring-boot,Spring Boot application to showcase features of nrich libraries.
481277629,DNA-Evolutions/Java-REST-Client-Examples,https://github.com/DNA-Evolutions/Java-REST-Client-Examples,flag:name:example; flag:name:examples,dna; dna-evolutions; docker; genetic-algorithm; geocoding; georouter; java; jopt; openapi; rest-api; rest-client; restful; simulated-annealing; spring; spring-boot; swagger; traveling; tsp; vrp; vrptw,Examples for using DNA-Evolutions RESTful products
481224812,beemi/spring-boot-mongodb-example,https://github.com/beemi/spring-boot-mongodb-example,flag:name:example,crud-application; mongodb; rest-api; spring-boot; swagger; swagger-ui,Spring boot service with mongoDB CRUD example
487741356,sivaprasadreddy/sivalabs-youtube-code-samples,https://github.com/sivaprasadreddy/sivalabs-youtube-code-samples,flag:name:sample; flag:name:samples; flag:description:tutorial,java; spring-boot; video-tutorials; youtube,Sample code for my YouTube video tutorials
489647435,ReLive27/spring-security-sample,https://github.com/ReLive27/spring-security-sample,flag:name:sample,acl; authentication; authorization; cas; java; ldap-authentication; mfa; openpolicyagent; saml2; spring; spring-boot; spring-security; spring-security-5,This module contains articles about Spring Security
488465984,babudevandla/demo_bank_service,https://github.com/babudevandla/demo_bank_service,flag:name:demo,apiintegration; bank-management-system; banking-api; banking-applications; java; java-8; rest-api; restful-api; sample-project; spring-boot; spring-security; swagger-api; swagger-documentation; swagger-specification,demo_bank_service
486887525,ImanNazirah/demo,https://github.com/ImanNazirah/demo,flag:name:demo,java; spring-boot,Simple Restful Api Spring Boot Java.
489033021,gh-support-archive/sample-lorem,https://github.com/gh-support-archive/sample-lorem,flag:name:sample,kafka; liquibase; maven-multi-module; microservices-architecture; postgresql-database; sample-app; spring-boot,loripsum.net  text analyzer service.
492540232,abchau/architecture-by-examples,https://github.com/abchau/architecture-by-examples,flag:name:example; flag:name:examples,architecture; ddd-architecture; hexagonal-architecture; java; layered-architecture; spring; spring-boot,
487291793,dshong953/spring-boot-demo,https://github.com/dshong953/spring-boot-demo,flag:name:demo,gradle; java; jsp; mariadb; spring-boot; springboot,Very simple example for Spring Boot + Gradle + MariaDB
490513261,ycrao/spring-tutorials,https://github.com/ycrao/spring-tutorials,flag:name:tutorial; flag:description:tutorial,newest-stable-spring-version; spring-boot; spring-mvc; spring-tutorials,Spring tutorials/Spring 集成大全
498617242,Alberto-00/Kryptoauth-NFT,https://github.com/Alberto-00/Kryptoauth-NFT,flag:description:course,blockchain; dapp; ethereum; ethereum-blockchain; ethereum-dapp; ganache; metamask; metamask-extension; metamask-integration; nft; nft-marketplace; solidity; spring-boot; spring-mvc; thymeleaf; truffle; truffle-development; web3; web3j; web3js,🎓 Web DApp for secure purchases in NFT. A project for my Bachelor's Degree in Computer Science and Data Security course at University of Salerno. 
501287503,DNA-Evolutions/C-Sharp-REST-Client-Examples,https://github.com/DNA-Evolutions/C-Sharp-REST-Client-Examples,flag:name:example; flag:name:examples; flag:description:how to,csharp; dna-evolutions; docker; genetic-algorithm; jopt; jopt-touroptimizer; microservices; optimization; rest-api; simulated-annealing; spring-boot; swagger; tour-optimizer; travelling-salesman-problem; tsp; vrp; vrptw; webflux,This repository is part of our JOpt-REST-Suite. It provides examples of how to set up a REST client in C# to access DNA Evolution's web services.
498083671,Samsonenko-Stanislav/Dental_clinic_coursework,https://github.com/Samsonenko-Stanislav/Dental_clinic_coursework,flag:name:course,bootstrap; docker; docker-compose; hibernate; html5; java; javascript; maven; postgresql; react; rest-api; spring; spring-boot; spring-mvc; spring-security; thymeleaf,"Курсовая работа по дисциплине ""Разработка клиент-серверных приложений"" в РТУ МИРЭА 6 семестр ""Стоматологическая клиника"""
494562771,OKaluzny/demoWithTests,https://github.com/OKaluzny/demoWithTests,flag:name:demo,aop-aspects; docker; docker-compose; flyway; java17; junit5; mapstruct; maven; postgresql; rest-api; spring-boot; spring-data-jpa; spring-security; springboot4; sql,Employee management system for hillel students 
499831356,s-lindenau/SoapContentTypeDemo,https://github.com/s-lindenau/SoapContentTypeDemo,flag:name:demo; flag:description:how to,apache-cxf; cxf; java; jax-ws; jaxws; soap; soap-client; soap-server; soap-web-services; soap-webservice; spring; spring-boot,A Java SOAP server and client to demonstrate how to rewrite the content type header in code and deal with UnsupportedMediaException
501669920,andrii-minchekov/graph-db-demo,https://github.com/andrii-minchekov/graph-db-demo,flag:name:demo; flag:description:how to,spring-boot; spring-data-neo4j,This repository demonstrates how to work with graph models and modelize graph data structures using the Spring Data Neo4j framework
503300175,bojanzdelar/learning-management-system-shared-library,https://github.com/bojanzdelar/learning-management-system-shared-library,flag:name:learning,java; learning-management-system; restful; shared-library; spring-boot,Shared library for Spring Boot RESTful microservices in Learning Management System
509719074,shinde-chandrakant/University-Courses-and-Applicant-Management,https://github.com/shinde-chandrakant/University-Courses-and-Applicant-Management,flag:name:course; flag:description:course,api-documentation; hibernate; java-8; junit; logger; mockito; mysql; spring-boot; swagger,"Web Application for managing university courses and applicants, allowing users to search for programs, apply online, and manage course offerings. Utilized technologies such as Spring Boot, Swagger API documentation, JUnit tests, Mockito tests, Hibernate, and MySQL"
507053566,gh-support-archive/sample-netflix-oss-usage,https://github.com/gh-support-archive/sample-netflix-oss-usage,flag:name:sample,cloud-design-pattern; fault-tolerance; legacy; maven-multi-module; microservices-architecture; mongodb; mysql; service-discovery; spring-boot; spring-cloud; zipkin,"Microservice architecture with Spring Boot, Eureka, Hystrix, Config Server, minikube and Docker."
509473353,manumura/demo-spring-grpc-client,https://github.com/manumura/demo-spring-grpc-client,flag:name:demo,grpc; postgresql; spring; spring-boot; webflux,Spring Boot gRPC demo project
507030479,litsynp/spring-cloud-demo,https://github.com/litsynp/spring-cloud-demo,flag:name:demo,eureka; microservice; spring-boot; spring-cloud; spring-cloud-circuitbreaker; spring-cloud-loadbalancer; spring-cloud-openfeign,Learn the basics of microservices with Spring Cloud.
506420054,scalasm/microservices-java-kafka,https://github.com/scalasm/microservices-java-kafka,flag:description:course; flag:description:how to,java; kafka; learning; microservices; spring-boot,Project work for the course Learn how to create microservices that are based on CQRS & Event Sourcing. Powered by Spring Boot and Apache Kafka.
505085166,cheryalabalram/spring-boot-demo-h2-performance-inserts,https://github.com/cheryalabalram/spring-boot-demo-h2-performance-inserts,flag:name:demo,performance; persistable; spring-boot; spring3; springbatch,This project uses the spring boot v3.2.2 with Persistable interaface implementation
508999438,manumura/demo-spring-reactive-postgres,https://github.com/manumura/demo-spring-reactive-postgres,flag:name:demo,grpc; postgresql; spring; spring-boot; webflux,Spring Boot gRPC demo project
513372529,ZaTribune/springboot-ddd-demo,https://github.com/ZaTribune/springboot-ddd-demo,flag:name:demo,ddd-architecture; domain-driven-design; domain-driven-development; spring-boot,A demo project to demonstrate the concept of DDD [Domain Driven Design/Development] applied to a Spring boot Application.
514091236,QiaochunStudio/spring-boot-anyDemo,https://github.com/QiaochunStudio/spring-boot-anyDemo,flag:name:demo,druid; feign; gateway; generator; hystrix; java; log; mybatis-plus; oauth2; redis; rocketmq; seata; sentinel; spring; spring-boot; spring-cloud; spring-security; websocket,Springboot、SpingCloud、Nacos等等各种Java技术和运维技术Demo
510893939,carlosggz/MicroservicesDemoSpringV2,https://github.com/carlosggz/MicroservicesDemoSpringV2,flag:name:demo,microservices-architecture; spring-boot; spring-cloud,Microservices Architecture Demo using Spring Boot
514853781,qingweico/web-tech-learning,https://github.com/qingweico/web-tech-learning,flag:name:learning,elasticsearch; java; spring; spring-boot,一个关于 Java 各种框架学习案例的仓库，包含 Spring 全家桶，ElasticSearch等等；案例来自极客时间专栏，B站，慕课网等等平台
514001286,theryanwatson/demo-spring-web-service,https://github.com/theryanwatson/demo-spring-web-service,flag:name:demo,demo; java; pragmatic-rest; rest; rest-api; spring; spring-boot; spring-mvc; thymeleaf,Pragmatic RESTful Web Application
516956639,hariom454/openapi-demo,https://github.com/hariom454/openapi-demo,flag:name:demo,api-documentation; java; openapi; openapi-specification; spring-boot; springboot; swagger,Demo project for openapi specification using spring boot.
515326439,jubafourali/clean-architecture-demo,https://github.com/jubafourali/clean-architecture-demo,flag:name:demo,clean-architecture; clean-code; java; open-source; spring; spring-boot,A short practical demo of Clean Architecture principles in a Spring Boot App
509897911,jeftegoes/apache-kafka-overview-examples-commands,https://github.com/jeftegoes/apache-kafka-overview-examples-commands,flag:name:example; flag:name:examples,java; kafka; kafka-connect; kafka-consumer; kafka-producer; kafka-streams; spring-boot,Apache Kafka overview and commands.
513195428,xgonzalezmur/demo-microservices,https://github.com/xgonzalezmur/demo-microservices,flag:name:demo,docker; eureka-service-discovery; microservices; postgresql; spring-boot,Contains microservices that handle voting on different programming languages and then persisting the information in a database. These applications are SpringBoot-based and packed inside a Docker container.
510963203,jeftegoes/java-jpa-overview-and-examples,https://github.com/jeftegoes/java-jpa-overview-and-examples,flag:name:example; flag:name:examples,entitymanager; java; jpa; jpa-hibernate; spring-boot,
517429401,paulmeddaugh/thoughtweb,https://github.com/paulmeddaugh/thoughtweb,flag:description:course,axios; bootstrap-react; graphs; mobile-website; react; rest-api; spring-boot; spring-data-jpa,An online journal and note arranger that provides connections to overview one’s course of thoughts.
511728296,jeftegoes/HexagonalArchitectureOverviewAndExamples,https://github.com/jeftegoes/HexagonalArchitectureOverviewAndExamples,flag:name:example; flag:name:examples,alistair-cockburn; hexagonal-architecture; java; spring-boot,
512243951,kamil20020/Technologie-programistyczne_Praca-Inzynierska_12-2022,https://github.com/kamil20020/Technologie-programistyczne_Praca-Inzynierska_12-2022,flag:description:tutorial,azure; docker; docker-compose; java; keycloak; mongodb; mui; postgresql; react; redux; redux-toolkit; spring; spring-boot,"Simple wikipedia-like web app focused on programming technologies. Users can create own articles about different technologies e.g. tutorials. These articles will be seen by other users only after the acceptation done by specific reviewer. In case of rejection, user can see why his article was refected"
512237612,da0hn/yet-another-repo-to-decouple-dependencies,https://github.com/da0hn/yet-another-repo-to-decouple-dependencies,flag:description:course,docker; docker-compose; java; mongodb; open-feign; solid; spring-boot,Repository to practice decoupling dependencies based on Udemy course `Desacoplamento de módulos com Spring Boot`
510268462,gh-support-archive/sample-booking-demand-api-etl,https://github.com/gh-support-archive/sample-booking-demand-api-etl,flag:name:sample,amqp; graphql-server; kubernetes; maven-multi-module; microservices-architecture; rabbitmq; rest-api; spring-boot; swagger-ui,"Sample Spring Boot application that uses some features provided by Spring Cloud, deployed on Kubernetes."
522119542,sivaprasadreddy/testcontainers-samples,https://github.com/sivaprasadreddy/testcontainers-samples,flag:name:sample; flag:name:samples,java; micronaut; quarkus; spring-boot; testcontainers,Sample projects using Testcontainers for Java
524548388,sivaprasadreddy/spring-boot-jooq-demo,https://github.com/sivaprasadreddy/spring-boot-jooq-demo,flag:name:demo; flag:description:how to,gradle; jooq; jooq-codegen; maven; spring-boot; testcontainers,SpringBoot + JOOQ Demo application demonstrating code generation using Testcontainers with Maven/Gradle and how to load associations
518361823,nil1729/spring-react-demo,https://github.com/nil1729/spring-react-demo,flag:name:demo,cors; docker; docker-compose; github-actions; postgresql; react; spring-boot; spring-rest-api,A simple demo full stack application using React and Spring Boot
524527054,ZaTribune/spring-security-demo,https://github.com/ZaTribune/spring-security-demo,flag:name:demo; flag:description:how to,account-service; java; maven; role-based-access-control; role-based-authorization; spring-boot; spring-security,"Master the Spring Security module, learn the basics of user authentication and authorization, know how to register security events, and get acquainted with various requirements, such as modern information security standards for web applications."
527853419,temporalio/spring-boot-demo,https://github.com/temporalio/spring-boot-demo,flag:name:demo,durable-execution; java; spring-boot; temporal,Sample application demonstrating Temporal JavaSDK Spring Boot integration
534464739,oktadev/auth0-micro-frontends-jhipster-example,https://github.com/oktadev/auth0-micro-frontends-jhipster-example,flag:name:example,consul; java; microfrontends; microservices; module-federation; spring-boot,Micro Frontends for Java Microservices
529022396,gthaka/demo-springboot,https://github.com/gthaka/demo-springboot,flag:name:demo,java; spring-boot; unlearning,"Unlearning Java, with Spring boot. AmigosCode https://youtu.be/9SGDpanrc8U"
532608194,nicolastmaia/csrs,https://github.com/nicolastmaia/csrs,flag:description:course,docker; elasticsearch; java; kibana; logstash; postgresql; recommender-system; spring-boot,"This was my final graduation project for my university course in Information Systems. It's a Recommender System for georreferenced content for another project called CidadeSocial, developed by professors and students from UFRRJ and UFRJ."
533603548,rishabhsairawat/resilience4j-demo,https://github.com/rishabhsairawat/resilience4j-demo,flag:name:demo,bulkhead; circuit-breaker; fault-tolerance; resilience4j; spring-boot,
532659795,MartinStefanov20/learnCrypto,https://github.com/MartinStefanov20/learnCrypto,flag:description:course,education; h2; java; spring-boot; thymeleaf,"Crypto-basics learning platform with courses, quizzes and live market data. Java 21 / Spring Boot 3 + Thymeleaf."
526858836,42talents/blog-verify-database-content-from-a-karate-test,https://github.com/42talents/blog-verify-database-content-from-a-karate-test,flag:description:how to,atdd; karate-framework; spring-boot; testcontainers,Read this blog post to learn how to validate the database content direct from a karate test.
541427664,terry960302/sample-spring-webflux-pattern,https://github.com/terry960302/sample-spring-webflux-pattern,flag:name:sample,cloud-storage; coroutine; docker; gcp; gradle; hexagonal-architecture; image-upload; kotlin; mockk; multistage-build; oop; postgresql; r2dbc; spring; spring-boot; spring-webflux; webflux; webflux-security,"(Kotlin, Postgresql, Webflux, Springboot, Coroutine etc...) 저처럼 인터넷 휘젓고 다니지 말고 webflux 패턴으로 spring으로 시작하시려는 분에게 도움을 주고자 만들었습니다."
541957283,TatuLund/hilla-demo,https://github.com/TatuLund/hilla-demo,flag:name:demo,fullstack; hilla; integration-testing; java; lit-element; lit-html; mobx; spring-boot; spring-boot-2; testing; typescript; vaadin; webapp,Application demoing some realistic use cases with Hilla framework
537501970,apache/casbin-jcasbin-spring-boot-example,https://github.com/apache/casbin-jcasbin-spring-boot-example,flag:name:example,abac; acl; auth; casbin; example; java; jcasbin; rbac; spring; spring-boot; springboot; starter,Example for casbin-spring-boot-starter
543839699,biojuampa/OpenBootcamp,https://github.com/biojuampa/OpenBootcamp,flag:description:bootcamp,css3; django; ejercicios; estudios; html5; java; javascript; ob; openbootcamp; python; spring-boot,Resolución de los ejercicios propuestos en los cursos de Open Bootcamp.
543985882,arsy786/spring-security-tutorials,https://github.com/arsy786/spring-security-tutorials,flag:name:tutorial,2022; java; roadmap; spring-boot,This repository serves as a comprehensive guide covering Spring Security for mastering the Spring Boot roadmap.
536032547,ToQuery/example-spring-sharding-sphere,https://github.com/ToQuery/example-spring-sharding-sphere,flag:name:example,shardingsphere; shardingsphere-jdbc; spring-boot; spring-boot-jpa,Spring Boot Jpa 读写分离、分库分表最佳实践
543993862,Ashar88/My_Classroom,https://github.com/Ashar88/My_Classroom,flag:description:course,database; insomnia-rest; java; mysql; react-router; reactjs; spring-boot,"Our Project for Database Course. Here we'll be using React, Java Springboot and Relational Database. @MuhammadUmerHussain"
541491725,fyhkimyon/MailDemo,https://github.com/fyhkimyon/MailDemo,flag:name:demo,mail; spring-boot,📧一个基于SpringBoot的邮件发送Demo
537198048,oakrizan/ui-tests-demo,https://github.com/oakrizan/ui-tests-demo,flag:name:demo,allure; gradle; junit5; kotlin; selenide; spotless; spring-boot; ui-testing,Demo project for UI tests
555581837,piomin/sample-spring-kafka-transactions,https://github.com/piomin/sample-spring-kafka-transactions,flag:name:sample,kafka; kafka-producer; kafka-transactions; spring-boot; spring-data-jpa; spring-kafka; spring-transaction,Spring Boot demo apps for testing Kafka transactions with other resources like database
546776454,spring-projects/spring-graphql-examples,https://github.com/spring-projects/spring-graphql-examples,flag:name:example; flag:name:examples,graphql; spring; spring-boot; spring-graphql,Spring for GraphQL Examples
549671922,arsy786/prerequisites-and-extra-tutorials,https://github.com/arsy786/prerequisites-and-extra-tutorials,flag:name:tutorial,2022; guide; java; spring-boot,This repository serves as a comprehensive guide covering prerequisites and complementary skills for mastering the Spring Boot roadmap.
545058928,brankomilovanovic/Learning-Management-System,https://github.com/brankomilovanovic/Learning-Management-System,flag:name:learning,angular; java; mysql; portfolio; spring-boot,Learning Management System for the university and forum university :: [Angular + Spring Boot + MySQL]
554770155,kostasmr/Courses-Management-Web-App,https://github.com/kostasmr/Courses-Management-Web-App,flag:name:course; flag:description:course,java; mysql; spring-boot,"A web app that you can sign up as user and you can handle your courses,students of each course and grades of each student."
556765241,EnduranceCode/microservices-playground,https://github.com/EnduranceCode/microservices-playground,flag:description:tutorial; flag:description:course,api; api-rest; java; microservices; spring; spring-boot,A collection of code and exercises developed while studying microservices architecture through courses and tutorials
550134516,cai-zl/assembly-demo,https://github.com/cai-zl/assembly-demo,flag:name:demo,java; maven; spring-boot,spring-boot使用maven-assembly插件打zip包示例，lib、resources与自身程序目录分类，方便运维。
548860533,yusufugurozbek/testcontainers-demo,https://github.com/yusufugurozbek/testcontainers-demo,flag:name:demo,intellij; intellij-idea; intellij-plugin; intellij-plugins; spring-boot; testcontainers; testcontainers-demo; testcontainers-java; testcontainers-port-updater; testcontainers-postgresql,"This is a basic RESTful Web service with Spring Boot for the ""Stop Emulating/Mocking, Get Started with Testcontainers"" talk."
551926087,TatuLund/uiunittest-demo,https://github.com/TatuLund/uiunittest-demo,flag:name:demo,integration-testing; java; spring-boot; testbench; testing; unit-testing; vaadin; vaadin23,Demo app of UI unit test with Vaadin 25 and Spring Boot 4
549507851,kgggh/java-spring-learning,https://github.com/kgggh/java-spring-learning,flag:name:learning,bucket-algorithm; docker-compose; event; java; kafka; modulith; open-feign; redis; spring; spring-boot; tdd; wiremock,"자바, 스프링 모듈 및 라이브러리 학습용도"
558274787,in28minutes/master-spring-and-spring-boot,https://github.com/in28minutes/master-spring-and-spring-boot,flag:description:tutorial,aws; docker; java; spring; spring-boot; spring-security,Spring and Spring Boot Tutorial For Absolute Beginners - 10-in-1 - Spring to Spring Boot to REST API to Full Stack to Containers to Cloud
566792409,Ken-Chy129/student-course-choosing,https://github.com/Ken-Chy129/student-course-choosing,flag:name:course,course-selection; high-concurrency; java; rabbitmq; redis; spring-boot,基于 Spring Boot + Redis + RabbitMQ 的高并发学生选课系统，支持选退课、课程管理、实时消息通知
562332437,arsy786/spring-boot-tutorials,https://github.com/arsy786/spring-boot-tutorials,flag:name:tutorial,2022; java; roadmap; spring-boot,This repository serves as a comprehensive guide covering Spring Boot for mastering the Spring Boot roadmap.
562332564,arsy786/spring-framework-tutorials,https://github.com/arsy786/spring-framework-tutorials,flag:name:tutorial,2022; guide; java; spring-boot,This repository serves as a comprehensive guide covering the Spring framework for mastering the Spring Boot roadmap.
560942118,da0hn/food-ordering-system,https://github.com/da0hn/food-ordering-system,flag:description:course,clean-architecture; ddd; docker; java; kafka; maven; microservices; modules; postgresql; saga-pattern; spring-boot,"Repository of course on Udemy `Microservices: Clean Architecture, DDD, SAGA, Outbox & Kafka`"
562033878,Bhaskar1312/spring-jpa-h2-swagger-demo,https://github.com/Bhaskar1312/spring-jpa-h2-swagger-demo,flag:name:demo,h2; spring; spring-boot; spring-jpa; swagger,
559700840,erebelo/spring-mongodb-demo,https://github.com/erebelo/spring-mongodb-demo,flag:name:demo,java; junit; mockito; mongodb; spring-boot,Java REST API project using Spring Boot 3 and MongoDB.
565560173,MikhailOk-creator/MusSpring-backend,https://github.com/MikhailOk-creator/MusSpring-backend,flag:description:course,docker; java; jwt; postgresql; spring-boot; spring-security,"Course Work in the discipline ""Development Of Server Parts Of Internet Resources"" from RTU MIREA."
563027692,Adriano1976/cloud-parking-aju,https://github.com/Adriano1976/cloud-parking-aju,flag:description:bootcamp,java; spring; spring-boot,"Esse projeto foi o resultado do desafio final do Bootcamp Québec Java Digital realizado pela Digital Innovation, tendo como objetivo final em realizar o Deploy na Nuvem de um Conjunto de API’s Desenvolvida em Spring no Heroku. "
563692281,rafeed035/WC-Team-Info-Demo,https://github.com/rafeed035/WC-Team-Info-Demo,flag:name:demo,java; jwt-authentication; postgresql; restful-api; spring-boot; spring-security,"This is a project that will store the T20 World Cup participating countries, the teams and the players. In this project RESTful services are implemented using Spring Boot. For security, Spring Security and JWT authentication is implemented. PostgreSQL is used as the database."
572644886,muhammedsedef/Kafka-Example,https://github.com/muhammedsedef/Kafka-Example,flag:name:example,couchbase; docker; kafka; kafka-ui; postgresql; spring-boot; wiremock; zookeeper,Kafka Example 
575569511,spring-guides/gs-graphql-server,https://github.com/spring-guides/gs-graphql-server,flag:description:how to,graphql; spring-boot,Building a GraphQL service :: Learn how to build a GraphQL service with Spring for GraphQL.
575670162,1506085843/grpc-spring-boot-demo,https://github.com/1506085843/grpc-spring-boot-demo,flag:name:demo,grpc; java; spring-boot,使用spring-boot来实现grpc的简单示例
575301220,AlessandroS94/corso_21122022,https://github.com/AlessandroS94/corso_21122022,flag:description:course,java; jee; servlet-jsp; spring-boot; spring-data-jpa; spring-mvc; spring-security; springframework,Short Course JEE 8 Spring Boot 3 and same example with Spring Boot 2
574004473,isaackimdev/spring-boot-examples,https://github.com/isaackimdev/spring-boot-examples,flag:name:example; flag:name:examples,board; examepls; example; h2; java; jpa; jwt; mybatis; security; spring; spring-boot; spring-data-jpa; swagger; thymeleaf,Spring Boot Examples
572051697,qfmx/ddd-springboot-leave-example,https://github.com/qfmx/ddd-springboot-leave-example,flag:name:example,ddd; java; spring-boot,基于DDD架构的请假审批示例
568380028,Ionut-source/admin-db,https://github.com/Ionut-source/admin-db,flag:description:course,annotations; hibernate; html; java-8; mysql-database; spring-boot; spring-data-jpa; spring-mvc; spring-security; thymeleaf-template-engine,"I created a user who can be admin and he has access to all resources: courses, trainers, students, or a user can be just a trainer or just a student."
576002311,onidino/springbootwebapp,https://github.com/onidino/springbootwebapp,flag:description:course,java; mysql; rest-api; spring-boot; springboot-jpa,First Spring boot web app for the in28minutes course.
575080543,praveen1664/Information-Center,https://github.com/praveen1664/Information-Center,flag:description:workshop,java; java8; microservice; spring; spring-boot,This is a Java Project for Spring Architectural Workshops
575590444,cip-p/spring-boot-example,https://github.com/cip-p/spring-boot-example,flag:name:example,api-rest; assertj; cucumber; docker; h2-database; java; junit5; lombok; maven; openapi; spring; spring-boot; spring-security; swagger-ui; wiremock,Spring boot example for creating a CRUD Rest API using in memory H2 database.
567836993,lh39/liquibase-maven-demo,https://github.com/lh39/liquibase-maven-demo,flag:name:demo,demo; example; java; liquibase; liquibase-changelog; maven; maven-plugin-example; spring-boot,Example project to demonstrate usage of liqubase-maven-plugin to generate automated database changelogs (in combination with spring-boot)
571005378,ParaskevasLysikatos/Angular-SpringBoot-demo,https://github.com/ParaskevasLysikatos/Angular-SpringBoot-demo,flag:name:demo,angular2; spring-boot,A demo Angular-SpringBoot webapp to manage companies-employees
568465781,wingstako/spring-mail-freemarker-example,https://github.com/wingstako/spring-mail-freemarker-example,flag:name:example,freemarker; smtp; spring-boot; spring-mail,Examples of using Spring Mail with FreeMarker
